species,growth_stage,pot_size_l,plant_age_days,soil_type,soil_moisture_pct,hours_since_last_watering,temperature_c,humidity_pct,rainfall_probability_pct,rainfall_mm,sunlight_hours,hours_until_watering,action
Potato,seedling,10.6,63,clay,79.0,57.6,16.7,40.6,2.7,5.5,9.4,104.0,no_watering
Potato,seedling,22.3,1,loam,64.2,52.3,24.2,74.1,72.5,17.5,6.2,168.0,no_watering
Pepper,vegetative,7.4,121,loam,58.3,19.4,31.0,32.2,65.7,13.4,5.8,14.0,water_later
Pepper,seedling,11.1,99,clay,72.5,60.8,32.4,68.3,69.6,24.6,10.6,168.0,no_watering
Tomato,seedling,14.1,140,clay,58.1,153.4,23.6,83.4,58.3,15.2,3.6,168.0,no_watering
Potato,vegetative,13.6,115,clay,71.2,32.6,18.5,94.3,5.0,20.5,8.4,40.0,water_later
Pepper,fruiting,7.9,132,clay,55.5,20.0,19.4,91.0,57.9,3.6,10.8,12.0,water_now
Tomato,flowering,20.0,14,sandy,99.8,0.1,23.1,65.8,4.2,2.7,5.6,60.0,no_watering
Tomato,fruiting,17.5,2,clay,51.3,26.2,22.3,66.7,64.9,17.0,6.7,168.0,no_watering
Pepper,flowering,6.2,114,loam,91.9,2.2,24.1,56.8,45.7,2.7,11.5,14.0,water_later
Pepper,vegetative,6.7,73,sandy,69.5,7.2,31.0,62.8,10.1,9.1,9.8,10.0,water_now
Pepper,vegetative,5.6,80,sandy,66.6,16.0,33.4,91.3,11.3,16.5,2.9,29.0,water_later
Tomato,flowering,16.4,47,clay,84.1,11.7,26.5,92.5,89.6,16.2,11.3,85.0,no_watering
Potato,fruiting,12.7,106,sandy,50.0,51.6,15.8,48.7,5.3,1.7,7.9,10.0,water_now
Pepper,seedling,10.7,37,clay,82.0,34.8,20.8,59.0,42.6,10.2,7.4,168.0,no_watering
Tomato,fruiting,13.7,60,clay,77.5,45.3,22.8,85.5,30.5,21.5,2.5,168.0,no_watering
Tomato,vegetative,16.6,129,sandy,91.8,5.1,17.7,37.8,49.5,1.3,6.6,34.0,water_later
Tomato,seedling,22.8,25,loam,48.9,50.6,31.1,36.6,0.2,9.8,6.9,38.0,water_later
Pepper,flowering,9.7,33,sandy,81.7,6.8,35.1,94.7,5.3,18.4,7.6,13.0,water_later
Potato,flowering,11.3,28,clay,45.2,53.5,21.9,60.2,53.6,16.9,10.5,13.0,water_later
Pepper,seedling,15.4,78,clay,40.3,168.0,27.0,65.5,84.1,5.1,2.4,168.0,no_watering
Pepper,vegetative,7.9,93,sandy,95.4,5.1,17.7,70.2,50.7,2.5,6.6,36.0,water_later
Tomato,flowering,10.1,105,loam,53.5,27.3,21.6,29.8,55.1,24.7,4.4,15.0,water_later
Potato,seedling,24.7,16,loam,92.1,39.1,21.4,90.2,49.8,6.8,3.0,168.0,no_watering
Tomato,flowering,11.3,64,sandy,93.8,3.7,27.1,43.5,24.9,0.1,6.9,14.0,water_later
Tomato,flowering,10.6,82,clay,42.3,33.5,23.4,74.4,75.1,14.6,7.6,121.0,no_watering
Pepper,vegetative,5.5,38,loam,37.6,43.2,22.7,90.3,9.3,19.5,11.7,8.0,water_now
Pepper,vegetative,15.2,110,loam,46.5,65.4,20.0,36.4,29.9,23.3,10.0,9.0,water_now
Potato,vegetative,15.9,137,sandy,90.8,4.1,25.4,32.6,31.5,20.5,10.7,14.0,water_later
Tomato,vegetative,8.4,76,loam,97.8,1.4,18.7,48.0,61.2,21.1,10.6,83.0,no_watering
Tomato,seedling,22.0,109,clay,37.5,100.8,20.0,65.6,28.2,15.2,11.8,12.0,water_now
Tomato,fruiting,22.4,141,clay,68.8,17.5,18.6,28.1,66.3,4.9,6.4,58.0,no_watering
Tomato,flowering,18.0,60,clay,68.0,14.5,27.6,33.7,26.6,3.2,11.0,15.0,water_later
Potato,fruiting,24.9,32,sandy,70.6,18.0,27.3,68.1,70.7,15.2,5.0,129.0,no_watering
Pepper,fruiting,9.9,43,sandy,86.7,2.6,19.5,58.1,59.7,15.5,11.0,11.0,water_now
Tomato,flowering,11.6,133,sandy,65.9,18.4,18.8,26.7,51.8,18.0,4.4,35.0,water_later
Pepper,fruiting,7.7,33,sandy,85.1,2.2,28.8,25.4,72.4,17.4,9.5,11.0,water_now
Tomato,vegetative,22.7,142,clay,69.5,29.9,17.3,34.3,80.2,15.3,6.6,168.0,no_watering
Potato,fruiting,28.3,126,loam,65.9,16.4,21.3,87.8,25.0,19.4,9.4,15.0,water_later
Potato,vegetative,16.0,23,clay,55.8,121.5,13.3,45.0,34.5,3.8,4.7,168.0,no_watering
Tomato,fruiting,14.5,3,clay,62.3,24.3,25.3,54.1,79.3,14.4,4.1,168.0,no_watering
Tomato,flowering,12.8,90,clay,70.0,16.1,22.4,87.4,19.8,5.5,10.4,21.0,water_later
Pepper,seedling,9.3,80,sandy,89.6,6.9,29.0,80.9,81.6,14.8,9.2,168.0,no_watering
Tomato,seedling,18.3,51,sandy,59.6,95.0,17.6,57.3,79.2,7.0,2.5,168.0,no_watering
Pepper,flowering,14.2,117,sandy,96.9,1.7,24.9,77.4,58.7,18.9,2.5,168.0,no_watering
Tomato,seedling,17.9,115,loam,96.6,8.1,19.5,58.1,15.1,15.2,3.1,168.0,no_watering
Potato,seedling,27.1,143,clay,95.4,9.0,14.8,46.8,35.7,17.9,7.8,168.0,no_watering
Potato,vegetative,12.2,52,clay,42.9,37.5,25.1,84.5,38.6,9.3,8.0,13.0,water_later
Potato,flowering,10.3,65,loam,58.5,21.4,19.1,59.3,66.0,24.1,6.3,81.0,no_watering
Potato,fruiting,20.2,68,sandy,51.0,31.6,26.0,66.5,67.5,14.2,5.2,33.0,water_later
Pepper,flowering,5.3,89,loam,86.9,7.5,32.9,37.7,79.2,13.9,4.1,58.0,no_watering
Tomato,seedling,11.9,119,clay,65.9,93.5,22.7,63.9,8.4,5.5,4.4,168.0,no_watering
Tomato,flowering,18.6,105,clay,99.8,0.2,22.0,63.7,24.4,6.3,5.4,110.0,no_watering
Potato,vegetative,16.9,108,clay,47.5,40.1,24.6,91.6,87.9,13.1,8.9,14.0,water_later
Tomato,vegetative,12.7,83,sandy,43.2,20.4,21.9,46.2,62.8,3.2,9.1,8.0,water_now
Pepper,seedling,14.6,129,sandy,47.0,78.8,27.1,57.9,10.3,1.6,6.4,13.0,water_later
Tomato,seedling,10.4,91,clay,51.1,115.3,30.4,91.4,71.2,5.6,2.9,168.0,no_watering
Pepper,fruiting,15.0,111,sandy,72.0,8.4,21.2,66.2,85.3,5.2,6.3,13.0,water_later
Pepper,seedling,6.7,5,clay,64.3,62.5,18.7,30.3,25.9,7.1,2.0,168.0,no_watering
Pepper,seedling,12.6,82,sandy,78.0,16.8,34.4,80.1,58.3,22.7,8.3,17.0,water_later
Tomato,seedling,9.0,103,loam,94.9,7.9,30.1,66.7,63.0,23.6,10.2,61.0,no_watering
Potato,fruiting,19.6,144,sandy,74.2,18.5,22.2,87.3,75.2,14.4,9.3,12.0,water_now
Potato,flowering,22.7,88,loam,63.7,28.4,25.0,37.3,57.1,12.3,7.2,37.0,water_later
Pepper,flowering,9.5,141,loam,61.8,36.7,21.7,32.3,73.2,13.8,3.6,168.0,no_watering
Tomato,flowering,12.0,81,sandy,88.6,3.3,17.2,79.1,37.2,4.7,10.6,12.0,water_now
Potato,fruiting,23.8,73,loam,95.3,2.2,24.9,39.2,2.6,15.8,7.5,36.0,water_later
Tomato,vegetative,13.0,18,sandy,89.7,9.1,15.3,53.6,74.9,12.5,4.2,168.0,no_watering
Pepper,flowering,9.6,76,sandy,44.4,16.9,25.1,58.1,79.1,21.6,6.6,13.0,water_later
Pepper,flowering,15.3,99,clay,54.4,34.8,25.7,82.4,77.9,11.2,4.8,129.0,no_watering
Pepper,flowering,11.1,58,clay,47.3,54.5,26.4,56.9,77.0,10.3,5.2,20.0,water_later
Potato,fruiting,25.5,6,sandy,88.3,3.9,25.8,52.0,45.2,14.8,8.6,61.0,no_watering
Tomato,fruiting,9.6,117,sandy,91.6,4.9,32.3,26.1,23.9,15.6,3.4,15.0,water_later
Potato,seedling,28.7,73,clay,55.6,84.4,26.5,85.2,48.7,15.4,5.8,168.0,no_watering
Potato,flowering,31.9,104,sandy,76.2,15.4,24.7,55.4,81.3,1.1,3.0,36.0,water_later
Tomato,flowering,13.7,12,sandy,79.3,13.5,23.2,42.1,78.4,15.5,6.1,168.0,no_watering
Pepper,vegetative,7.6,101,loam,93.4,2.7,28.4,57.2,14.2,11.0,8.7,32.0,water_later
Potato,flowering,24.1,16,loam,47.9,19.5,19.2,42.5,34.3,9.0,10.5,12.0,water_now
Potato,flowering,10.5,136,clay,91.2,8.4,26.1,52.7,67.1,20.8,2.1,168.0,no_watering
Pepper,vegetative,11.7,102,clay,79.1,15.2,22.4,69.6,12.3,2.4,8.2,55.0,no_watering
Potato,seedling,16.8,62,loam,40.9,98.3,19.5,65.6,18.1,19.7,9.3,13.0,water_later
Pepper,flowering,14.1,120,clay,87.4,8.5,20.4,82.7,42.1,1.9,6.8,64.0,no_watering
Tomato,fruiting,23.5,55,clay,35.9,38.3,30.3,50.6,67.4,6.6,9.9,10.0,water_now
Potato,flowering,12.4,10,clay,71.5,22.4,16.0,26.8,74.1,22.7,10.8,168.0,no_watering
Potato,fruiting,12.6,21,sandy,42.5,16.0,12.8,27.6,40.8,16.8,12.0,8.0,water_now
Potato,fruiting,22.9,142,clay,89.2,8.6,24.4,87.0,2.9,9.3,8.5,56.0,no_watering
Pepper,vegetative,14.4,42,loam,98.6,2.4,17.1,73.0,87.1,23.7,7.4,168.0,no_watering
Pepper,seedling,12.3,118,sandy,86.1,21.1,28.5,66.8,18.5,20.7,2.2,168.0,no_watering
Tomato,vegetative,21.0,22,loam,73.7,15.1,19.4,79.2,11.7,6.3,9.9,56.0,no_watering
Tomato,seedling,10.1,111,loam,36.0,129.3,21.8,80.2,47.3,18.6,7.9,11.0,water_now
Pepper,flowering,10.6,69,clay,37.8,31.3,17.3,60.3,86.8,1.5,11.5,9.0,water_now
Pepper,fruiting,12.5,19,clay,40.3,96.4,25.3,88.7,56.2,14.6,2.7,168.0,no_watering
Pepper,fruiting,15.9,98,clay,41.4,48.0,26.1,56.8,79.0,13.8,8.1,9.0,water_now
Tomato,fruiting,15.2,47,sandy,62.0,16.8,19.3,48.7,22.9,23.8,6.5,12.0,water_now
Pepper,seedling,6.0,88,sandy,59.2,34.3,16.8,55.2,50.5,8.2,9.4,15.0,water_later
Pepper,flowering,14.6,53,loam,38.3,12.5,34.8,54.6,52.0,5.3,11.2,6.0,water_now
Pepper,vegetative,14.3,126,sandy,53.1,32.6,22.4,63.9,87.7,20.5,3.1,168.0,no_watering
Potato,seedling,23.4,53,loam,52.8,117.7,23.2,73.5,16.3,3.6,2.3,156.0,no_watering
Pepper,seedling,6.6,24,loam,49.0,49.7,28.3,27.1,28.0,8.1,9.5,31.0,water_later
Potato,seedling,29.4,73,loam,40.3,168.0,14.6,77.8,39.8,6.8,2.5,168.0,no_watering
Potato,seedling,17.6,59,loam,69.3,108.2,13.9,72.5,53.9,0.2,7.9,84.0,no_watering
Tomato,vegetative,20.2,105,sandy,63.0,22.4,20.5,33.4,45.0,20.8,7.0,17.0,water_later
Pepper,seedling,9.4,86,loam,40.1,68.3,30.6,55.5,63.9,10.4,6.6,13.0,water_later
Pepper,seedling,15.6,126,loam,79.8,63.1,18.6,91.3,21.9,14.7,6.6,109.0,no_watering
Tomato,fruiting,21.9,76,clay,40.0,37.6,29.2,40.5,81.5,8.7,9.8,8.0,water_now
Potato,vegetative,15.2,142,clay,84.4,28.6,14.5,38.8,56.5,11.6,8.0,104.0,no_watering
Potato,fruiting,25.0,66,clay,56.0,26.2,27.0,70.0,42.2,15.8,11.9,13.0,water_later
Pepper,seedling,8.9,129,loam,59.0,72.8,16.6,57.3,77.0,15.4,2.4,168.0,no_watering
Pepper,fruiting,11.4,48,clay,94.1,3.4,35.0,76.7,42.8,3.8,2.4,155.0,no_watering
Pepper,seedling,13.9,66,sandy,77.0,44.8,32.6,93.8,39.5,13.1,2.8,168.0,no_watering
Pepper,flowering,15.1,10,clay,38.4,31.7,23.1,79.2,8.5,17.0,8.8,13.0,water_later
Pepper,vegetative,8.7,20,clay,97.9,1.5,27.2,34.9,63.8,2.1,5.5,168.0,no_watering
Pepper,flowering,13.9,100,clay,79.6,17.9,29.1,83.0,45.8,0.5,9.4,31.0,water_later
Tomato,vegetative,13.5,16,loam,45.1,16.8,29.6,38.4,69.4,20.9,12.0,17.0,water_later
Potato,seedling,24.6,115,sandy,45.0,42.0,26.9,68.3,72.8,4.1,8.0,13.0,water_later
Tomato,fruiting,13.8,36,loam,83.9,8.2,28.7,92.9,86.9,19.6,8.1,36.0,water_later
Tomato,flowering,18.9,144,clay,85.6,7.1,25.8,55.8,73.5,20.0,9.7,103.0,no_watering
Pepper,seedling,12.1,114,sandy,90.0,16.9,33.4,63.8,24.6,22.6,3.0,168.0,no_watering
Pepper,seedling,15.4,56,sandy,36.7,104.2,19.7,56.6,34.8,2.0,5.5,12.0,water_now
Tomato,flowering,22.9,71,loam,43.9,16.1,30.9,70.5,74.8,19.0,9.9,16.0,water_later
Pepper,seedling,15.0,17,clay,96.1,14.1,15.4,40.1,25.9,7.5,3.5,168.0,no_watering
Tomato,fruiting,18.2,77,clay,67.5,26.2,26.8,29.4,21.8,3.6,10.4,13.0,water_later
Tomato,flowering,11.8,82,sandy,98.4,0.9,22.9,71.5,70.8,12.7,2.9,168.0,no_watering
Pepper,fruiting,5.5,110,sandy,58.2,10.6,23.1,51.1,56.5,19.3,9.5,11.0,water_now
Pepper,vegetative,5.5,72,loam,85.6,11.0,26.5,81.9,16.4,3.4,3.8,82.0,no_watering
Pepper,seedling,8.2,122,clay,95.7,9.3,15.9,39.0,42.6,0.9,2.4,168.0,no_watering
Tomato,flowering,13.7,60,loam,43.1,33.6,29.8,85.6,39.6,23.9,5.3,62.0,no_watering
Tomato,fruiting,19.1,90,loam,40.4,74.3,22.0,80.8,74.0,13.6,4.7,11.0,water_now
Tomato,seedling,13.2,7,loam,45.8,87.0,20.6,56.2,78.3,8.8,9.2,168.0,no_watering
Pepper,seedling,5.8,91,sandy,79.2,17.0,28.4,50.4,70.3,0.9,10.0,16.0,water_later
Tomato,flowering,13.8,114,loam,64.2,22.0,33.0,27.3,51.7,13.2,3.5,49.0,no_watering
Pepper,flowering,7.7,116,clay,60.2,56.2,17.4,76.5,63.4,5.4,7.0,36.0,water_later
Pepper,fruiting,7.2,145,sandy,81.4,7.1,17.9,30.2,88.8,16.7,3.7,38.0,water_later
Tomato,flowering,22.3,19,loam,76.5,6.9,31.2,74.8,18.1,3.5,11.3,17.0,water_later
Pepper,seedling,9.0,60,sandy,43.4,71.0,27.0,57.7,64.5,12.0,11.8,9.0,water_now
Pepper,seedling,6.4,117,sandy,68.6,28.0,21.7,30.2,57.6,4.5,6.7,60.0,no_watering
Pepper,seedling,14.1,141,sandy,95.8,7.8,25.9,46.3,80.5,21.1,3.6,168.0,no_watering
Tomato,flowering,10.0,99,clay,46.0,65.9,20.8,62.3,64.9,15.1,7.0,87.0,no_watering
Potato,seedling,28.2,86,clay,72.5,90.4,12.5,28.2,55.6,0.8,8.4,128.0,no_watering
Potato,flowering,24.1,9,loam,61.4,36.3,17.1,42.1,39.6,12.1,10.1,36.0,water_later
Pepper,vegetative,8.4,77,sandy,98.4,0.4,30.1,76.4,9.6,6.0,10.6,11.0,water_now
Pepper,fruiting,7.7,135,sandy,75.0,7.9,17.0,45.3,73.2,23.3,5.8,13.0,water_later
Pepper,vegetative,13.4,59,sandy,55.1,39.7,25.5,61.0,41.2,6.0,7.0,14.0,water_later
Pepper,seedling,5.6,17,clay,65.6,49.7,25.4,86.8,12.1,6.6,8.5,168.0,no_watering
Pepper,flowering,5.5,114,loam,53.8,30.3,16.1,64.3,25.2,24.7,5.6,40.0,water_later
Potato,seedling,12.8,30,loam,71.3,29.7,13.6,51.1,45.8,12.5,11.9,168.0,no_watering
Tomato,vegetative,19.4,92,sandy,93.1,5.3,30.3,61.4,14.6,24.8,3.5,38.0,water_later
Pepper,flowering,10.6,101,sandy,65.9,12.4,25.7,59.3,88.2,14.6,7.6,38.0,water_later
Potato,seedling,23.1,87,sandy,72.6,20.7,16.5,70.9,15.3,15.7,11.7,17.0,water_later
Pepper,vegetative,14.0,23,loam,47.4,42.3,20.1,65.1,62.1,10.3,9.0,15.0,water_later
Potato,fruiting,29.2,72,loam,48.5,38.0,24.5,29.4,33.9,23.9,3.4,24.0,water_later
Potato,flowering,22.0,29,loam,87.2,5.6,23.5,85.7,22.2,14.0,8.8,39.0,water_later
Pepper,flowering,12.8,19,clay,71.4,20.9,29.5,59.2,60.9,9.5,6.8,61.0,no_watering
Pepper,vegetative,8.2,32,loam,63.8,27.4,21.0,75.0,74.5,6.8,5.5,168.0,no_watering
Potato,flowering,13.0,35,clay,78.5,29.6,22.5,66.1,9.0,8.3,4.4,135.0,no_watering
Tomato,vegetative,8.1,30,loam,95.8,3.3,25.5,90.0,86.8,8.0,6.1,168.0,no_watering
Tomato,seedling,18.4,125,sandy,37.4,64.1,19.4,76.7,84.1,0.9,10.5,9.0,water_now
Pepper,fruiting,7.0,16,loam,37.4,23.7,30.7,86.1,88.5,7.1,4.9,117.0,no_watering
Potato,fruiting,29.6,69,loam,87.6,20.8,14.3,60.3,23.2,4.7,4.7,85.0,no_watering
Pepper,flowering,11.2,13,loam,93.3,1.7,30.9,37.3,60.2,4.6,10.6,32.0,water_later
Pepper,flowering,15.3,108,loam,52.4,40.9,15.1,51.9,1.0,16.3,6.5,14.0,water_later
Tomato,seedling,18.7,103,clay,95.0,7.0,23.8,36.2,57.5,23.5,8.9,168.0,no_watering
Potato,vegetative,14.8,137,loam,74.4,13.8,14.3,35.7,68.2,20.0,9.5,80.0,no_watering
Tomato,vegetative,18.9,85,loam,69.3,41.9,26.3,80.1,5.6,13.7,7.3,32.0,water_later
Tomato,vegetative,10.6,77,loam,81.6,15.4,31.2,55.9,72.8,11.3,8.8,31.0,water_later
Pepper,fruiting,11.2,112,loam,36.4,26.4,26.7,72.1,52.0,1.1,5.1,10.0,water_now
Potato,seedling,21.9,115,loam,65.7,54.4,13.0,87.6,68.9,24.5,11.9,168.0,no_watering
Pepper,flowering,15.9,131,clay,59.4,17.6,23.0,85.9,12.0,21.5,11.1,37.0,water_later
Tomato,fruiting,16.5,108,loam,36.5,42.8,28.8,40.6,38.2,9.5,2.0,11.0,water_now
Tomato,fruiting,13.5,115,clay,42.3,33.9,20.2,90.6,79.5,0.4,9.3,10.0,water_now
Tomato,seedling,17.5,35,sandy,50.9,44.8,23.5,72.0,19.6,21.6,10.7,14.0,water_later
Tomato,flowering,11.7,131,loam,85.2,7.6,32.4,65.3,88.7,13.0,7.8,16.0,water_later
Pepper,flowering,5.7,7,loam,75.7,5.1,34.9,86.6,31.0,16.1,11.1,16.0,water_later
Potato,flowering,25.3,45,sandy,70.0,15.8,18.9,46.0,63.7,20.1,3.8,168.0,no_watering
Tomato,fruiting,23.5,68,clay,48.2,69.6,25.6,34.4,33.4,13.4,4.4,21.0,water_later
Tomato,seedling,12.3,84,clay,47.2,56.7,27.8,67.2,43.1,21.7,10.7,18.0,water_later
Pepper,seedling,7.3,105,sandy,84.0,13.9,19.0,76.9,35.7,6.0,9.5,42.0,water_later
Pepper,fruiting,10.1,147,loam,92.4,5.6,28.6,46.6,42.3,21.0,5.6,34.0,water_later
Tomato,flowering,13.0,87,clay,36.1,40.7,15.9,85.5,37.6,3.8,9.4,10.0,water_now
Tomato,fruiting,17.1,96,loam,56.9,12.4,19.7,63.5,44.2,4.2,11.4,9.0,water_now
Pepper,vegetative,6.5,126,sandy,99.4,0.2,26.5,37.9,6.7,20.4,10.9,11.0,water_now
Tomato,fruiting,10.2,93,loam,49.2,30.7,27.0,29.8,60.0,15.4,3.5,109.0,no_watering
Potato,fruiting,10.3,3,clay,81.9,21.6,21.0,53.8,73.2,16.9,2.2,168.0,no_watering
Tomato,seedling,22.7,60,loam,51.4,86.5,25.0,41.9,33.6,10.2,8.2,38.0,water_later
Tomato,vegetative,12.8,57,sandy,77.2,10.0,30.7,30.6,49.7,1.4,11.9,10.0,water_now
Potato,vegetative,11.8,137,sandy,98.5,0.6,26.4,70.1,20.7,22.5,5.3,34.0,water_later
Potato,fruiting,16.0,139,clay,70.3,57.0,27.7,72.9,28.3,24.0,4.8,60.0,no_watering
Tomato,fruiting,22.9,50,clay,90.2,5.0,20.7,64.5,68.0,3.5,7.7,61.0,no_watering
Potato,seedling,21.0,92,loam,89.5,11.5,28.6,28.8,53.6,24.2,6.4,168.0,no_watering
Tomato,flowering,20.5,99,sandy,59.4,12.3,23.6,41.0,7.7,15.5,7.5,11.0,water_now
Tomato,seedling,9.3,14,loam,83.1,31.2,17.9,74.8,84.9,11.1,8.3,168.0,no_watering
Pepper,seedling,6.5,83,sandy,61.5,34.8,18.9,56.4,53.7,19.6,7.5,112.0,no_watering
Pepper,seedling,8.2,26,sandy,93.8,4.0,23.1,30.9,34.3,3.5,11.0,55.0,no_watering
Pepper,fruiting,6.6,37,loam,85.9,10.7,18.5,44.3,56.3,14.8,5.0,58.0,no_watering
Pepper,seedling,6.5,65,loam,59.7,52.3,15.1,52.7,74.1,16.3,10.4,168.0,no_watering
Tomato,flowering,13.1,104,loam,97.7,1.3,33.0,39.1,44.2,14.4,5.1,36.0,water_later
Pepper,fruiting,8.1,115,clay,48.0,21.6,31.5,50.6,2.4,18.2,11.3,8.0,water_now
Tomato,fruiting,20.8,95,clay,86.7,3.9,30.8,29.8,21.8,16.5,10.5,17.0,water_later
Pepper,fruiting,5.8,6,clay,67.9,12.4,35.8,58.5,87.2,17.5,6.0,168.0,no_watering
Potato,seedling,12.4,101,clay,74.8,74.4,16.2,71.5,36.0,18.8,3.7,168.0,no_watering
Pepper,seedling,5.1,56,clay,72.7,36.3,20.4,60.7,41.7,17.0,7.2,168.0,no_watering
Potato,vegetative,17.6,109,sandy,97.5,1.4,12.4,32.3,31.3,8.6,6.2,40.0,water_later
Tomato,fruiting,13.6,18,sandy,39.4,20.8,16.9,75.5,76.4,16.2,6.5,16.0,water_later
Tomato,vegetative,16.3,28,loam,65.0,22.0,25.5,48.2,59.2,9.9,6.3,168.0,no_watering
Potato,vegetative,19.9,10,clay,53.1,50.0,19.3,25.3,9.2,21.8,4.1,168.0,no_watering
Pepper,flowering,7.2,92,loam,97.8,1.2,17.4,71.9,52.8,8.7,6.9,59.0,no_watering
Pepper,vegetative,14.0,36,sandy,40.5,25.0,29.8,45.8,10.5,9.3,8.1,8.0,water_now
Potato,fruiting,19.2,139,clay,76.3,29.0,14.3,51.9,15.6,4.2,3.9,156.0,no_watering
Tomato,vegetative,13.0,58,sandy,35.6,53.9,23.6,28.8,50.5,16.3,5.6,9.0,water_now
Potato,fruiting,19.1,41,sandy,37.0,52.8,26.3,59.2,48.4,4.2,2.8,11.0,water_now
Potato,fruiting,22.1,113,loam,88.5,6.2,13.9,33.0,68.4,11.0,9.8,37.0,water_later
Pepper,seedling,13.1,122,loam,37.1,69.0,28.7,42.3,39.5,24.8,10.7,8.0,water_now
Tomato,vegetative,21.0,117,sandy,76.1,7.9,26.2,49.5,73.2,20.1,9.1,12.0,water_now
Pepper,flowering,11.6,102,clay,72.2,24.9,18.5,93.5,8.6,24.1,4.9,154.0,no_watering
Pepper,seedling,15.9,37,clay,51.2,60.2,33.2,33.9,75.9,9.8,10.7,86.0,no_watering
Potato,flowering,23.8,42,loam,85.0,6.5,18.4,30.3,84.3,9.2,9.9,35.0,water_later
Pepper,seedling,14.6,10,clay,76.3,25.8,32.8,31.5,48.1,5.4,11.7,155.0,no_watering
Tomato,fruiting,12.3,134,loam,71.8,7.2,30.7,48.6,68.6,1.1,7.8,13.0,water_later
Pepper,seedling,6.4,136,sandy,97.3,2.4,33.0,55.9,79.4,7.5,2.0,168.0,no_watering
Pepper,seedling,12.2,109,loam,45.8,56.0,20.3,51.0,68.0,10.7,11.0,13.0,water_later
Potato,seedling,10.0,52,sandy,79.2,29.2,20.1,34.3,10.9,21.5,4.3,168.0,no_watering
Tomato,fruiting,9.1,116,loam,55.4,55.3,22.3,76.2,67.8,3.3,3.0,34.0,water_later
Tomato,seedling,16.5,138,clay,82.0,43.8,15.2,70.5,55.4,11.1,6.4,168.0,no_watering
Tomato,seedling,10.2,97,sandy,62.9,53.2,17.3,76.1,22.3,15.0,5.5,135.0,no_watering
Potato,flowering,27.1,29,clay,54.6,26.3,23.7,84.4,35.3,16.2,8.6,104.0,no_watering
Tomato,fruiting,14.2,140,sandy,92.8,3.7,19.6,69.7,11.9,21.5,2.7,43.0,water_later
Pepper,flowering,11.0,40,clay,39.7,59.1,18.6,58.0,3.6,1.5,11.9,9.0,water_now
Pepper,flowering,11.9,23,clay,40.4,28.7,25.5,54.1,7.5,2.0,9.0,12.0,water_now
Tomato,vegetative,16.6,66,sandy,79.3,10.5,22.4,69.4,85.8,6.0,10.3,14.0,water_later
Tomato,fruiting,9.9,106,sandy,77.8,8.3,26.6,28.9,63.1,4.1,8.7,10.0,water_now
Potato,flowering,13.7,64,sandy,92.6,5.9,14.2,79.7,47.1,6.6,4.7,61.0,no_watering
Potato,seedling,20.9,16,sandy,45.8,57.1,20.7,28.9,51.7,18.1,10.6,13.0,water_later
Potato,seedling,11.0,144,sandy,59.9,55.0,26.7,42.1,3.2,20.1,6.7,15.0,water_later
Potato,fruiting,14.9,75,clay,88.7,16.0,16.2,89.1,81.2,4.5,5.2,168.0,no_watering
Potato,seedling,31.0,69,loam,89.9,50.4,13.2,57.6,33.2,7.3,4.8,168.0,no_watering
Pepper,vegetative,10.1,37,clay,47.7,27.1,27.4,59.5,0.6,10.3,9.7,15.0,water_later
Potato,flowering,24.0,109,loam,84.3,8.2,23.8,25.7,9.4,13.2,5.4,37.0,water_later
Pepper,fruiting,15.6,78,sandy,37.9,12.3,35.4,35.0,63.1,9.3,4.8,11.0,water_now
Tomato,seedling,16.1,36,clay,39.0,85.3,27.1,52.6,23.5,7.9,7.9,33.0,water_later
Pepper,flowering,8.5,16,clay,85.7,23.7,20.7,30.2,40.5,7.9,4.0,168.0,no_watering
Potato,flowering,31.2,46,sandy,42.8,30.1,15.5,46.6,63.4,15.1,4.7,168.0,no_watering
Pepper,vegetative,6.0,26,loam,79.0,12.1,20.2,49.9,85.7,21.4,7.1,168.0,no_watering
Potato,vegetative,12.1,123,sandy,39.0,102.5,13.7,80.6,33.5,15.8,3.2,12.0,water_now
Tomato,flowering,22.7,127,sandy,77.0,32.2,16.4,94.8,72.8,3.1,4.0,36.0,water_later
Tomato,vegetative,22.8,32,loam,59.9,50.6,23.2,75.7,16.8,7.0,7.0,56.0,no_watering
Tomato,seedling,17.8,42,loam,92.4,22.8,26.7,70.3,12.4,5.0,7.0,129.0,no_watering
Potato,vegetative,23.9,117,loam,85.8,6.3,25.6,80.6,31.0,14.1,11.9,18.0,water_later
Pepper,flowering,7.0,71,sandy,85.6,2.9,21.7,40.3,32.2,14.6,11.0,10.0,water_now
Tomato,seedling,12.0,147,sandy,82.9,14.1,19.6,62.4,35.0,23.4,9.9,66.0,no_watering
Tomato,vegetative,11.8,142,clay,73.5,27.5,21.0,76.7,50.7,14.1,5.6,168.0,no_watering
Pepper,flowering,6.9,137,loam,36.3,76.2,15.8,28.9,18.1,3.3,8.0,8.0,water_now
Tomato,flowering,9.0,144,clay,42.2,61.5,17.8,74.3,33.6,23.5,3.4,168.0,no_watering
Potato,seedling,17.4,97,clay,63.4,63.0,17.5,93.3,15.7,24.2,9.3,79.0,no_watering
Potato,flowering,14.9,1,sandy,79.8,14.6,22.0,37.3,63.2,14.3,5.1,168.0,no_watering
Potato,seedling,14.0,21,sandy,76.6,22.9,17.4,81.6,67.1,5.9,8.1,168.0,no_watering
Tomato,seedling,21.1,11,sandy,35.7,107.9,27.7,76.1,23.1,2.7,5.4,34.0,water_later
Tomato,fruiting,15.0,16,loam,92.3,3.3,23.0,36.6,43.2,21.6,6.1,153.0,no_watering
Potato,vegetative,13.6,26,sandy,55.7,70.3,13.3,84.2,33.8,18.3,4.9,143.0,no_watering
Tomato,flowering,17.5,65,sandy,96.3,2.1,26.7,58.8,4.8,8.3,2.3,59.0,no_watering
Pepper,flowering,12.3,54,loam,70.7,27.6,21.2,31.7,38.5,7.4,5.9,60.0,no_watering
Potato,fruiting,14.4,60,sandy,40.3,50.4,12.4,37.0,44.0,16.5,4.9,168.0,no_watering
Potato,fruiting,14.1,125,loam,52.1,34.8,27.1,50.9,50.8,3.8,6.5,12.0,water_now
Potato,seedling,11.9,58,clay,73.3,77.4,17.8,62.9,47.0,24.1,11.7,168.0,no_watering
Pepper,vegetative,10.2,101,clay,67.6,26.3,16.7,88.2,55.8,3.0,9.1,55.0,no_watering
Pepper,vegetative,15.4,65,sandy,37.8,40.4,18.5,39.8,89.8,15.7,3.9,34.0,water_later
Potato,flowering,17.0,42,clay,71.2,43.3,24.4,81.5,41.2,21.8,2.9,168.0,no_watering
Potato,fruiting,12.5,84,sandy,97.7,0.9,14.5,64.7,9.1,7.2,7.8,33.0,water_later
Pepper,fruiting,7.9,91,loam,46.2,32.0,28.8,65.0,62.4,1.0,6.7,10.0,water_now
Pepper,vegetative,5.5,126,loam,57.0,36.8,25.0,43.8,77.2,17.1,5.7,16.0,water_later
Tomato,vegetative,12.8,29,clay,82.4,14.8,29.1,79.2,19.0,20.6,5.2,168.0,no_watering
Pepper,flowering,14.0,79,sandy,67.9,10.7,25.8,36.1,51.2,4.3,5.1,14.0,water_later
Tomato,seedling,12.0,95,loam,52.8,62.9,23.7,89.3,11.1,0.8,9.0,31.0,water_later
Pepper,fruiting,7.0,103,loam,45.6,15.6,33.3,66.1,25.7,9.7,5.5,10.0,water_now
Potato,vegetative,28.9,145,sandy,61.6,21.5,23.0,72.4,61.4,11.9,4.7,15.0,water_later
Potato,vegetative,23.2,64,clay,54.9,34.2,12.1,42.7,33.9,8.7,10.1,33.0,water_later
Tomato,fruiting,12.8,126,clay,35.5,28.5,24.9,68.7,50.5,14.8,7.8,12.0,water_now
Pepper,seedling,10.3,133,clay,53.0,101.9,22.1,44.4,26.9,3.7,5.3,106.0,no_watering
Tomato,seedling,20.9,75,clay,79.2,65.5,30.2,67.0,26.6,22.7,8.6,168.0,no_watering
Pepper,seedling,11.4,117,clay,81.4,29.4,35.9,82.1,81.6,16.8,5.4,168.0,no_watering
Pepper,vegetative,14.2,84,loam,43.3,36.3,33.4,37.7,82.1,23.7,3.0,13.0,water_later
Pepper,seedling,7.4,44,loam,92.6,11.0,19.7,86.0,76.6,11.8,6.2,168.0,no_watering
Potato,seedling,20.4,128,loam,69.4,94.4,15.3,33.4,12.4,5.0,8.8,59.0,no_watering
Potato,fruiting,13.2,9,sandy,56.6,31.4,26.7,37.6,40.7,5.2,2.8,59.0,no_watering
Tomato,vegetative,15.8,72,loam,76.2,12.6,29.5,31.2,0.4,13.3,8.1,16.0,water_later
Pepper,seedling,14.8,104,clay,35.3,168.0,30.9,62.2,31.0,3.2,2.2,36.0,water_later
Potato,flowering,13.7,65,clay,82.3,13.0,26.0,45.9,61.8,3.3,4.9,85.0,no_watering
Pepper,flowering,13.3,20,sandy,36.2,18.2,18.5,88.5,66.1,14.7,10.1,11.0,water_now
Tomato,flowering,19.4,149,clay,85.1,15.2,30.1,51.3,59.6,16.3,8.4,70.0,no_watering
Tomato,seedling,14.7,2,clay,45.0,103.3,22.2,63.3,37.9,2.5,6.7,168.0,no_watering
Pepper,vegetative,9.6,91,sandy,53.4,13.4,33.9,60.8,70.0,20.8,8.2,15.0,water_later
Pepper,fruiting,8.2,2,loam,95.7,4.4,15.8,59.7,8.0,2.8,4.1,168.0,no_watering
Potato,fruiting,13.3,69,loam,41.6,31.0,13.5,60.8,88.0,6.6,9.2,10.0,water_now
Tomato,vegetative,22.0,113,sandy,62.7,22.7,31.2,50.2,4.1,21.3,8.8,10.0,water_now
Potato,vegetative,17.2,28,loam,82.6,12.3,27.2,91.9,36.1,24.1,4.7,168.0,no_watering
Pepper,fruiting,13.8,126,sandy,80.3,7.1,28.6,80.8,9.3,22.8,3.1,20.0,water_later
Potato,fruiting,14.0,20,clay,79.5,26.8,18.5,50.1,82.8,2.8,2.3,168.0,no_watering
Pepper,seedling,5.7,85,clay,69.1,29.3,28.8,25.9,88.0,16.7,10.7,168.0,no_watering
Potato,seedling,19.5,84,sandy,76.7,17.7,24.4,58.7,88.9,1.4,8.6,34.0,water_later
Tomato,fruiting,21.6,34,loam,50.7,32.1,31.5,30.2,57.9,10.1,6.9,13.0,water_later
Tomato,fruiting,15.1,3,loam,55.5,14.6,25.9,31.2,36.3,0.9,7.0,31.0,water_later
Tomato,seedling,20.7,142,clay,71.6,25.5,33.3,69.6,32.7,1.4,10.9,42.0,water_later
Pepper,flowering,11.2,99,sandy,81.5,9.0,28.0,58.1,0.2,8.9,8.6,11.0,water_now
Pepper,flowering,12.7,38,clay,81.6,23.9,16.0,36.5,17.6,3.0,3.4,168.0,no_watering
Pepper,vegetative,10.0,88,clay,61.9,36.4,31.4,75.2,69.5,11.3,3.1,168.0,no_watering
Potato,vegetative,31.2,76,clay,63.1,45.2,12.1,76.5,82.9,4.4,7.5,65.0,no_watering
Tomato,vegetative,9.7,137,loam,92.3,5.0,27.5,67.4,68.6,6.8,5.2,155.0,no_watering
Pepper,fruiting,13.9,47,clay,68.3,13.6,17.9,67.2,66.3,13.8,10.9,33.0,water_later
Tomato,vegetative,18.0,27,clay,98.8,0.9,20.5,49.2,48.8,15.9,8.7,168.0,no_watering
Tomato,flowering,17.0,127,clay,78.8,16.5,26.1,91.0,72.7,13.1,9.1,41.0,water_later
Pepper,vegetative,5.6,126,clay,98.9,1.1,16.2,43.7,62.2,7.4,9.9,62.0,no_watering
Potato,seedling,17.9,84,sandy,71.5,24.4,19.7,68.1,21.4,19.6,8.8,32.0,water_later
Potato,flowering,25.2,83,clay,86.2,18.2,12.8,51.7,1.2,6.3,6.2,84.0,no_watering
Pepper,vegetative,15.0,109,clay,70.5,26.3,29.8,70.3,17.4,11.2,9.6,34.0,water_later
Tomato,vegetative,23.4,88,loam,53.1,83.1,29.0,33.4,23.0,8.3,2.4,37.0,water_later
Tomato,seedling,10.5,118,clay,75.0,42.1,21.1,28.6,49.5,1.8,11.3,59.0,no_watering
Pepper,vegetative,15.5,33,loam,70.3,57.6,25.9,80.0,19.2,8.3,3.6,168.0,no_watering
Pepper,vegetative,15.5,100,clay,83.9,27.3,28.0,58.2,40.1,22.6,7.6,104.0,no_watering
Potato,vegetative,31.1,108,loam,96.4,2.3,23.6,47.5,2.2,12.9,11.2,18.0,water_later
Pepper,fruiting,10.4,143,sandy,40.4,37.6,21.2,70.6,48.4,0.2,5.2,9.0,water_now
Tomato,vegetative,21.8,97,clay,80.7,14.7,23.1,32.3,84.6,18.7,7.4,168.0,no_watering
Tomato,fruiting,19.5,34,sandy,51.4,22.9,15.7,30.1,23.3,9.7,3.8,14.0,water_later
Pepper,fruiting,8.5,88,sandy,81.8,8.0,23.2,33.3,63.1,1.8,2.1,37.0,water_later
Potato,seedling,16.4,99,loam,95.2,10.3,23.7,67.5,42.7,13.3,4.8,168.0,no_watering
Potato,fruiting,27.5,143,clay,54.4,24.1,26.4,45.6,1.0,21.9,8.3,15.0,water_later
Tomato,seedling,8.1,109,clay,54.8,45.2,26.3,62.6,19.1,22.6,11.5,56.0,no_watering
Potato,vegetative,13.5,127,clay,46.8,71.5,15.8,83.4,83.9,24.9,3.9,168.0,no_watering
Potato,seedling,16.4,101,loam,66.7,58.8,13.1,31.9,21.1,7.1,9.3,66.0,no_watering
Tomato,flowering,15.8,48,clay,44.9,42.0,21.2,71.2,38.5,0.1,8.9,13.0,water_later
Tomato,fruiting,12.4,46,loam,66.2,22.3,21.8,72.6,49.7,4.4,5.3,39.0,water_later
Tomato,flowering,21.7,133,sandy,92.6,3.8,17.7,62.7,76.5,15.8,4.6,84.0,no_watering
Potato,fruiting,26.9,116,clay,93.1,8.4,15.6,27.6,32.9,5.6,4.6,157.0,no_watering
Potato,flowering,12.9,121,sandy,35.7,23.5,20.5,31.3,55.3,4.1,5.6,9.0,water_now
Tomato,fruiting,10.5,54,clay,44.5,20.7,25.8,64.6,19.7,12.2,10.7,9.0,water_now
Pepper,flowering,7.6,6,loam,60.2,10.5,29.0,61.3,58.4,2.6,9.9,16.0,water_later
Potato,flowering,28.4,134,loam,77.5,20.0,16.5,63.1,7.0,6.3,3.7,83.0,no_watering
Tomato,fruiting,13.6,66,clay,74.3,9.5,31.5,59.1,20.7,12.9,6.8,33.0,water_later
Tomato,vegetative,11.0,72,loam,50.0,52.3,21.9,75.2,43.1,5.3,3.2,106.0,no_watering
Potato,fruiting,10.5,22,sandy,75.9,16.4,12.7,65.1,15.0,23.1,3.6,79.0,no_watering
Pepper,seedling,14.7,130,clay,49.1,51.6,30.3,82.5,15.4,20.8,11.5,18.0,water_later
Tomato,vegetative,18.0,35,clay,95.0,3.3,24.7,36.7,34.7,2.7,8.9,87.0,no_watering
Potato,fruiting,28.2,18,clay,74.0,13.9,22.3,37.4,43.4,3.3,11.0,54.0,no_watering
Potato,seedling,29.7,64,sandy,59.1,36.6,25.2,70.4,84.5,12.1,7.2,36.0,water_later
Pepper,flowering,11.5,115,sandy,41.4,19.4,30.6,78.3,81.9,2.1,9.0,7.0,water_now
Potato,fruiting,15.7,98,clay,69.0,126.5,12.1,77.1,61.9,7.9,2.1,168.0,no_watering
Tomato,vegetative,14.8,102,clay,71.7,30.7,26.1,43.3,67.9,10.3,7.4,113.0,no_watering
Potato,fruiting,13.9,21,clay,72.5,15.8,21.5,58.9,77.7,3.0,11.9,56.0,no_watering
Pepper,vegetative,6.1,24,clay,74.9,13.6,25.7,80.0,86.8,0.1,10.0,56.0,no_watering
Tomato,fruiting,22.8,139,sandy,40.2,20.7,23.3,29.5,36.1,16.4,4.2,9.0,water_now
Potato,seedling,30.8,78,clay,48.1,90.7,25.9,69.8,17.5,19.6,6.4,168.0,no_watering
Potato,vegetative,23.5,117,sandy,98.4,0.5,23.5,50.2,31.8,9.9,8.6,15.0,water_later
Tomato,seedling,19.8,144,clay,88.9,39.5,16.3,31.3,24.9,15.2,4.8,168.0,no_watering
Pepper,fruiting,11.3,18,loam,39.7,52.7,20.5,53.5,46.2,6.4,3.1,36.0,water_later
Potato,flowering,25.3,134,loam,84.2,5.0,28.4,64.4,77.6,12.0,9.7,15.0,water_later
Tomato,fruiting,18.1,2,loam,55.5,18.3,33.9,72.4,74.9,6.2,4.3,111.0,no_watering
Pepper,flowering,5.8,112,loam,93.1,3.9,34.6,58.4,83.7,4.8,5.5,35.0,water_later
Tomato,vegetative,19.8,117,clay,51.2,55.4,31.6,39.5,10.8,2.0,4.0,36.0,water_later
Pepper,seedling,13.4,132,loam,75.3,29.6,26.4,28.0,51.7,6.9,6.8,131.0,no_watering
Potato,flowering,18.8,52,clay,62.5,51.9,24.8,34.0,77.4,19.4,7.3,168.0,no_watering
Tomato,fruiting,13.1,39,loam,41.5,32.5,15.2,72.2,49.4,5.9,5.8,15.0,water_later
Potato,flowering,18.1,27,loam,59.2,25.1,20.5,39.7,11.8,14.4,9.0,16.0,water_later
Tomato,flowering,20.9,121,clay,87.0,22.7,25.6,84.9,15.9,12.5,4.0,111.0,no_watering
Potato,flowering,27.3,33,clay,60.9,52.0,17.1,64.3,22.9,21.0,7.7,112.0,no_watering
Pepper,flowering,7.9,130,loam,57.4,29.1,22.6,64.0,86.7,5.0,10.1,11.0,water_now
Potato,vegetative,31.5,57,loam,85.4,9.9,16.8,47.8,25.8,15.8,7.1,61.0,no_watering
Tomato,flowering,14.7,48,loam,40.1,29.3,26.6,53.3,26.2,6.7,11.1,7.0,water_now
Pepper,flowering,14.8,28,loam,68.9,11.3,31.4,90.7,2.1,18.2,9.5,15.0,water_later
Pepper,seedling,7.3,60,sandy,65.8,35.1,23.3,31.7,68.8,2.1,11.4,16.0,water_later
Potato,vegetative,11.9,20,loam,82.9,10.6,27.8,52.3,75.5,0.7,4.3,108.0,no_watering
Pepper,flowering,14.5,104,sandy,70.7,6.4,24.8,86.0,15.9,14.9,11.3,9.0,water_now
Potato,fruiting,21.5,55,sandy,70.1,15.6,22.9,46.7,23.4,7.6,5.5,16.0,water_later
Potato,vegetative,17.6,115,loam,96.6,2.0,20.0,25.6,71.8,14.9,11.2,37.0,water_later
Tomato,flowering,11.0,57,clay,81.5,14.0,31.8,55.6,23.7,10.6,4.5,66.0,no_watering
Potato,flowering,16.3,17,sandy,90.5,7.0,24.6,81.6,41.0,11.3,6.1,61.0,no_watering
Potato,fruiting,14.1,19,sandy,47.1,35.0,12.3,28.5,39.5,0.2,7.3,13.0,water_later
Tomato,seedling,15.9,5,loam,99.9,0.1,21.5,46.8,7.2,18.8,10.0,168.0,no_watering
Tomato,flowering,20.4,19,loam,89.7,8.5,16.4,57.9,69.1,6.2,3.9,168.0,no_watering
Pepper,vegetative,13.1,102,sandy,68.9,14.7,15.7,57.3,28.1,8.1,9.7,12.0,water_now
Potato,seedling,26.4,129,loam,54.4,60.7,21.3,33.5,19.6,2.8,6.8,39.0,water_later
Pepper,flowering,5.2,103,sandy,50.8,11.9,31.7,65.9,62.0,3.9,6.0,9.0,water_now
Tomato,vegetative,10.5,53,clay,99.8,0.3,16.7,68.3,13.9,13.4,11.3,79.0,no_watering
Tomato,fruiting,11.7,4,loam,87.4,2.7,33.7,80.2,34.0,18.1,9.6,34.0,water_later
Tomato,fruiting,19.3,110,clay,71.8,18.8,25.6,63.0,24.8,20.8,6.9,39.0,water_later
Potato,vegetative,11.5,76,sandy,58.9,24.9,14.6,45.7,66.0,22.1,4.6,15.0,water_later
Pepper,vegetative,8.5,83,clay,47.3,45.1,16.3,92.7,55.2,8.1,10.2,14.0,water_later
Pepper,seedling,6.1,73,sandy,46.6,43.9,28.8,28.1,8.9,14.3,11.4,8.0,water_now
Pepper,fruiting,10.8,138,sandy,74.4,15.3,29.7,42.9,59.0,23.2,5.7,12.0,water_now
Tomato,fruiting,20.8,9,loam,62.0,12.2,16.2,64.1,55.5,13.2,11.4,36.0,water_later
Tomato,flowering,9.2,79,loam,50.0,73.3,19.1,61.4,22.4,15.6,3.0,168.0,no_watering
Potato,fruiting,26.4,25,loam,80.7,8.5,25.0,65.4,16.2,10.0,8.7,38.0,water_later
Potato,vegetative,21.7,62,loam,70.8,13.3,22.2,90.3,57.0,20.7,11.0,16.0,water_later
Potato,vegetative,22.4,60,loam,51.5,30.7,15.6,78.6,65.4,24.6,11.3,12.0,water_now
Tomato,vegetative,23.9,141,sandy,90.6,6.0,20.7,46.0,74.0,23.0,4.2,39.0,water_later
Potato,vegetative,12.1,121,sandy,92.8,6.1,19.8,35.9,8.3,10.0,4.6,36.0,water_later
Tomato,seedling,19.6,15,clay,79.8,19.8,30.1,37.1,57.8,0.9,10.3,135.0,no_watering
Potato,fruiting,11.7,18,loam,88.1,9.6,13.0,79.0,69.3,18.7,5.5,168.0,no_watering
Potato,seedling,23.9,75,clay,55.8,136.0,22.7,28.8,19.9,1.3,7.2,63.0,no_watering
Pepper,fruiting,13.3,13,sandy,86.1,6.3,27.1,31.3,51.4,1.2,6.3,32.0,water_later
Pepper,seedling,9.4,98,sandy,66.3,30.1,24.1,73.9,17.6,15.4,9.6,17.0,water_later
Potato,vegetative,15.3,64,sandy,72.4,10.8,16.5,55.1,31.3,8.0,8.8,13.0,water_later
Potato,seedling,26.9,7,clay,87.2,39.7,14.9,49.5,73.6,5.0,10.2,168.0,no_watering
Tomato,seedling,9.8,104,loam,91.5,16.7,16.0,91.4,10.0,11.3,11.3,78.0,no_watering
Pepper,vegetative,13.1,22,clay,70.7,20.2,19.4,63.2,62.9,0.5,9.5,65.0,no_watering
Potato,seedling,15.6,2,loam,52.6,63.4,13.0,39.0,35.0,6.8,9.0,106.0,no_watering
Potato,flowering,29.0,106,loam,50.0,34.7,12.3,85.7,81.3,12.1,8.5,12.0,water_now
Potato,seedling,14.1,46,sandy,36.4,40.8,20.5,57.1,44.1,18.6,11.3,16.0,water_later
Pepper,flowering,8.9,131,sandy,52.9,10.8,21.3,94.7,80.1,20.4,11.8,7.0,water_now
Potato,flowering,15.0,92,clay,82.4,18.4,17.8,52.5,56.3,5.7,3.4,168.0,no_watering
Potato,vegetative,19.4,81,clay,43.6,106.9,17.3,67.4,72.0,21.6,6.5,168.0,no_watering
Potato,vegetative,19.5,84,sandy,71.7,13.1,27.5,78.9,85.4,3.0,8.6,11.0,water_now
Tomato,seedling,20.2,41,clay,63.8,51.5,31.7,54.0,70.1,2.7,6.1,168.0,no_watering
Tomato,flowering,17.7,72,sandy,36.7,26.4,26.6,66.7,45.2,15.1,4.3,9.0,water_now
Potato,flowering,14.0,3,loam,49.7,38.4,18.6,58.2,24.3,10.3,3.6,168.0,no_watering
Potato,vegetative,26.7,130,loam,91.4,4.8,13.1,89.9,79.9,10.7,11.9,37.0,water_later
Tomato,fruiting,19.5,118,clay,69.9,15.6,22.5,90.7,46.9,11.3,7.7,37.0,water_later
Tomato,vegetative,16.3,29,clay,68.5,26.3,22.5,76.5,39.6,22.1,7.6,168.0,no_watering
Pepper,fruiting,6.8,68,loam,93.7,2.1,21.2,89.3,65.0,2.8,8.9,32.0,water_later
Potato,vegetative,18.6,14,sandy,93.3,3.1,17.5,26.7,29.2,16.2,6.5,168.0,no_watering
Tomato,seedling,9.5,77,clay,81.0,45.0,28.4,69.4,85.5,9.5,2.9,168.0,no_watering
Tomato,vegetative,22.6,8,sandy,91.5,5.6,25.7,71.2,27.7,18.3,3.5,168.0,no_watering
Pepper,vegetative,6.3,75,loam,51.5,30.4,17.8,39.2,72.7,15.2,8.2,41.0,water_later
Tomato,vegetative,17.4,42,sandy,74.0,18.9,24.0,53.7,56.6,20.5,2.8,168.0,no_watering
Tomato,vegetative,10.4,138,clay,78.4,14.9,27.4,27.6,4.4,10.4,10.5,31.0,water_later
Tomato,flowering,17.8,54,loam,46.5,16.9,28.1,66.6,3.2,19.2,9.9,10.0,water_now
Pepper,fruiting,14.0,41,sandy,65.6,12.2,30.9,84.0,47.4,13.1,2.6,32.0,water_later
Tomato,seedling,9.7,118,clay,66.4,31.3,28.9,69.0,63.6,10.7,11.9,64.0,no_watering
Pepper,flowering,10.8,75,clay,71.6,15.5,35.9,49.8,72.7,22.1,3.3,82.0,no_watering
Potato,flowering,31.5,149,sandy,42.7,21.8,12.0,26.7,37.3,8.3,8.3,8.0,water_now
Potato,vegetative,10.2,115,clay,55.0,30.5,15.4,44.7,10.2,8.3,9.9,17.0,water_later
Potato,seedling,28.3,97,loam,66.1,40.9,15.3,83.4,43.3,15.7,11.2,54.0,no_watering
Potato,flowering,20.2,48,clay,68.9,33.6,25.8,89.9,48.2,5.2,2.6,168.0,no_watering
Pepper,flowering,5.7,86,clay,59.4,31.2,18.1,83.9,35.1,14.9,5.4,38.0,water_later
Pepper,flowering,12.8,46,loam,59.2,22.0,20.7,31.1,10.1,19.6,10.8,12.0,water_now
Tomato,seedling,15.1,79,loam,47.4,88.2,15.5,58.8,69.8,3.6,7.0,41.0,water_later
Tomato,vegetative,11.3,103,loam,42.5,30.5,15.7,52.1,53.5,2.2,10.6,9.0,water_now
Tomato,seedling,16.3,29,sandy,55.3,48.0,27.5,46.9,24.9,8.0,7.8,32.0,water_later
Potato,seedling,16.0,53,sandy,71.4,35.4,14.7,33.0,28.7,3.5,11.6,19.0,water_later
Pepper,vegetative,6.9,101,sandy,38.3,31.4,21.5,87.5,9.5,1.3,7.4,8.0,water_now
Pepper,vegetative,12.8,122,loam,64.0,18.5,33.7,69.1,64.2,16.8,8.9,12.0,water_now
Tomato,fruiting,17.1,106,loam,41.3,23.5,16.8,81.2,41.9,5.8,9.0,9.0,water_now
Tomato,flowering,22.6,5,loam,86.3,7.3,22.4,74.0,42.8,8.8,8.7,108.0,no_watering
Tomato,flowering,20.3,97,sandy,88.1,7.9,26.5,33.9,71.3,13.3,3.0,36.0,water_later
Potato,fruiting,15.2,89,sandy,39.3,25.1,16.1,36.1,70.6,10.9,6.8,9.0,water_now
Pepper,vegetative,6.9,69,sandy,89.4,3.0,29.1,76.8,50.0,20.6,9.1,17.0,water_later
Pepper,fruiting,5.8,10,loam,59.6,13.1,17.3,82.0,19.6,3.5,9.7,29.0,water_later
Potato,seedling,26.7,102,loam,75.0,74.3,23.2,56.7,28.5,14.3,4.9,168.0,no_watering
Potato,flowering,30.2,147,clay,99.4,0.7,27.9,75.2,36.4,3.2,11.2,34.0,water_later
Tomato,flowering,22.4,129,sandy,98.6,0.3,33.4,25.1,21.2,17.6,7.6,12.0,water_now
Potato,flowering,25.7,58,sandy,46.3,50.7,18.9,55.5,83.2,21.0,4.1,12.0,water_now
Pepper,vegetative,6.5,21,loam,66.6,16.8,16.5,26.1,12.3,20.1,9.2,35.0,water_later
Pepper,fruiting,11.9,91,sandy,60.0,13.3,24.5,54.7,52.0,21.2,10.2,7.0,water_now
Potato,flowering,19.0,87,clay,71.9,15.8,21.3,50.7,86.6,2.0,11.8,17.0,water_later
Potato,flowering,20.2,100,clay,65.7,49.9,13.3,87.3,61.6,13.5,2.9,168.0,no_watering
Pepper,seedling,14.9,63,clay,93.9,9.8,26.2,25.8,86.5,20.0,6.5,168.0,no_watering
Tomato,seedling,19.1,26,clay,51.9,68.4,26.4,46.3,4.6,24.8,9.9,60.0,no_watering
Potato,seedling,16.3,42,sandy,53.1,40.6,13.4,60.4,23.1,18.5,10.5,16.0,water_later
Tomato,vegetative,18.5,129,sandy,50.4,16.8,22.0,37.3,30.9,2.1,9.8,9.0,water_now
Potato,vegetative,28.4,32,clay,77.9,18.3,24.8,53.9,66.1,8.6,5.8,168.0,no_watering
Pepper,seedling,5.6,102,clay,96.6,4.9,24.7,58.3,35.1,6.6,6.8,168.0,no_watering
Pepper,seedling,8.2,80,sandy,69.5,35.0,31.7,51.7,31.8,21.1,5.2,62.0,no_watering
Potato,flowering,17.4,110,clay,60.4,23.2,16.5,31.9,53.0,4.9,8.5,32.0,water_later
Potato,vegetative,16.9,67,clay,61.7,131.1,12.2,25.6,19.7,7.1,2.7,160.0,no_watering
Tomato,seedling,17.9,106,clay,49.1,78.9,16.1,66.6,10.8,21.4,10.9,36.0,water_later
Pepper,vegetative,14.9,149,clay,95.9,3.1,29.6,42.7,69.2,17.3,6.7,158.0,no_watering
Pepper,flowering,6.8,122,sandy,56.6,29.0,16.6,79.4,16.0,1.7,5.8,12.0,water_now
Tomato,fruiting,10.9,66,clay,49.2,36.9,24.3,35.1,23.3,0.9,9.7,11.0,water_now
Potato,flowering,27.1,40,sandy,35.1,25.9,12.3,59.8,63.0,22.6,8.5,7.0,water_now
Tomato,fruiting,15.7,143,sandy,39.6,35.5,22.7,75.9,73.6,12.1,10.1,8.0,water_now
Potato,flowering,17.3,144,loam,77.1,8.3,17.1,28.9,7.2,11.5,12.0,13.0,water_later
Pepper,vegetative,6.9,54,sandy,80.2,13.5,15.8,51.9,7.6,15.8,3.9,59.0,no_watering
Tomato,vegetative,8.6,75,clay,60.3,55.7,15.5,94.7,86.8,20.3,4.4,168.0,no_watering
Tomato,flowering,8.9,141,clay,87.5,9.2,30.0,28.0,78.3,13.4,3.2,168.0,no_watering
Potato,vegetative,30.3,105,clay,65.6,71.2,12.6,34.9,11.7,4.3,8.5,40.0,water_later
Pepper,seedling,10.0,92,loam,41.9,71.0,18.6,66.4,5.7,5.1,10.2,12.0,water_now
Potato,fruiting,17.1,89,sandy,89.4,5.0,28.6,65.3,30.2,3.0,3.4,38.0,water_later
Pepper,vegetative,12.7,95,sandy,37.6,16.0,26.6,55.7,33.9,3.9,11.3,6.0,water_now
Pepper,seedling,5.1,119,loam,92.6,7.5,18.8,31.2,42.8,3.2,8.5,110.0,no_watering
Potato,flowering,21.5,92,sandy,37.4,22.8,19.0,90.7,7.9,20.7,8.1,7.0,water_now
Pepper,fruiting,5.1,148,loam,41.2,19.1,19.9,33.2,45.7,11.6,7.3,9.0,water_now
Potato,vegetative,16.1,24,loam,98.0,1.5,15.3,80.8,83.0,1.4,8.9,88.0,no_watering
Pepper,vegetative,9.8,81,clay,37.8,99.6,22.0,81.4,14.2,0.7,9.6,10.0,water_now
Tomato,seedling,22.3,35,clay,47.9,94.9,28.7,66.5,9.9,5.7,5.3,109.0,no_watering
Potato,fruiting,29.1,139,loam,66.5,39.2,18.4,40.4,40.9,9.7,6.7,32.0,water_later
Pepper,vegetative,12.0,17,sandy,80.0,12.3,35.5,39.2,41.9,10.5,3.3,58.0,no_watering
Pepper,vegetative,14.8,83,sandy,74.7,8.9,27.7,80.3,20.7,10.3,8.4,12.0,water_now
Pepper,vegetative,11.5,65,sandy,82.9,6.4,32.6,44.5,20.0,23.2,9.3,11.0,water_now
Potato,seedling,19.2,72,loam,67.8,55.0,12.8,94.4,71.8,20.5,9.3,168.0,no_watering
Pepper,vegetative,5.9,97,loam,49.2,36.9,30.8,73.5,8.2,12.0,6.1,12.0,water_now
Tomato,fruiting,21.7,118,clay,85.2,7.5,29.2,26.7,33.3,11.6,6.5,38.0,water_later
Tomato,seedling,14.2,81,clay,83.9,30.0,28.1,62.2,71.5,19.7,5.0,168.0,no_watering
Potato,flowering,26.2,70,sandy,92.7,4.0,12.9,91.2,3.7,9.2,8.7,16.0,water_later
Potato,seedling,22.3,140,clay,70.1,64.6,25.2,34.7,52.2,24.0,5.3,168.0,no_watering
Potato,vegetative,17.1,73,loam,38.5,46.7,27.3,60.2,47.4,3.1,6.2,10.0,water_now
Potato,flowering,19.9,132,sandy,98.6,0.8,18.3,72.1,7.9,9.8,8.9,16.0,water_later
Pepper,seedling,6.2,4,clay,91.9,13.1,20.8,73.8,37.5,17.1,7.0,168.0,no_watering
Pepper,flowering,9.6,78,sandy,36.4,19.7,30.5,26.5,30.2,14.5,3.9,12.0,water_now
Potato,flowering,20.7,118,clay,64.8,42.3,23.3,62.1,15.5,6.5,7.5,34.0,water_later
Pepper,flowering,13.5,43,sandy,45.8,20.9,16.0,49.7,87.6,21.0,6.6,17.0,water_later
Potato,vegetative,13.5,84,loam,63.7,48.6,14.0,94.6,3.1,7.9,7.7,33.0,water_later
Tomato,flowering,15.2,142,loam,36.6,32.7,33.5,62.4,83.5,3.9,3.2,12.0,water_now
Potato,flowering,24.2,120,clay,84.0,8.4,17.0,87.7,65.6,23.1,11.7,65.0,no_watering
Potato,seedling,26.1,33,loam,55.0,46.7,27.3,34.8,32.2,8.2,7.5,94.0,no_watering
Potato,vegetative,22.8,101,clay,36.5,82.7,15.8,90.5,86.2,24.4,4.8,168.0,no_watering
Tomato,fruiting,13.1,64,sandy,58.5,7.4,26.5,91.0,34.8,0.3,11.1,8.0,water_now
Pepper,flowering,15.8,44,loam,63.9,8.3,33.4,31.1,72.5,24.3,9.3,34.0,water_later
Potato,fruiting,13.1,10,clay,65.8,29.7,22.0,31.0,86.4,18.9,4.1,168.0,no_watering
Tomato,fruiting,18.2,125,sandy,71.9,14.3,20.2,37.2,26.1,12.3,6.6,13.0,water_later
Pepper,flowering,10.4,125,loam,45.0,13.4,30.5,40.7,42.5,16.3,9.9,8.0,water_now
Pepper,fruiting,7.0,10,loam,84.7,6.6,34.0,70.1,67.1,14.5,2.3,168.0,no_watering
Pepper,flowering,11.9,39,clay,68.3,76.1,25.0,73.6,52.3,3.7,3.2,168.0,no_watering
Potato,vegetative,17.9,79,sandy,97.1,2.0,12.9,50.3,84.3,12.8,8.4,39.0,water_later
Potato,vegetative,26.8,41,clay,55.6,40.2,22.2,36.7,62.8,9.1,5.2,168.0,no_watering
Potato,flowering,28.1,25,loam,66.5,25.5,12.2,61.3,19.6,12.6,5.7,85.0,no_watering
Tomato,seedling,14.7,55,loam,36.1,132.1,32.4,33.2,73.5,22.2,3.3,168.0,no_watering
Potato,flowering,13.8,34,clay,43.4,129.2,17.2,77.1,11.3,3.3,3.2,59.0,no_watering
Pepper,seedling,5.9,9,clay,42.0,88.3,31.3,78.0,10.7,6.3,2.4,168.0,no_watering
Pepper,seedling,13.3,5,sandy,93.6,7.1,31.4,89.4,13.1,18.7,4.1,168.0,no_watering
Potato,flowering,17.7,87,sandy,67.8,19.5,26.5,79.7,1.3,5.4,8.1,10.0,water_now
Pepper,vegetative,14.9,71,clay,48.9,65.0,26.3,93.2,62.8,4.6,3.0,168.0,no_watering
Tomato,vegetative,21.4,17,loam,61.5,33.9,33.6,54.7,12.2,19.1,7.1,44.0,water_later
Pepper,seedling,5.9,67,clay,82.9,26.3,25.4,51.9,49.9,7.3,6.6,168.0,no_watering
Pepper,vegetative,14.4,74,sandy,58.9,8.4,33.8,81.2,9.5,11.0,11.4,8.0,water_now
Potato,seedling,12.6,146,sandy,83.2,26.3,18.7,73.7,30.5,14.9,11.8,18.0,water_later
Tomato,vegetative,21.4,120,loam,72.8,11.3,28.8,44.5,84.9,8.9,9.1,15.0,water_later
Potato,fruiting,31.7,94,loam,42.9,36.7,20.7,35.3,12.1,2.5,6.5,11.0,water_now
Tomato,fruiting,18.8,114,clay,44.9,15.6,33.5,51.8,59.5,13.0,8.8,9.0,water_now
Pepper,vegetative,8.2,142,clay,87.6,9.2,25.5,60.3,2.8,10.8,7.4,60.0,no_watering
Tomato,fruiting,15.2,46,clay,46.5,35.1,31.2,56.0,63.5,12.3,2.4,83.0,no_watering
Pepper,fruiting,10.4,84,clay,79.5,11.8,17.3,72.3,14.1,1.4,8.6,35.0,water_later
Pepper,fruiting,11.8,55,sandy,36.8,44.9,22.4,93.4,72.9,14.6,5.2,13.0,water_later
Potato,flowering,18.4,97,sandy,38.7,44.2,19.3,94.4,53.3,22.8,6.1,9.0,water_now
Pepper,seedling,8.7,63,clay,91.1,20.1,15.4,47.8,1.8,11.7,6.6,168.0,no_watering
Pepper,fruiting,11.3,75,sandy,79.9,7.1,21.8,31.8,68.8,8.5,6.9,14.0,water_later
Pepper,flowering,15.7,40,clay,39.9,45.0,19.2,69.5,26.8,14.3,11.7,14.0,water_later
Tomato,seedling,19.5,32,clay,71.8,71.9,26.0,66.4,71.6,16.3,4.7,168.0,no_watering
Potato,flowering,19.5,82,loam,75.6,12.9,21.2,39.0,79.3,15.7,6.0,110.0,no_watering
Tomato,fruiting,11.4,128,clay,95.9,1.5,33.3,77.0,81.6,23.4,6.7,118.0,no_watering
Potato,seedling,21.5,62,loam,79.5,43.7,18.2,35.3,77.4,22.8,3.5,168.0,no_watering
Tomato,fruiting,12.3,29,sandy,50.3,23.1,20.5,36.2,22.1,20.7,8.9,9.0,water_now
Pepper,fruiting,9.6,27,loam,36.9,18.7,34.0,39.1,76.7,24.1,4.7,63.0,no_watering
Tomato,seedling,21.8,101,loam,93.5,7.8,16.6,67.1,79.7,9.9,10.7,107.0,no_watering
Potato,vegetative,15.2,139,clay,78.2,26.3,21.7,60.0,22.7,22.1,3.2,168.0,no_watering
Potato,seedling,27.0,64,clay,87.4,36.1,17.3,83.3,13.0,4.4,9.4,152.0,no_watering
Pepper,fruiting,7.8,71,loam,96.7,1.3,27.4,59.3,22.2,6.9,5.7,35.0,water_later
Tomato,flowering,15.6,99,sandy,93.8,1.8,22.0,46.6,84.7,17.3,8.5,31.0,water_later
Potato,vegetative,15.6,130,clay,93.7,9.2,18.5,69.7,77.2,9.7,9.0,81.0,no_watering
Pepper,flowering,8.3,95,sandy,90.9,2.4,34.7,78.0,79.2,19.2,5.0,14.0,water_later
Tomato,flowering,21.9,131,loam,61.8,15.8,30.6,90.8,73.8,20.6,6.7,14.0,water_later
Pepper,seedling,8.9,96,sandy,64.5,24.8,27.6,81.9,16.5,11.1,9.4,15.0,water_later
Tomato,seedling,14.4,115,clay,45.3,137.6,26.9,47.0,58.4,3.3,2.8,168.0,no_watering
Potato,fruiting,27.4,49,clay,51.9,31.9,17.4,58.5,25.4,2.1,9.4,30.0,water_later
Tomato,fruiting,22.0,94,clay,96.6,1.7,33.0,86.9,81.6,24.4,4.2,168.0,no_watering
Pepper,vegetative,5.5,18,sandy,97.3,1.4,28.0,67.0,64.7,10.9,3.5,168.0,no_watering
Pepper,fruiting,6.3,57,loam,85.8,2.6,30.0,38.3,38.8,5.2,10.6,12.0,water_now
Pepper,vegetative,9.6,37,clay,52.0,52.8,23.6,35.2,52.5,16.2,4.9,168.0,no_watering
Tomato,fruiting,10.1,89,clay,81.4,10.1,21.1,73.5,6.6,13.9,8.9,34.0,water_later
Pepper,vegetative,10.2,7,clay,87.1,8.8,22.4,67.4,22.8,15.5,8.7,168.0,no_watering
Pepper,flowering,6.5,131,loam,46.0,20.4,33.7,27.9,11.9,7.9,3.8,14.0,water_later
Pepper,vegetative,7.9,139,loam,98.3,1.1,21.6,93.5,25.5,21.9,7.0,68.0,no_watering
Pepper,flowering,9.8,98,clay,96.8,2.2,18.5,76.6,71.8,1.3,6.9,82.0,no_watering
Tomato,vegetative,10.9,54,loam,42.5,84.4,23.9,36.4,63.8,12.1,6.7,18.0,water_later
Tomato,vegetative,10.0,84,clay,45.9,78.6,16.8,85.8,59.7,5.3,3.8,149.0,no_watering
Potato,vegetative,19.2,147,sandy,92.7,5.3,13.3,78.8,11.0,9.3,8.8,34.0,water_later
Tomato,flowering,10.5,1,loam,64.5,18.2,16.5,83.1,87.3,16.4,8.6,168.0,no_watering
Pepper,vegetative,7.3,90,sandy,38.6,40.5,16.0,70.1,8.3,6.4,5.2,10.0,water_now
Pepper,seedling,5.2,45,clay,77.1,31.2,19.4,52.2,72.1,18.4,6.0,168.0,no_watering
Pepper,vegetative,8.9,84,loam,64.0,40.7,17.0,50.7,38.1,18.9,4.0,168.0,no_watering
Pepper,vegetative,9.8,107,sandy,65.1,15.6,23.9,27.8,83.8,13.2,5.4,40.0,water_later
Potato,seedling,16.4,45,sandy,44.7,60.7,19.4,88.5,22.4,10.7,6.8,37.0,water_later
Tomato,seedling,22.7,38,clay,65.2,70.3,24.8,60.7,22.9,2.0,6.1,168.0,no_watering
Tomato,seedling,19.8,45,loam,37.9,65.3,23.8,80.0,52.8,11.4,10.4,11.0,water_now
Pepper,flowering,8.8,101,clay,40.1,52.9,34.3,81.7,39.0,0.4,4.1,12.0,water_now
Tomato,seedling,10.7,46,clay,97.8,2.8,24.1,73.4,73.2,15.4,10.7,168.0,no_watering
Potato,fruiting,27.7,128,clay,88.0,14.6,13.5,34.5,18.8,16.2,3.9,168.0,no_watering
Tomato,fruiting,21.5,4,sandy,85.0,5.9,31.3,62.7,14.9,3.8,2.9,82.0,no_watering
Pepper,fruiting,10.2,2,loam,72.0,24.6,33.1,66.0,56.7,17.8,4.0,168.0,no_watering
Pepper,flowering,5.4,10,loam,95.8,2.3,23.4,60.9,1.7,14.4,9.2,45.0,water_later
Tomato,flowering,22.3,65,loam,96.0,2.4,22.9,58.1,14.5,18.2,6.9,39.0,water_later
Pepper,fruiting,7.6,20,clay,74.1,16.7,19.6,88.6,26.4,17.8,5.4,168.0,no_watering
Potato,flowering,27.5,72,clay,53.4,58.1,25.6,84.1,15.6,3.9,8.2,15.0,water_later
Tomato,fruiting,23.1,54,loam,100.0,0.0,24.4,41.4,14.3,20.7,7.6,39.0,water_later
Potato,seedling,27.7,51,loam,71.5,89.6,17.7,33.0,32.0,1.2,4.3,168.0,no_watering
Potato,flowering,29.7,66,sandy,41.8,17.2,26.5,86.2,41.1,21.0,8.0,8.0,water_now
Tomato,seedling,21.2,44,loam,91.6,22.4,15.8,32.4,39.7,12.6,8.3,168.0,no_watering
Tomato,vegetative,18.4,1,loam,63.5,16.8,21.4,34.6,75.1,11.8,10.5,168.0,no_watering
Potato,vegetative,11.9,79,sandy,78.2,11.5,18.3,77.8,70.8,3.4,5.6,36.0,water_later
Pepper,fruiting,14.9,2,loam,96.3,1.4,35.0,61.1,72.6,23.6,8.8,168.0,no_watering
Pepper,flowering,9.4,86,clay,37.4,56.9,31.2,55.4,88.0,24.5,5.9,10.0,water_now
Potato,flowering,19.2,2,loam,81.9,5.6,27.1,74.1,25.2,13.2,10.7,64.0,no_watering
Tomato,fruiting,15.1,121,clay,77.4,13.5,18.9,63.1,58.4,19.4,9.9,40.0,water_later
Pepper,seedling,5.4,14,clay,43.2,79.9,22.0,75.8,49.7,13.0,9.4,168.0,no_watering
Potato,vegetative,10.5,148,loam,89.1,6.7,27.1,62.8,9.9,1.5,4.6,59.0,no_watering
Pepper,flowering,6.4,147,sandy,72.2,8.4,30.9,90.9,72.5,24.7,6.5,38.0,water_later
Potato,vegetative,17.7,110,clay,78.7,21.7,16.8,79.9,9.5,12.9,9.1,64.0,no_watering
Pepper,fruiting,6.1,67,sandy,39.0,23.7,29.9,83.0,33.2,13.2,2.8,10.0,water_now
Potato,fruiting,29.2,63,loam,79.8,7.4,21.9,69.6,14.7,12.6,12.0,15.0,water_later
Potato,fruiting,12.8,24,loam,48.8,108.0,24.0,85.4,50.3,23.0,3.2,168.0,no_watering
Potato,fruiting,12.4,46,loam,42.7,30.4,18.3,45.3,43.7,19.8,7.2,12.0,water_now
Potato,fruiting,11.1,82,loam,88.2,20.6,27.2,87.2,6.1,1.1,4.2,59.0,no_watering
Potato,flowering,22.4,21,clay,81.8,21.6,27.3,79.7,57.3,19.0,6.8,168.0,no_watering
Pepper,vegetative,14.5,51,sandy,61.6,15.2,21.8,81.0,4.1,16.8,8.6,12.0,water_now
Potato,flowering,24.2,97,clay,86.8,10.6,26.7,74.5,58.0,2.1,7.7,45.0,water_later
Potato,seedling,31.1,27,clay,36.2,122.7,20.9,77.5,1.7,19.7,7.0,87.0,no_watering
Potato,fruiting,11.9,27,sandy,66.9,15.0,21.1,47.4,2.2,13.2,7.9,15.0,water_later
Pepper,seedling,6.3,142,sandy,51.6,42.4,17.1,36.8,61.1,1.5,3.4,86.0,no_watering
Tomato,seedling,19.4,124,loam,93.0,19.6,20.7,31.9,10.9,5.1,3.4,168.0,no_watering
Potato,vegetative,20.8,10,loam,38.9,57.7,24.8,52.0,2.6,15.8,3.2,35.0,water_later
Tomato,flowering,16.9,61,sandy,77.4,7.5,26.1,32.1,7.6,15.9,9.6,11.0,water_now
Tomato,flowering,16.6,1,clay,97.5,1.4,18.2,42.2,41.8,20.7,11.5,168.0,no_watering
Potato,vegetative,10.0,126,loam,89.6,4.2,27.9,58.8,19.1,21.0,8.0,36.0,water_later
Tomato,vegetative,19.8,149,sandy,43.0,25.9,25.7,46.0,79.0,5.3,6.0,12.0,water_now
Pepper,flowering,12.0,69,loam,78.0,11.6,35.6,74.5,54.0,0.4,4.7,34.0,water_later
Tomato,seedling,17.7,114,clay,71.1,86.8,15.1,25.7,48.4,19.7,3.7,168.0,no_watering
Potato,seedling,21.9,54,loam,43.0,73.9,27.2,82.1,15.9,19.2,6.5,59.0,no_watering
Tomato,seedling,15.4,106,loam,36.3,83.1,32.8,56.1,17.2,20.4,4.2,12.0,water_now
Pepper,vegetative,7.6,2,clay,93.8,5.6,25.4,50.4,88.6,16.0,4.8,168.0,no_watering
Pepper,fruiting,6.9,20,sandy,74.2,14.5,19.1,76.7,5.9,6.5,8.7,14.0,water_later
Tomato,flowering,11.1,132,loam,69.6,10.9,27.9,94.4,0.2,10.7,8.9,13.0,water_later
Potato,seedling,28.8,54,clay,42.9,161.5,17.5,84.1,68.3,22.1,6.1,168.0,no_watering
Tomato,flowering,22.7,148,clay,56.8,28.3,25.1,47.1,20.3,17.2,5.9,60.0,no_watering
Tomato,vegetative,10.6,94,sandy,66.2,26.4,20.9,68.8,30.1,6.3,3.0,36.0,water_later
Pepper,vegetative,15.5,93,sandy,50.4,15.5,32.5,82.5,68.8,15.6,7.2,12.0,water_now
Tomato,seedling,23.6,120,sandy,80.1,22.4,32.4,51.4,4.9,15.3,10.9,14.0,water_later
Tomato,seedling,18.8,90,loam,41.2,138.4,25.6,45.6,59.4,0.3,5.8,16.0,water_later
Pepper,fruiting,14.7,88,loam,85.9,3.2,28.0,48.8,9.7,0.3,11.4,11.0,water_now
Tomato,vegetative,22.5,37,clay,66.3,47.4,17.4,60.6,71.7,1.5,5.6,156.0,no_watering
Potato,fruiting,21.3,46,sandy,70.2,19.4,23.1,50.0,30.9,9.2,7.8,14.0,water_later
Potato,vegetative,11.3,96,sandy,62.4,11.7,20.6,83.5,18.1,1.7,10.6,9.0,water_now
Potato,fruiting,25.3,63,loam,72.6,14.8,28.7,67.0,14.6,11.4,5.3,39.0,water_later
Tomato,fruiting,11.5,115,sandy,75.6,12.0,15.1,40.6,73.3,20.2,4.3,15.0,water_later
Tomato,fruiting,10.9,66,sandy,37.0,35.8,33.8,50.4,56.8,22.8,2.7,168.0,no_watering
Tomato,seedling,11.2,30,clay,46.3,156.1,20.4,40.3,15.8,6.5,4.6,168.0,no_watering
Tomato,vegetative,14.1,56,sandy,54.8,13.4,30.0,32.8,15.4,13.2,11.4,8.0,water_now
Potato,fruiting,29.3,104,sandy,86.7,4.7,13.1,35.1,28.6,10.7,11.2,15.0,water_later
Tomato,seedling,20.2,119,sandy,44.7,156.6,26.2,84.8,78.6,21.3,4.9,168.0,no_watering
Pepper,vegetative,13.0,97,loam,45.9,22.7,31.5,80.4,45.8,12.5,8.1,12.0,water_now
Tomato,flowering,19.4,138,clay,65.8,17.8,25.0,58.8,52.6,0.9,11.6,15.0,water_later
Tomato,fruiting,21.8,13,loam,72.1,12.1,22.5,46.4,67.6,7.4,10.9,34.0,water_later
Pepper,vegetative,11.4,75,loam,65.4,30.0,24.8,68.5,24.6,0.6,6.3,33.0,water_later
Tomato,flowering,18.3,42,clay,68.3,31.9,21.8,30.8,20.5,3.0,10.4,32.0,water_later
Tomato,vegetative,13.3,91,loam,85.0,11.0,27.8,42.5,12.4,21.4,9.5,17.0,water_later
Potato,flowering,10.2,113,loam,61.2,16.2,17.1,82.6,1.1,16.4,9.8,13.0,water_later
Tomato,fruiting,11.6,108,clay,73.2,13.7,28.7,39.7,41.5,19.8,4.3,39.0,water_later
Tomato,fruiting,20.3,131,loam,71.3,18.6,28.3,39.7,27.5,18.4,6.5,14.0,water_later
Potato,flowering,17.5,88,clay,85.6,16.8,19.1,73.0,51.1,0.8,6.0,80.0,no_watering
Tomato,flowering,17.1,59,loam,60.4,26.1,30.2,89.0,48.1,4.7,7.7,15.0,water_later
Pepper,fruiting,12.0,4,clay,46.5,21.7,21.4,37.0,17.9,22.8,8.7,168.0,no_watering
Pepper,vegetative,7.6,136,sandy,68.7,23.8,28.9,29.9,35.2,24.7,2.6,34.0,water_later
Potato,fruiting,20.5,122,sandy,43.4,31.8,13.2,91.9,59.8,4.0,10.7,7.0,water_now
Pepper,vegetative,10.5,91,sandy,44.3,33.6,29.4,44.3,22.2,8.2,2.1,12.0,water_now
Pepper,fruiting,10.1,107,loam,94.7,1.9,15.8,31.4,26.8,15.3,8.5,24.0,water_later
Tomato,fruiting,12.0,15,sandy,94.2,1.2,32.1,76.3,62.9,1.1,6.6,32.0,water_later
Tomato,flowering,22.1,62,sandy,82.2,10.1,25.2,71.7,68.6,3.0,2.7,59.0,no_watering
Tomato,seedling,16.1,11,sandy,48.5,67.8,29.8,53.7,62.5,18.7,3.6,168.0,no_watering
Pepper,fruiting,14.4,70,loam,94.6,2.9,23.3,25.8,41.5,2.1,3.1,62.0,no_watering
Tomato,fruiting,10.2,19,sandy,36.2,36.0,30.6,83.9,66.7,4.2,3.7,12.0,water_now
Tomato,flowering,10.5,8,sandy,78.9,14.7,21.8,40.2,57.1,13.1,2.3,168.0,no_watering
Potato,seedling,18.6,56,sandy,85.2,27.5,17.2,28.7,21.5,2.3,2.0,168.0,no_watering
Tomato,seedling,13.4,25,clay,92.3,26.6,18.7,71.8,37.4,2.7,4.2,168.0,no_watering
Pepper,vegetative,11.9,26,sandy,50.1,20.1,34.6,52.7,36.2,7.9,6.3,16.0,water_later
Tomato,fruiting,11.5,115,sandy,37.9,15.1,27.5,44.5,45.0,24.8,8.2,15.0,water_later
Potato,vegetative,15.5,27,clay,60.3,65.9,13.6,47.7,68.6,17.2,8.3,168.0,no_watering
Potato,fruiting,11.5,88,clay,68.2,52.4,12.3,88.8,89.0,5.8,6.5,168.0,no_watering
Tomato,flowering,11.8,23,loam,43.9,62.9,23.1,42.0,18.4,0.9,2.8,36.0,water_later
Potato,fruiting,26.3,62,clay,84.4,10.5,17.6,44.5,73.1,18.8,8.4,151.0,no_watering
Potato,flowering,17.5,34,clay,99.2,0.4,15.5,28.8,78.5,13.0,11.2,88.0,no_watering
Pepper,seedling,5.7,26,sandy,99.5,0.4,25.3,91.8,49.4,19.9,2.5,168.0,no_watering
Tomato,seedling,14.8,43,clay,62.6,141.7,23.9,36.5,40.3,15.9,4.0,168.0,no_watering
Pepper,seedling,15.5,114,clay,62.5,70.7,22.6,51.4,73.8,19.8,6.7,168.0,no_watering
Pepper,fruiting,14.4,57,clay,44.9,36.3,30.9,89.5,27.5,7.1,8.0,11.0,water_now
Potato,fruiting,11.6,109,sandy,47.3,34.4,14.3,57.8,33.7,10.1,3.5,13.0,water_later
Pepper,flowering,9.2,85,sandy,92.5,5.9,21.5,94.1,17.5,10.9,2.7,59.0,no_watering
Potato,flowering,21.2,37,loam,77.3,10.1,20.3,73.2,3.1,20.3,9.0,34.0,water_later
Potato,seedling,25.3,87,loam,79.3,45.4,23.0,43.3,59.6,4.0,6.6,132.0,no_watering
Tomato,fruiting,14.4,64,loam,47.3,36.6,26.1,88.1,62.3,12.5,7.2,11.0,water_now
Potato,fruiting,22.9,116,sandy,91.5,2.2,24.5,77.7,31.0,3.6,11.2,11.0,water_now
Tomato,fruiting,19.2,63,clay,41.3,44.4,15.1,36.8,26.0,10.8,6.9,16.0,water_later
Pepper,vegetative,12.7,9,sandy,64.3,19.4,19.2,37.7,16.4,19.0,11.5,14.0,water_later
Pepper,fruiting,11.9,10,loam,54.1,46.1,28.1,85.8,2.7,5.9,3.7,41.0,water_later
Potato,seedling,10.2,78,sandy,86.3,19.6,16.5,91.9,0.7,15.1,8.7,38.0,water_later
Pepper,fruiting,10.2,141,loam,92.9,3.0,22.1,55.1,59.9,9.5,5.7,63.0,no_watering
Pepper,flowering,13.9,19,sandy,89.3,12.9,15.1,85.9,47.8,23.8,6.0,168.0,no_watering
Tomato,flowering,15.2,143,sandy,77.9,6.6,28.0,85.9,73.1,0.4,7.1,13.0,water_later
Tomato,flowering,18.8,139,loam,86.6,7.1,19.4,58.9,83.8,24.7,9.4,168.0,no_watering
Potato,seedling,26.2,107,clay,68.8,92.2,17.0,38.7,2.9,12.4,3.4,168.0,no_watering
Pepper,fruiting,6.8,141,sandy,50.7,17.4,24.4,33.1,63.0,2.6,8.6,8.0,water_now
Tomato,vegetative,22.9,134,clay,81.7,23.8,21.2,51.8,11.1,3.4,4.8,124.0,no_watering
Potato,fruiting,12.0,52,clay,84.8,16.5,23.8,86.0,81.9,18.6,11.3,168.0,no_watering
Pepper,fruiting,13.9,29,clay,40.8,49.5,19.7,33.1,84.8,14.3,2.9,168.0,no_watering
Pepper,fruiting,11.3,55,loam,90.1,5.9,15.0,29.3,61.1,19.9,7.4,161.0,no_watering
Potato,vegetative,12.3,75,loam,88.0,11.8,12.2,84.7,41.0,15.0,5.2,82.0,no_watering
Potato,seedling,23.2,95,clay,99.8,0.7,17.3,94.3,19.4,7.3,3.2,168.0,no_watering
Tomato,flowering,10.4,129,clay,49.6,43.4,28.6,84.4,16.1,12.2,11.3,10.0,water_now
Pepper,vegetative,15.9,79,loam,99.4,0.4,26.5,48.6,25.5,17.4,8.8,58.0,no_watering
Potato,fruiting,12.1,98,clay,38.5,51.6,17.5,80.4,51.9,11.0,10.7,9.0,water_now
Pepper,vegetative,7.3,118,clay,58.5,39.7,31.9,38.7,77.3,9.4,8.5,19.0,water_later
Potato,vegetative,30.4,89,clay,38.4,98.6,13.6,93.2,87.3,15.7,3.8,168.0,no_watering
Tomato,seedling,9.9,104,clay,46.2,108.5,22.5,46.2,71.6,16.5,8.0,168.0,no_watering
Pepper,fruiting,8.0,136,loam,40.4,26.7,28.7,50.7,20.2,14.7,3.2,11.0,water_now
Pepper,flowering,12.6,86,clay,100.0,0.0,17.0,66.5,8.9,1.6,5.8,106.0,no_watering
Potato,vegetative,18.9,78,clay,85.9,8.9,23.9,52.6,52.6,17.8,10.2,41.0,water_later
Potato,seedling,26.6,83,clay,91.0,57.4,15.5,71.1,72.0,3.1,3.2,168.0,no_watering
Potato,vegetative,24.4,55,sandy,40.5,27.7,13.5,43.0,49.0,10.6,9.5,11.0,water_now
Tomato,vegetative,12.8,74,loam,77.8,14.8,33.0,61.4,28.2,22.8,9.8,34.0,water_later
Potato,vegetative,25.1,90,sandy,44.2,38.1,23.3,28.1,19.4,9.0,2.4,13.0,water_later
Potato,fruiting,11.6,101,sandy,61.0,10.9,16.3,51.7,84.6,3.6,11.0,9.0,water_now
Tomato,flowering,23.9,63,clay,77.7,13.0,28.2,38.5,13.8,24.8,5.7,59.0,no_watering
Pepper,seedling,15.6,96,loam,79.5,64.1,20.2,43.9,32.7,8.3,7.3,88.0,no_watering
Tomato,vegetative,12.4,109,sandy,96.9,4.5,16.9,93.6,27.6,20.5,4.2,85.0,no_watering
Tomato,flowering,19.2,113,sandy,93.3,2.2,31.4,63.6,16.3,20.2,8.1,12.0,water_now
Potato,fruiting,20.5,85,sandy,45.1,46.4,14.2,25.7,24.1,23.0,7.1,10.0,water_now
Pepper,vegetative,12.5,42,loam,58.0,30.2,23.8,57.0,38.5,23.5,6.4,168.0,no_watering
Tomato,flowering,18.2,109,clay,89.9,12.8,16.7,46.4,85.0,4.1,9.7,57.0,no_watering
Tomato,flowering,16.9,21,clay,62.6,16.3,24.4,86.2,44.8,17.1,11.6,40.0,water_later
Potato,seedling,18.9,52,clay,81.4,30.3,22.5,88.8,89.5,16.5,9.5,168.0,no_watering
Potato,seedling,23.4,55,sandy,69.0,32.5,28.4,72.2,12.0,8.8,10.8,15.0,water_later
Pepper,fruiting,9.2,128,clay,51.2,14.8,22.8,32.9,26.1,12.1,11.1,10.0,water_now
Tomato,seedling,19.8,134,clay,95.7,9.6,25.8,40.2,84.2,22.3,5.0,168.0,no_watering
Pepper,seedling,8.9,53,clay,35.3,149.9,27.9,48.0,9.1,12.3,5.5,16.0,water_later
Potato,vegetative,19.0,45,loam,51.3,22.7,27.5,25.5,38.6,4.6,9.7,11.0,water_now
Pepper,seedling,15.9,130,sandy,83.6,27.7,28.8,55.8,17.9,4.7,3.4,107.0,no_watering
Tomato,fruiting,14.7,18,clay,96.6,1.4,21.3,27.2,44.0,12.4,8.7,168.0,no_watering
Potato,vegetative,17.1,143,loam,95.0,5.9,25.0,86.7,71.3,3.2,7.0,41.0,water_later
Potato,seedling,26.9,72,clay,98.5,10.7,16.0,72.5,25.4,2.1,5.4,168.0,no_watering
Tomato,vegetative,19.7,123,clay,52.1,113.0,18.6,44.7,17.9,17.7,3.2,110.0,no_watering
Tomato,vegetative,11.0,148,loam,42.8,101.8,31.2,69.0,83.6,10.7,3.5,168.0,no_watering
Tomato,seedling,21.8,72,sandy,98.7,1.5,22.2,61.7,45.9,16.1,9.0,82.0,no_watering
Tomato,flowering,13.8,8,sandy,93.2,5.5,32.9,74.8,67.0,5.3,4.5,108.0,no_watering
Pepper,seedling,9.7,83,clay,42.2,146.2,20.3,59.4,77.6,8.3,5.3,168.0,no_watering
Pepper,flowering,7.6,18,clay,41.9,57.5,20.8,65.9,52.8,22.8,2.9,168.0,no_watering
Tomato,vegetative,19.3,114,clay,57.3,26.5,32.6,30.2,48.0,3.8,7.5,33.0,water_later
Tomato,fruiting,16.8,67,loam,93.9,2.0,19.8,86.4,64.6,22.8,10.5,39.0,water_later
Pepper,fruiting,10.8,143,sandy,52.8,18.5,35.0,80.4,5.5,24.3,3.7,11.0,water_now
Potato,fruiting,20.9,117,clay,63.5,59.2,21.1,60.9,36.1,6.8,2.7,168.0,no_watering
Tomato,vegetative,17.2,79,clay,68.3,15.0,26.3,25.6,27.3,5.5,11.3,17.0,water_later
Pepper,seedling,6.9,41,loam,44.6,76.2,16.0,41.7,71.2,16.1,2.4,168.0,no_watering
Tomato,seedling,8.0,40,clay,40.4,118.5,21.6,67.4,12.0,22.5,5.7,159.0,no_watering
Pepper,seedling,11.9,81,loam,53.2,64.0,15.2,49.9,88.1,19.5,9.3,168.0,no_watering
Potato,seedling,25.9,122,clay,75.7,64.2,23.7,91.2,19.9,6.7,4.6,168.0,no_watering
Potato,fruiting,13.4,69,sandy,93.6,3.7,15.9,75.8,73.4,4.4,5.7,60.0,no_watering
Pepper,vegetative,12.1,22,clay,60.6,94.6,15.4,36.4,38.4,11.4,3.8,168.0,no_watering
Pepper,seedling,13.0,124,loam,41.5,151.8,17.9,77.5,68.7,16.1,2.1,168.0,no_watering
Tomato,vegetative,20.3,16,sandy,86.5,6.5,20.1,90.7,66.3,8.5,8.0,84.0,no_watering
Tomato,vegetative,10.2,9,loam,55.0,34.0,29.4,87.5,62.3,15.7,10.2,168.0,no_watering
Tomato,seedling,9.6,64,sandy,44.2,75.3,20.6,60.8,13.3,16.4,10.4,10.0,water_now
Potato,fruiting,25.1,143,sandy,99.4,0.5,24.2,88.1,32.2,15.4,6.9,37.0,water_later
Pepper,seedling,14.9,134,clay,74.0,47.0,27.7,37.5,61.8,15.6,7.3,168.0,no_watering
Pepper,seedling,8.0,129,sandy,94.0,6.8,25.5,50.8,88.0,19.4,4.7,168.0,no_watering
Pepper,vegetative,9.3,109,clay,39.4,48.8,30.1,80.0,13.0,8.1,6.8,11.0,water_now
Tomato,fruiting,13.6,120,clay,74.1,11.6,24.4,58.7,58.9,6.1,11.7,15.0,water_later
Potato,fruiting,21.9,87,clay,40.4,75.9,20.4,62.5,62.4,18.7,4.3,44.0,water_later
Tomato,vegetative,13.8,9,sandy,65.8,20.9,18.9,84.5,31.4,21.2,5.6,168.0,no_watering
Tomato,flowering,15.4,9,sandy,62.4,6.5,30.9,63.6,12.4,24.1,11.3,10.0,water_now
Tomato,fruiting,19.7,125,clay,41.9,96.8,28.2,54.7,78.3,0.8,2.5,20.0,water_later
Tomato,seedling,11.9,112,loam,84.8,29.3,15.2,83.2,62.9,7.5,6.2,168.0,no_watering
Potato,flowering,19.8,112,clay,38.9,142.8,23.0,25.9,45.3,0.3,3.1,15.0,water_later
Pepper,fruiting,11.1,41,loam,81.1,5.3,32.4,89.3,8.3,9.4,7.0,19.0,water_later
Potato,vegetative,18.8,122,clay,98.4,1.1,13.0,52.5,42.2,7.8,10.2,82.0,no_watering
Pepper,fruiting,6.8,117,sandy,42.0,20.4,31.9,70.3,30.2,6.0,3.9,10.0,water_now
Potato,seedling,11.4,36,clay,70.9,61.4,22.2,78.0,7.7,14.3,5.1,168.0,no_watering
Potato,fruiting,11.0,75,loam,58.2,48.2,17.3,91.0,28.3,9.8,2.1,85.0,no_watering
Tomato,seedling,13.3,57,sandy,85.4,10.3,32.0,60.3,52.8,21.3,7.0,168.0,no_watering
Tomato,vegetative,18.9,98,sandy,50.1,18.5,16.5,68.8,69.2,4.0,11.5,8.0,water_now
Potato,flowering,19.8,116,sandy,96.1,1.4,14.2,45.4,34.9,5.2,8.2,16.0,water_later
Potato,seedling,31.1,145,loam,36.0,168.0,21.6,94.6,70.3,2.2,3.0,38.0,water_later
Pepper,flowering,6.9,116,sandy,58.0,20.5,21.2,29.8,23.2,11.8,7.8,10.0,water_now
Pepper,vegetative,15.3,137,loam,53.6,20.7,35.4,59.2,11.6,9.2,5.6,13.0,water_later
Potato,flowering,18.2,146,clay,91.9,16.0,23.6,60.4,5.1,19.8,4.6,105.0,no_watering
Potato,seedling,13.4,69,sandy,90.5,13.0,13.8,51.3,8.4,11.6,7.7,59.0,no_watering
Potato,fruiting,12.4,49,loam,60.8,26.7,15.1,32.6,28.6,24.9,11.6,13.0,water_later
Tomato,fruiting,9.8,5,sandy,44.5,13.7,23.6,63.2,54.1,9.5,11.5,8.0,water_now
Pepper,fruiting,15.8,95,loam,84.3,17.4,19.5,39.8,7.5,1.7,2.2,82.0,no_watering
Tomato,flowering,22.0,14,sandy,93.0,3.2,23.6,54.4,81.1,8.6,4.1,168.0,no_watering
Pepper,vegetative,7.2,136,clay,86.0,8.1,34.8,58.7,51.3,20.6,7.4,168.0,no_watering
Potato,vegetative,11.7,110,clay,99.1,0.8,23.4,68.2,28.5,3.8,5.2,135.0,no_watering
Tomato,fruiting,21.8,141,sandy,68.8,12.0,17.2,92.9,77.2,15.9,6.1,51.0,no_watering
Potato,seedling,10.8,52,clay,85.3,23.3,24.7,38.1,85.7,24.3,9.0,168.0,no_watering
Tomato,flowering,21.0,149,clay,91.4,8.3,15.3,87.8,37.3,8.8,7.0,89.0,no_watering
Potato,fruiting,21.5,25,sandy,62.8,19.3,25.0,32.9,39.2,7.1,3.8,39.0,water_later
Potato,fruiting,24.0,16,sandy,41.4,16.2,23.9,90.7,58.5,15.4,11.1,12.0,water_now
Tomato,fruiting,20.0,127,sandy,67.7,6.9,26.9,63.1,19.1,19.4,8.3,9.0,water_now
Pepper,seedling,7.2,97,loam,94.4,4.5,24.9,33.7,70.6,9.9,11.7,80.0,no_watering
Tomato,flowering,12.3,135,clay,94.1,3.4,27.5,46.5,37.3,0.4,11.0,30.0,water_later
Pepper,flowering,8.7,59,sandy,98.3,0.5,35.1,94.5,4.6,23.3,4.4,32.0,water_later
Tomato,fruiting,23.6,19,sandy,63.4,12.0,18.3,88.3,10.7,14.4,7.2,15.0,water_later
Potato,flowering,28.4,89,sandy,36.7,43.2,14.7,47.6,2.5,17.7,2.9,11.0,water_now
Tomato,fruiting,8.4,134,sandy,85.5,4.6,28.9,93.8,26.7,13.4,8.3,10.0,water_now
Potato,fruiting,26.9,130,clay,75.8,11.0,23.2,44.2,10.0,23.2,11.3,34.0,water_later
Tomato,vegetative,12.5,74,sandy,58.5,16.1,32.0,31.5,2.0,1.8,6.9,10.0,water_now
Tomato,vegetative,19.0,135,sandy,87.6,5.8,22.1,47.0,59.4,15.8,11.1,19.0,water_later
Tomato,seedling,23.6,38,sandy,70.5,19.2,33.9,58.9,10.9,15.2,8.1,32.0,water_later
Tomato,vegetative,11.5,141,sandy,44.0,48.8,21.9,87.9,24.1,12.0,2.3,13.0,water_later
Pepper,flowering,10.1,103,loam,95.0,2.0,32.0,55.5,79.9,7.0,11.5,13.0,water_later
Tomato,flowering,10.7,122,clay,64.0,26.8,18.9,75.5,56.1,15.2,6.3,107.0,no_watering
Tomato,flowering,14.0,62,clay,37.2,75.2,27.0,29.5,54.3,21.9,3.7,13.0,water_later
Pepper,fruiting,5.3,56,sandy,58.3,13.9,18.8,47.6,13.1,7.9,9.9,9.0,water_now
Pepper,seedling,12.9,90,sandy,50.1,88.1,19.5,64.7,47.5,2.6,5.2,35.0,water_later
Potato,seedling,22.6,120,sandy,87.9,22.3,23.0,72.7,44.9,24.8,6.4,168.0,no_watering
Tomato,seedling,15.2,128,sandy,36.4,75.2,26.4,66.4,88.9,22.8,4.4,11.0,water_now
Tomato,fruiting,8.6,120,loam,36.1,56.8,25.1,61.9,65.1,6.9,5.4,9.0,water_now
Pepper,fruiting,5.9,96,loam,54.4,23.2,31.3,59.6,81.9,21.1,2.5,168.0,no_watering
Tomato,seedling,11.6,26,clay,91.0,8.9,30.7,34.7,17.2,22.6,11.9,91.0,no_watering
Potato,seedling,30.6,50,loam,42.2,115.7,26.8,43.2,55.1,20.3,9.8,13.0,water_later
Potato,vegetative,30.3,144,clay,44.6,50.3,21.9,33.4,37.2,11.2,5.2,64.0,no_watering
Potato,vegetative,22.7,115,sandy,82.5,21.1,23.2,93.3,64.0,8.8,5.2,38.0,water_later
Tomato,vegetative,19.1,28,loam,78.6,23.0,16.4,59.6,9.4,5.2,4.1,153.0,no_watering
Potato,flowering,26.7,55,sandy,67.8,32.6,17.3,56.8,87.8,21.7,3.5,168.0,no_watering
Tomato,fruiting,11.0,69,clay,91.5,11.0,20.3,36.5,9.6,2.8,5.1,65.0,no_watering
Pepper,vegetative,7.9,65,clay,42.7,110.0,25.0,62.2,13.6,12.6,5.5,16.0,water_later
Pepper,seedling,9.9,61,sandy,95.3,6.5,22.8,28.4,53.5,13.2,5.8,168.0,no_watering
Potato,fruiting,12.4,36,sandy,42.5,42.8,12.8,42.4,47.9,6.9,3.1,86.0,no_watering
Potato,fruiting,18.6,31,sandy,52.4,31.3,13.7,76.4,57.3,17.6,10.8,15.0,water_later
Potato,seedling,12.1,47,clay,54.8,135.9,20.6,74.0,6.3,4.7,6.8,104.0,no_watering
Pepper,vegetative,15.6,114,sandy,98.3,1.9,29.0,55.0,0.9,8.8,2.2,61.0,no_watering
Potato,seedling,20.7,79,loam,71.9,31.1,16.2,32.7,15.1,3.7,10.2,41.0,water_later
Tomato,flowering,20.9,55,clay,70.5,26.6,21.4,59.3,1.2,8.8,5.5,64.0,no_watering
Pepper,fruiting,6.2,22,sandy,98.6,0.5,29.4,76.0,44.8,6.1,2.2,133.0,no_watering
Potato,fruiting,17.9,102,loam,76.5,7.5,24.7,38.6,80.9,11.2,11.5,14.0,water_later
Potato,vegetative,15.8,7,loam,62.1,38.1,23.5,87.2,46.8,8.6,5.9,168.0,no_watering
Tomato,fruiting,20.7,103,sandy,42.2,20.8,25.8,80.5,42.0,3.8,5.5,10.0,water_now
Potato,vegetative,16.7,19,loam,37.7,82.6,16.9,81.0,44.0,0.1,2.2,37.0,water_later
Potato,seedling,11.1,13,clay,67.6,93.4,14.3,86.5,24.4,24.9,9.9,168.0,no_watering
Pepper,seedling,8.2,145,loam,79.1,34.3,15.7,90.3,8.8,6.5,4.5,168.0,no_watering
Potato,flowering,13.8,63,sandy,44.0,25.9,19.4,86.3,18.0,7.6,10.0,7.0,water_now
Potato,fruiting,22.0,76,loam,44.0,38.5,18.4,86.3,61.7,8.9,6.4,12.0,water_now
Pepper,fruiting,9.6,21,loam,97.2,1.9,23.6,26.9,81.6,19.7,7.6,168.0,no_watering
Potato,flowering,12.8,100,loam,84.1,19.7,21.2,64.6,41.7,19.1,4.9,85.0,no_watering
Pepper,seedling,5.9,103,loam,73.6,31.3,20.7,94.0,77.8,3.0,3.1,168.0,no_watering
Potato,seedling,25.4,24,clay,43.9,69.2,20.8,64.3,56.5,18.0,11.7,62.0,no_watering
Pepper,vegetative,6.3,4,sandy,41.3,51.5,15.0,67.3,45.5,9.8,3.2,35.0,water_later
Tomato,flowering,14.5,129,clay,70.5,9.6,33.7,82.4,55.5,10.8,10.4,18.0,water_later
Tomato,vegetative,10.3,44,sandy,80.5,7.5,29.1,41.8,60.1,24.0,7.1,15.0,water_later
Pepper,flowering,9.3,18,sandy,62.6,14.1,29.7,32.5,35.0,14.5,6.2,13.0,water_later
Potato,fruiting,10.9,24,loam,82.0,23.1,27.4,92.4,45.1,21.5,6.7,168.0,no_watering
Pepper,fruiting,10.6,118,loam,71.6,9.4,18.7,35.6,25.1,19.1,8.6,13.0,water_later
Pepper,seedling,15.1,76,clay,77.8,33.9,28.5,51.4,59.3,6.5,6.7,168.0,no_watering
Pepper,flowering,11.4,16,sandy,82.6,14.0,32.4,29.7,84.1,11.9,2.3,168.0,no_watering
Tomato,vegetative,9.7,38,sandy,98.3,1.5,31.7,76.0,3.4,18.7,5.8,37.0,water_later
Pepper,seedling,15.2,30,clay,99.3,1.7,21.7,73.9,44.2,17.0,5.8,168.0,no_watering
Tomato,vegetative,14.9,5,clay,36.6,168.0,25.0,80.3,12.7,0.1,2.9,60.0,no_watering
Pepper,seedling,8.7,85,sandy,69.3,20.7,29.3,92.0,42.6,8.8,9.3,31.0,water_later
Potato,vegetative,27.6,45,sandy,72.0,9.3,19.5,68.8,10.6,5.8,10.7,12.0,water_now
Potato,flowering,10.5,130,loam,60.4,26.5,26.0,45.3,87.1,1.9,10.3,10.0,water_now
Tomato,flowering,14.4,5,loam,65.6,32.8,16.1,73.8,37.9,5.0,3.1,168.0,no_watering
Tomato,vegetative,11.3,11,sandy,94.3,2.4,30.5,48.1,85.3,22.6,9.6,38.0,water_later
Tomato,flowering,23.7,20,clay,40.2,28.0,33.0,66.9,65.1,2.6,8.1,12.0,water_now
Potato,vegetative,24.3,4,sandy,98.1,0.6,19.3,46.2,70.4,4.9,10.5,41.0,water_later
Pepper,seedling,11.1,18,loam,62.9,59.1,16.1,78.6,10.6,15.4,9.0,136.0,no_watering
Pepper,flowering,7.1,113,sandy,73.3,12.4,24.2,29.1,72.7,13.4,4.3,62.0,no_watering
Tomato,vegetative,21.0,133,loam,37.8,66.8,16.5,33.9,89.8,3.2,3.8,37.0,water_later
Pepper,seedling,12.2,128,loam,80.8,46.8,16.6,90.7,39.9,7.6,4.1,168.0,no_watering
Potato,flowering,29.1,135,sandy,70.2,38.8,16.2,87.5,63.5,15.5,5.2,16.0,water_later
Tomato,vegetative,22.6,122,sandy,70.9,16.6,31.0,61.5,12.8,24.4,5.0,39.0,water_later
Pepper,fruiting,15.5,13,loam,73.2,16.8,15.4,83.5,25.1,15.2,4.7,154.0,no_watering
Tomato,fruiting,14.2,5,sandy,63.0,16.4,15.8,39.4,68.7,23.4,3.8,168.0,no_watering
Potato,flowering,30.3,93,loam,84.2,6.4,27.4,81.7,77.9,19.6,7.9,86.0,no_watering
Potato,seedling,27.8,86,clay,53.7,74.5,21.4,91.7,51.1,13.0,11.3,61.0,no_watering
Pepper,fruiting,13.2,38,loam,87.0,12.3,34.4,34.2,48.9,8.4,2.2,168.0,no_watering
Tomato,flowering,13.8,99,sandy,74.5,8.5,27.5,79.8,75.2,21.2,10.1,9.0,water_now
Pepper,seedling,9.8,87,sandy,89.9,13.5,24.8,92.6,7.2,22.4,6.8,87.0,no_watering
Pepper,seedling,9.8,22,sandy,67.2,45.2,20.4,80.1,55.6,1.2,4.6,155.0,no_watering
Potato,seedling,14.1,107,sandy,71.0,57.1,20.6,55.8,23.3,6.4,5.2,43.0,water_later
Pepper,seedling,11.6,85,sandy,68.2,51.6,22.3,30.4,74.6,17.0,6.4,168.0,no_watering
Potato,fruiting,29.3,56,loam,56.8,21.8,14.4,47.9,84.8,7.4,9.9,14.0,water_later
Tomato,flowering,8.7,117,loam,74.6,17.7,32.7,88.8,45.7,14.5,2.3,168.0,no_watering
Tomato,fruiting,21.3,143,sandy,99.9,0.1,15.6,75.8,89.3,14.1,5.8,65.0,no_watering
Potato,fruiting,21.9,66,clay,74.5,20.5,14.1,86.5,24.2,20.9,10.0,125.0,no_watering
Tomato,flowering,11.9,67,sandy,83.6,4.3,29.6,50.3,86.2,10.2,6.6,13.0,water_later
Pepper,seedling,15.1,148,clay,62.2,61.2,28.7,67.4,83.3,6.1,6.5,168.0,no_watering
Pepper,vegetative,11.7,86,clay,61.6,33.8,31.7,48.9,56.9,19.3,3.2,168.0,no_watering
Tomato,fruiting,8.2,130,clay,95.5,4.8,17.3,43.4,75.0,0.6,7.5,56.0,no_watering
Tomato,vegetative,16.2,107,clay,43.3,51.4,25.1,52.2,10.7,22.4,6.2,15.0,water_later
Pepper,seedling,15.9,111,loam,64.2,75.2,15.9,76.7,39.2,18.9,5.5,168.0,no_watering
Tomato,vegetative,19.6,56,sandy,44.9,24.6,26.2,82.4,58.4,9.5,7.1,12.0,water_now
Tomato,flowering,23.1,126,clay,71.7,25.4,16.8,45.8,38.4,8.1,5.4,105.0,no_watering
Tomato,vegetative,8.7,92,loam,63.0,13.9,33.0,86.8,9.0,7.1,9.3,12.0,water_now
Pepper,flowering,10.4,138,clay,51.9,19.2,19.7,36.9,60.0,3.5,11.4,11.0,water_now
Potato,vegetative,10.6,123,sandy,86.9,5.2,27.3,92.2,33.3,7.0,7.4,14.0,water_later
Pepper,fruiting,10.7,65,sandy,80.9,6.5,32.5,45.6,23.7,21.6,3.1,15.0,water_later
Potato,seedling,31.3,42,sandy,39.8,85.4,25.7,77.1,56.8,12.8,4.2,168.0,no_watering
Tomato,flowering,22.3,99,sandy,68.9,9.9,15.7,32.0,79.0,0.9,9.1,11.0,water_now
Potato,seedling,15.4,122,loam,47.7,161.1,22.0,86.0,66.0,7.1,4.2,168.0,no_watering
Potato,seedling,30.9,106,clay,39.4,168.0,26.6,77.5,3.5,17.2,2.0,82.0,no_watering
Pepper,vegetative,12.0,100,sandy,54.5,27.3,25.2,71.0,44.1,15.8,3.8,37.0,water_later
Pepper,fruiting,8.2,49,loam,84.7,4.6,19.6,92.4,59.6,2.9,11.0,18.0,water_later
Pepper,seedling,8.8,103,loam,89.6,9.6,23.4,34.0,2.6,6.7,10.8,53.0,no_watering
Pepper,seedling,11.2,136,loam,87.6,26.5,21.8,72.2,24.1,18.2,6.1,168.0,no_watering
Potato,seedling,16.8,145,clay,48.4,168.0,19.0,65.1,55.0,3.2,3.7,168.0,no_watering
Tomato,seedling,20.8,8,clay,84.8,55.0,16.7,74.3,18.9,13.4,11.1,168.0,no_watering
Potato,fruiting,28.9,38,sandy,56.5,15.6,15.9,81.1,1.2,21.1,11.1,10.0,water_now
Potato,seedling,21.0,37,clay,36.6,120.0,25.5,28.0,24.5,3.1,4.8,85.0,no_watering
Pepper,fruiting,6.4,110,clay,39.8,32.7,30.6,43.9,1.8,18.6,2.8,13.0,water_later
Potato,vegetative,12.1,111,loam,90.9,4.7,22.0,52.4,27.2,11.5,10.3,18.0,water_later
Pepper,fruiting,9.1,80,loam,53.1,17.4,24.0,40.6,22.0,0.4,6.1,11.0,water_now
Potato,fruiting,30.9,35,sandy,72.6,14.0,25.0,75.0,33.3,14.1,6.5,38.0,water_later
Pepper,flowering,6.6,13,loam,48.5,16.2,28.2,30.9,36.3,21.0,7.6,36.0,water_later
Potato,vegetative,11.3,85,sandy,89.2,5.0,20.4,53.8,36.6,0.1,9.4,13.0,water_later
Tomato,fruiting,16.7,111,clay,81.1,13.5,20.9,70.6,66.0,23.0,5.2,168.0,no_watering
Potato,seedling,18.3,17,loam,45.8,50.6,24.9,36.3,79.7,12.4,9.5,168.0,no_watering
Potato,fruiting,13.1,132,loam,42.6,46.7,26.9,54.3,24.4,8.1,2.1,79.0,no_watering
Pepper,vegetative,6.6,71,clay,81.4,10.8,26.0,39.3,19.0,8.3,8.1,61.0,no_watering
Potato,vegetative,13.6,146,loam,46.6,82.7,24.2,58.2,28.1,4.7,5.2,22.0,water_later
Tomato,fruiting,13.3,52,clay,57.8,37.3,16.2,57.8,1.3,4.8,3.6,63.0,no_watering
Pepper,flowering,9.0,23,sandy,76.7,12.3,31.1,90.4,65.8,7.0,7.6,16.0,water_later
Potato,seedling,12.8,145,clay,72.4,56.0,20.9,70.1,66.4,15.4,5.8,168.0,no_watering
Pepper,vegetative,6.8,71,sandy,87.2,12.3,31.5,94.2,0.0,1.9,2.9,41.0,water_later
Tomato,fruiting,14.8,58,loam,50.7,18.7,24.0,46.2,42.7,7.8,9.6,10.0,water_now
Pepper,seedling,14.7,66,clay,89.2,20.3,32.7,91.9,39.7,17.4,11.5,159.0,no_watering
Potato,seedling,22.3,52,loam,58.8,106.6,19.4,49.4,38.2,15.4,2.3,168.0,no_watering
Tomato,fruiting,14.0,47,sandy,58.5,33.2,32.7,94.7,8.5,9.2,4.0,12.0,water_now
Potato,seedling,23.3,41,clay,37.9,142.1,12.6,44.2,5.2,14.3,6.8,38.0,water_later
Potato,fruiting,31.9,6,clay,91.9,5.9,22.7,59.3,2.6,22.4,6.7,168.0,no_watering
Potato,vegetative,29.2,47,clay,38.6,43.6,14.2,54.4,77.2,6.9,10.5,13.0,water_later
Tomato,seedling,13.3,55,clay,46.0,60.9,27.8,88.0,1.3,16.6,11.0,28.0,water_later
Potato,seedling,11.4,91,loam,40.5,132.6,26.0,60.1,62.0,10.2,9.3,11.0,water_now
Potato,seedling,16.8,69,sandy,89.3,10.3,21.5,33.2,10.5,2.3,6.7,57.0,no_watering
Tomato,vegetative,13.1,13,clay,35.7,84.4,26.9,26.4,65.2,6.2,3.7,168.0,no_watering
Potato,vegetative,26.4,48,loam,53.7,58.1,24.5,46.7,20.3,4.7,5.8,36.0,water_later
Tomato,vegetative,23.7,96,loam,58.1,66.7,19.9,55.8,40.5,15.8,2.9,168.0,no_watering
Tomato,seedling,23.2,121,loam,99.6,0.6,26.1,35.9,71.7,5.2,7.7,133.0,no_watering
Potato,flowering,12.0,95,sandy,37.0,20.8,25.1,43.1,42.8,11.7,6.7,8.0,water_now
Pepper,fruiting,12.2,71,sandy,58.3,21.6,33.9,47.6,30.3,22.6,3.0,18.0,water_later
Pepper,flowering,6.8,65,clay,75.1,14.3,26.5,77.6,35.9,20.9,6.4,85.0,no_watering
Potato,flowering,23.2,135,sandy,95.4,2.9,20.2,53.1,45.6,10.5,2.4,60.0,no_watering
Pepper,fruiting,11.5,30,clay,73.8,16.6,18.4,36.6,87.5,18.8,5.0,168.0,no_watering
Potato,flowering,27.3,25,loam,44.2,30.8,12.9,31.3,0.1,3.7,9.9,12.0,water_now
Tomato,flowering,12.9,127,sandy,82.1,7.6,18.5,85.0,33.7,11.9,6.4,15.0,water_later
Tomato,fruiting,16.8,114,loam,59.5,15.5,22.5,39.9,8.6,3.2,6.7,13.0,water_later
Tomato,fruiting,20.4,52,loam,62.6,9.8,32.1,82.4,60.3,24.3,9.3,11.0,water_now
Tomato,vegetative,20.3,97,loam,74.7,12.2,22.0,48.8,12.4,4.7,10.2,16.0,water_later
Pepper,fruiting,6.0,6,clay,55.2,28.4,23.1,37.6,86.3,10.5,3.5,168.0,no_watering
Pepper,seedling,10.1,20,sandy,91.1,12.7,16.7,73.0,45.6,17.2,3.0,168.0,no_watering
Pepper,fruiting,9.6,117,loam,42.5,22.5,16.1,54.7,64.1,21.1,9.4,9.0,water_now
Tomato,vegetative,23.7,106,loam,44.8,28.2,25.1,51.8,23.2,12.9,8.7,13.0,water_later
Potato,fruiting,19.6,103,sandy,64.9,9.3,19.9,27.8,22.7,8.4,10.7,9.0,water_now
Tomato,flowering,10.9,110,clay,76.3,34.5,21.8,26.2,47.8,9.9,5.2,140.0,no_watering
Tomato,seedling,10.0,37,loam,57.5,44.7,17.7,59.5,74.3,20.9,10.9,168.0,no_watering
Potato,fruiting,10.9,147,sandy,82.0,7.8,17.6,27.7,7.1,23.2,8.1,12.0,water_now
Pepper,fruiting,9.4,65,sandy,83.3,4.0,18.9,77.3,10.5,4.8,9.2,12.0,water_now
Pepper,vegetative,12.6,116,loam,95.8,4.3,16.0,65.1,24.9,16.8,4.2,106.0,no_watering
Pepper,vegetative,12.5,69,sandy,61.9,48.3,20.7,53.5,71.1,15.9,2.2,168.0,no_watering
Tomato,vegetative,8.3,95,loam,81.3,14.1,21.2,29.5,29.6,9.7,4.9,83.0,no_watering
Potato,seedling,17.5,104,loam,90.5,33.2,17.4,82.6,60.6,6.4,3.5,168.0,no_watering
Potato,seedling,23.9,112,loam,99.0,2.8,21.5,49.2,40.6,11.7,4.1,168.0,no_watering
Potato,vegetative,23.7,74,loam,83.8,8.2,21.6,54.1,21.1,23.0,9.6,30.0,water_later
Pepper,seedling,6.1,147,sandy,46.6,45.3,19.6,94.4,88.1,13.8,7.7,168.0,no_watering
Tomato,fruiting,22.4,114,clay,78.2,11.0,20.3,78.9,28.6,13.4,8.3,35.0,water_later
Tomato,fruiting,15.9,1,sandy,95.1,1.9,23.8,82.8,74.7,19.1,6.5,168.0,no_watering
Tomato,seedling,14.1,91,clay,76.4,73.5,27.4,93.2,45.3,2.0,6.1,168.0,no_watering
Potato,fruiting,30.8,4,sandy,65.7,13.3,17.5,42.5,54.1,19.7,7.7,52.0,no_watering
Potato,vegetative,28.7,49,clay,46.4,36.3,14.7,50.8,26.4,22.4,10.7,15.0,water_later
Potato,fruiting,20.1,17,loam,46.5,42.2,23.6,56.1,54.4,8.3,4.4,62.0,no_watering
Tomato,vegetative,15.4,129,clay,79.0,19.8,33.3,25.5,6.3,10.4,2.3,126.0,no_watering
Potato,seedling,25.7,121,clay,63.5,137.6,22.3,94.2,74.5,18.1,9.1,168.0,no_watering
Pepper,fruiting,12.9,113,sandy,43.1,15.1,25.7,70.5,52.2,19.8,6.3,14.0,water_later
Tomato,flowering,14.6,104,sandy,48.7,21.0,21.5,88.9,41.2,17.7,10.0,7.0,water_now
Tomato,flowering,13.5,114,loam,51.8,20.2,28.1,48.1,13.3,7.2,6.5,12.0,water_now
Pepper,flowering,12.9,44,clay,54.8,32.7,21.4,75.1,66.9,17.4,7.7,168.0,no_watering
Potato,flowering,28.9,39,sandy,72.9,8.0,16.4,41.0,64.9,18.6,10.5,19.0,water_later
Pepper,fruiting,11.8,57,loam,90.4,6.4,18.6,49.1,83.3,16.2,3.6,168.0,no_watering
Potato,fruiting,13.9,23,loam,57.3,20.3,27.3,26.0,54.8,18.2,11.5,36.0,water_later
Potato,vegetative,17.8,111,clay,89.6,6.4,19.8,88.9,32.7,0.8,11.1,39.0,water_later
Tomato,flowering,16.1,9,sandy,70.0,8.7,20.2,92.3,51.0,6.2,10.5,17.0,water_later
Potato,vegetative,25.2,40,sandy,64.6,11.7,23.1,42.2,25.0,18.6,8.9,12.0,water_now
Tomato,vegetative,16.4,132,loam,72.8,40.0,16.2,40.9,4.6,19.8,7.9,35.0,water_later
Tomato,fruiting,9.9,2,loam,49.0,30.0,16.6,38.8,38.7,22.6,7.4,19.0,water_later
Pepper,vegetative,11.5,74,loam,51.4,17.0,28.3,77.9,15.9,12.7,11.9,9.0,water_now
Pepper,flowering,7.9,146,clay,67.7,16.5,26.2,48.9,85.1,12.2,8.8,32.0,water_later
Potato,fruiting,20.9,103,loam,41.1,48.4,15.0,78.2,74.0,4.8,8.7,11.0,water_now
Tomato,vegetative,12.9,101,clay,79.5,33.4,20.8,78.6,29.1,4.8,6.7,83.0,no_watering
Tomato,vegetative,17.8,41,loam,77.5,11.9,18.0,92.0,84.0,11.8,11.8,41.0,water_later
Pepper,flowering,6.6,114,loam,64.2,12.7,22.0,49.8,0.5,23.5,9.5,12.0,water_now
Pepper,flowering,12.1,107,sandy,88.2,9.4,17.9,57.0,26.5,9.3,4.7,34.0,water_later
Pepper,fruiting,8.6,37,loam,67.7,28.8,26.8,39.0,29.3,12.0,4.1,36.0,water_later
Potato,fruiting,30.9,42,clay,97.4,2.1,28.1,79.7,54.6,9.4,5.9,168.0,no_watering
Tomato,flowering,12.4,146,clay,43.7,140.5,22.0,89.7,65.9,20.6,3.1,168.0,no_watering
Tomato,flowering,17.2,80,clay,70.5,32.7,25.7,55.7,26.2,0.5,5.3,57.0,no_watering
Tomato,flowering,23.3,69,loam,49.0,25.4,21.9,79.1,30.0,16.9,9.5,11.0,water_now
Pepper,flowering,11.6,124,loam,62.8,8.9,34.6,34.8,5.4,24.7,8.4,10.0,water_now
Tomato,fruiting,23.9,95,loam,70.0,10.9,33.2,86.1,66.1,14.1,5.3,36.0,water_later
Tomato,vegetative,20.8,115,sandy,74.7,5.5,31.1,31.1,38.8,6.9,11.2,9.0,water_now
Potato,vegetative,24.3,142,clay,69.3,38.1,13.2,70.3,80.0,10.0,5.4,168.0,no_watering
Tomato,fruiting,8.3,80,clay,49.5,33.2,19.3,54.9,58.8,5.0,4.6,32.0,water_later
Potato,flowering,29.7,4,loam,44.6,70.1,24.2,65.4,54.2,21.1,3.9,168.0,no_watering
Tomato,flowering,23.3,148,loam,48.6,65.5,21.2,47.1,21.0,23.0,4.3,14.0,water_later
Pepper,seedling,6.5,128,loam,59.4,26.3,33.9,55.8,18.8,1.2,10.3,15.0,water_later
Pepper,vegetative,7.3,19,clay,46.4,70.1,23.0,82.0,68.1,3.0,2.9,168.0,no_watering
Potato,flowering,26.5,76,loam,87.0,5.3,17.4,38.4,85.0,0.4,11.9,15.0,water_later
Pepper,fruiting,15.6,149,clay,39.2,61.5,17.1,50.2,7.6,16.1,5.1,12.0,water_now
Pepper,seedling,15.5,2,sandy,44.1,120.9,20.8,70.3,46.7,3.5,5.2,135.0,no_watering
Tomato,seedling,17.5,27,sandy,75.1,44.4,19.0,76.8,46.7,3.8,4.9,154.0,no_watering
Potato,vegetative,18.0,136,loam,48.3,48.7,27.7,80.1,23.9,8.0,2.3,85.0,no_watering
Tomato,flowering,8.5,90,clay,61.5,46.4,23.9,76.4,47.3,4.0,3.4,84.0,no_watering
Pepper,vegetative,6.0,128,clay,98.9,0.6,35.8,32.9,72.8,0.0,6.8,56.0,no_watering
Pepper,flowering,6.4,124,loam,81.6,6.3,28.8,50.6,51.4,3.1,8.1,14.0,water_later
Tomato,vegetative,11.6,38,sandy,92.6,6.4,16.6,31.6,65.7,7.5,6.0,151.0,no_watering
Pepper,flowering,13.4,120,sandy,72.7,8.3,17.8,54.5,56.9,19.9,8.6,14.0,water_later
Tomato,vegetative,18.2,52,loam,35.8,38.7,30.9,41.6,56.6,20.4,6.0,9.0,water_now
Pepper,fruiting,15.9,138,clay,83.4,7.9,24.5,43.4,30.4,22.3,6.4,58.0,no_watering
Pepper,fruiting,13.5,55,loam,84.6,8.7,24.6,31.8,57.8,24.1,10.6,13.0,water_later
Tomato,vegetative,23.6,65,loam,43.2,31.5,30.8,33.4,88.6,2.1,9.1,9.0,water_now
Potato,vegetative,18.7,30,sandy,89.6,5.6,28.0,94.9,67.0,13.1,3.9,168.0,no_watering
Tomato,seedling,20.8,102,loam,69.5,53.6,21.9,41.1,57.1,21.5,11.5,115.0,no_watering
Potato,vegetative,21.9,135,loam,38.2,63.6,28.2,54.7,87.5,22.3,4.0,11.0,water_now
Pepper,vegetative,12.9,92,sandy,78.4,7.3,21.3,30.2,86.3,1.5,9.1,13.0,water_later
Tomato,vegetative,15.7,97,loam,98.6,0.7,18.0,93.0,35.2,4.8,11.8,36.0,water_later
Pepper,seedling,7.5,23,clay,82.2,21.1,34.9,34.8,39.9,16.8,6.0,168.0,no_watering
Pepper,seedling,12.0,45,sandy,73.9,18.4,25.9,61.7,11.2,18.6,9.7,55.0,no_watering
Tomato,seedling,22.1,133,sandy,96.7,2.5,29.3,75.4,10.2,11.7,10.8,30.0,water_later
Tomato,fruiting,20.1,36,clay,74.2,8.7,19.3,32.2,76.5,12.4,12.0,38.0,water_later
Pepper,fruiting,5.6,49,loam,82.6,5.3,17.2,78.9,60.0,6.3,10.4,16.0,water_later
Tomato,seedling,9.6,149,clay,73.4,52.2,30.3,42.0,74.4,12.2,6.9,168.0,no_watering
Potato,fruiting,23.3,86,clay,42.0,65.0,26.8,71.7,10.6,19.1,2.4,36.0,water_later
Potato,fruiting,27.9,78,loam,63.6,16.0,24.2,27.8,84.6,20.3,8.5,17.0,water_later
Potato,fruiting,24.7,62,sandy,96.5,5.0,12.4,64.7,2.6,11.4,2.2,107.0,no_watering
Pepper,flowering,14.0,105,sandy,64.0,24.2,22.2,93.2,57.1,19.2,4.5,35.0,water_later
Tomato,flowering,19.9,92,sandy,67.5,19.5,29.3,79.7,66.6,20.9,3.7,61.0,no_watering
Pepper,flowering,6.1,31,sandy,67.3,9.2,30.2,69.8,77.0,12.1,5.1,60.0,no_watering
Pepper,flowering,13.3,84,clay,72.8,15.7,35.1,47.6,68.1,13.5,3.1,168.0,no_watering
Potato,seedling,14.4,51,loam,61.3,91.1,13.5,66.9,31.8,3.3,10.8,42.0,water_later
Tomato,flowering,17.8,100,sandy,88.7,3.8,33.4,47.7,24.6,12.4,4.2,15.0,water_later
Potato,vegetative,15.4,128,sandy,35.8,44.2,15.8,70.4,43.5,11.0,4.2,13.0,water_later
Potato,vegetative,19.1,106,loam,92.8,3.4,26.4,65.7,88.4,20.1,8.3,168.0,no_watering
Pepper,flowering,9.0,129,clay,40.0,41.2,34.4,41.4,88.8,6.2,7.4,10.0,water_now
Potato,vegetative,12.1,91,sandy,69.8,8.9,27.6,94.0,64.8,17.9,9.1,17.0,water_later
Potato,vegetative,20.2,149,loam,67.3,38.3,21.8,28.7,2.0,11.2,8.2,15.0,water_later
Tomato,flowering,15.6,142,loam,97.1,1.3,28.4,29.5,65.5,17.8,5.5,83.0,no_watering
Pepper,vegetative,15.8,119,loam,78.9,22.4,19.5,56.6,45.7,10.2,7.4,36.0,water_later
Potato,flowering,29.0,79,sandy,73.2,5.5,28.5,28.7,65.7,18.3,9.5,11.0,water_now
Potato,vegetative,28.4,86,sandy,56.6,21.3,12.5,90.0,85.4,9.7,9.3,13.0,water_later
Pepper,fruiting,6.5,28,loam,81.0,8.4,22.2,31.7,36.1,5.7,5.6,40.0,water_later
Potato,seedling,17.5,56,clay,74.4,116.3,24.8,61.7,15.2,24.1,2.2,168.0,no_watering
Tomato,seedling,13.2,29,sandy,59.4,40.2,20.8,81.0,55.9,4.5,7.7,81.0,no_watering
Pepper,seedling,14.6,116,clay,92.9,8.2,34.2,67.0,45.7,20.4,7.7,168.0,no_watering
Tomato,seedling,23.0,102,loam,95.7,15.3,31.9,80.6,53.1,4.2,3.2,168.0,no_watering
Pepper,vegetative,11.6,117,clay,95.4,1.7,35.9,89.4,85.0,16.7,11.4,31.0,water_later
Pepper,vegetative,9.0,147,loam,61.3,69.9,20.0,82.2,43.2,21.1,3.9,168.0,no_watering
Potato,seedling,28.7,59,clay,71.6,50.6,13.5,70.8,49.2,5.0,11.1,91.0,no_watering
Tomato,fruiting,20.2,16,loam,59.5,49.6,20.6,68.8,50.5,15.2,6.0,36.0,water_later
Pepper,flowering,13.5,112,loam,96.5,2.2,29.7,61.9,51.4,4.3,2.4,106.0,no_watering
Potato,seedling,21.8,102,sandy,97.7,4.0,12.8,46.2,39.0,12.7,3.9,168.0,no_watering
Tomato,flowering,18.9,11,sandy,47.1,21.7,15.8,40.0,18.3,5.2,6.6,13.0,water_later
Potato,seedling,11.0,137,sandy,53.9,71.0,18.5,88.0,29.8,4.4,3.2,87.0,no_watering
Tomato,flowering,22.7,64,loam,75.4,10.3,22.6,35.9,51.3,21.6,8.0,63.0,no_watering
Pepper,vegetative,15.3,126,loam,35.7,50.9,28.7,89.0,17.1,19.5,6.1,9.0,water_now
Potato,seedling,23.8,18,sandy,78.1,58.0,18.7,73.7,14.3,19.8,6.5,153.0,no_watering
Tomato,flowering,10.7,43,loam,80.2,7.2,29.1,91.9,51.3,2.7,9.2,18.0,water_later
Pepper,vegetative,15.5,17,loam,99.7,0.3,26.6,59.9,3.4,9.7,3.3,168.0,no_watering
Potato,seedling,15.3,76,sandy,73.8,36.0,22.5,55.7,87.7,19.2,3.4,168.0,no_watering
Pepper,seedling,11.3,135,loam,94.9,3.6,34.9,48.9,5.1,9.5,11.5,35.0,water_later
Potato,seedling,15.0,37,loam,36.6,149.5,22.7,48.5,47.6,13.9,9.2,11.0,water_now
Potato,flowering,11.2,48,sandy,75.2,7.2,23.6,53.7,3.5,22.5,7.3,14.0,water_later
Tomato,seedling,14.1,6,sandy,42.8,41.7,25.7,82.0,49.1,0.5,9.7,15.0,water_later
Pepper,fruiting,8.1,147,clay,79.4,10.2,27.9,56.5,57.3,12.0,9.5,16.0,water_later
Tomato,fruiting,16.6,132,loam,46.3,17.5,21.8,35.1,33.1,0.5,8.4,9.0,water_now
Pepper,vegetative,5.5,53,sandy,99.2,0.2,23.6,86.6,84.8,10.5,10.5,15.0,water_later
Pepper,fruiting,9.9,37,clay,60.9,24.0,23.2,50.4,64.1,14.2,5.3,40.0,water_later
Potato,flowering,29.8,71,sandy,76.9,12.5,21.3,78.5,48.9,11.3,6.1,20.0,water_later
Potato,fruiting,11.1,141,clay,60.0,58.3,15.7,63.6,2.1,5.2,3.6,83.0,no_watering
Potato,vegetative,16.0,48,sandy,61.1,44.3,24.7,64.4,22.1,18.5,3.6,59.0,no_watering
Pepper,flowering,11.7,13,sandy,37.3,12.9,31.0,62.1,0.8,21.6,8.3,7.0,water_now
Pepper,seedling,8.4,136,sandy,48.8,60.5,33.9,39.2,52.5,20.7,3.5,17.0,water_later
Pepper,vegetative,8.2,136,loam,44.9,55.4,17.1,64.3,36.9,14.0,11.0,9.0,water_now
Pepper,flowering,12.6,6,loam,44.5,33.8,34.0,93.3,79.2,11.8,8.6,33.0,water_later
Tomato,seedling,17.4,145,loam,72.2,26.9,33.8,50.4,85.2,14.2,6.4,168.0,no_watering
Pepper,seedling,14.8,140,sandy,60.6,81.4,16.4,34.4,86.4,4.9,5.0,168.0,no_watering
Pepper,flowering,12.8,88,sandy,87.0,2.2,34.9,30.8,89.3,9.1,8.0,11.0,water_now
Tomato,flowering,23.7,46,clay,45.8,45.5,32.2,26.6,40.4,10.8,5.2,15.0,water_later
Pepper,fruiting,12.3,3,sandy,95.2,0.8,22.0,27.2,34.3,22.6,10.7,16.0,water_later
Pepper,seedling,12.6,51,loam,68.3,69.0,20.7,51.3,84.9,18.0,5.7,168.0,no_watering
Tomato,fruiting,12.5,134,loam,87.4,4.7,16.6,56.5,2.1,3.2,8.7,17.0,water_later
Tomato,vegetative,9.2,3,sandy,85.6,12.0,22.1,35.8,72.6,21.8,10.0,33.0,water_later
Tomato,vegetative,17.3,19,clay,56.5,51.3,33.3,92.8,63.4,5.0,8.3,58.0,no_watering
Tomato,vegetative,9.5,58,sandy,50.1,10.2,33.1,25.3,56.3,4.8,9.9,8.0,water_now
Tomato,fruiting,17.7,76,sandy,91.2,2.7,18.5,45.2,7.2,24.4,8.8,12.0,water_now
Tomato,vegetative,19.2,95,sandy,55.9,42.1,28.4,30.3,53.3,15.0,3.9,14.0,water_later
Potato,flowering,14.8,113,clay,35.5,98.5,16.3,49.1,5.8,1.6,4.4,12.0,water_now
Potato,seedling,23.6,101,sandy,81.5,11.5,25.9,30.6,28.7,19.3,9.6,18.0,water_later
Pepper,seedling,11.3,114,loam,87.7,17.2,30.3,47.3,28.2,25.0,5.6,168.0,no_watering
Tomato,vegetative,8.7,134,loam,95.0,3.8,21.7,57.5,40.7,3.6,6.6,58.0,no_watering
Pepper,fruiting,15.4,3,sandy,91.6,2.3,33.3,80.2,71.2,16.5,5.8,51.0,no_watering
Tomato,vegetative,11.5,46,loam,47.9,67.3,15.3,58.1,86.0,13.7,4.7,168.0,no_watering
Tomato,fruiting,17.7,144,clay,66.7,27.7,24.5,55.5,6.0,8.1,10.5,14.0,water_later
Potato,flowering,13.1,51,loam,66.9,22.1,20.8,59.6,28.0,15.5,4.2,168.0,no_watering
Tomato,vegetative,16.5,10,clay,43.3,40.2,21.5,51.1,40.2,10.4,8.9,43.0,water_later
Pepper,vegetative,15.0,87,loam,66.0,10.6,34.0,69.4,29.8,4.9,11.0,11.0,water_now
Pepper,vegetative,12.8,132,sandy,71.6,21.1,27.8,81.9,34.6,3.7,4.5,23.0,water_later
Tomato,fruiting,15.4,118,loam,39.4,14.6,32.1,91.3,24.9,3.6,9.3,7.0,water_now
Tomato,fruiting,11.9,143,sandy,66.4,5.6,27.0,47.9,43.6,7.9,10.2,8.0,water_now
Potato,vegetative,28.1,132,clay,42.8,104.3,23.0,92.0,47.1,12.6,8.0,37.0,water_later
Pepper,fruiting,12.7,114,sandy,54.2,11.2,32.9,45.9,7.1,11.6,4.0,10.0,water_now
Tomato,fruiting,18.0,30,loam,42.0,20.2,25.6,66.6,54.6,7.1,9.6,9.0,water_now
Tomato,flowering,23.3,56,loam,59.0,23.6,17.4,85.7,2.3,10.9,7.5,17.0,water_later
Pepper,vegetative,8.6,77,clay,71.8,44.8,32.6,27.4,65.0,17.8,4.8,168.0,no_watering
Tomato,seedling,10.2,51,loam,41.0,69.9,16.9,36.4,37.1,18.8,9.1,14.0,water_later
Pepper,seedling,10.8,18,sandy,88.5,16.8,28.5,52.7,82.0,6.5,3.5,168.0,no_watering
Tomato,seedling,8.8,143,sandy,49.2,57.3,31.0,40.8,12.4,8.0,2.4,35.0,water_later
Potato,fruiting,10.4,30,clay,80.3,23.3,25.0,59.5,3.2,5.7,8.7,59.0,no_watering
Tomato,flowering,19.2,2,sandy,45.7,22.3,26.1,50.8,56.5,15.6,11.0,9.0,water_now
Potato,flowering,21.2,59,loam,56.7,22.3,14.7,39.1,58.5,11.3,8.1,14.0,water_later
Potato,fruiting,14.5,85,sandy,95.7,5.6,13.9,52.1,67.3,20.8,3.1,168.0,no_watering
Tomato,flowering,13.8,4,loam,92.5,7.1,16.0,68.8,1.1,20.7,7.7,105.0,no_watering
Pepper,vegetative,10.5,72,sandy,60.4,14.0,30.1,75.4,53.7,19.9,6.6,11.0,water_now
Tomato,seedling,17.9,46,loam,90.7,8.9,31.8,84.7,34.3,14.2,8.2,168.0,no_watering
Tomato,seedling,13.9,4,loam,59.2,53.0,27.3,93.0,69.3,22.5,9.4,168.0,no_watering
Tomato,flowering,15.3,102,clay,42.8,18.9,32.7,93.8,2.7,23.3,11.1,8.0,water_now
Tomato,seedling,9.8,105,loam,80.2,23.1,28.8,56.9,43.2,18.3,10.9,87.0,no_watering
Tomato,seedling,14.4,86,sandy,65.3,33.5,22.2,27.6,4.0,1.6,6.3,35.0,water_later
Pepper,flowering,12.9,67,sandy,97.6,1.1,19.3,43.7,0.2,16.3,8.7,14.0,water_later
Potato,fruiting,22.3,90,loam,83.3,10.2,24.0,80.4,41.1,11.8,9.2,34.0,water_later
Pepper,flowering,13.0,70,clay,61.5,22.1,26.4,47.4,31.3,7.3,8.4,24.0,water_later
Potato,fruiting,24.9,54,sandy,51.5,52.1,18.9,92.3,42.0,18.8,2.9,168.0,no_watering
Potato,vegetative,29.6,124,loam,44.4,29.4,17.8,89.3,14.3,20.0,11.8,9.0,water_now
Tomato,fruiting,9.3,38,sandy,37.7,15.5,23.0,32.8,49.5,23.6,7.0,8.0,water_now
Tomato,flowering,15.8,59,clay,95.9,3.3,21.2,83.6,51.9,18.7,5.7,168.0,no_watering
Tomato,vegetative,18.2,145,sandy,47.2,17.6,23.6,83.4,72.0,12.4,11.0,8.0,water_now
Tomato,flowering,11.9,5,sandy,41.3,51.5,22.7,82.8,10.9,4.6,7.4,11.0,water_now
Potato,seedling,11.5,45,sandy,78.0,13.0,19.7,33.3,34.9,5.2,11.4,24.0,water_later
Potato,fruiting,24.0,105,loam,67.5,30.9,22.1,72.5,77.5,9.6,11.8,12.0,water_now
Tomato,fruiting,19.0,144,sandy,66.9,6.8,26.8,49.6,68.3,2.2,11.7,8.0,water_now
Potato,seedling,11.8,90,clay,64.6,55.7,24.3,75.1,42.2,8.1,11.2,85.0,no_watering
Potato,fruiting,14.8,67,sandy,91.1,5.1,19.0,25.7,45.2,11.6,3.3,60.0,no_watering
Potato,fruiting,27.6,135,clay,42.6,66.8,21.1,75.7,26.4,4.1,4.5,34.0,water_later
Potato,flowering,19.4,116,sandy,66.3,55.9,23.7,92.8,72.6,22.6,2.8,168.0,no_watering
Pepper,seedling,8.3,105,clay,67.1,71.3,19.7,85.6,82.0,2.5,7.8,168.0,no_watering
Tomato,seedling,15.0,81,clay,69.1,120.4,22.0,73.9,37.7,0.8,2.2,168.0,no_watering
Potato,fruiting,11.5,136,clay,65.9,26.0,13.5,86.4,78.8,3.0,8.6,40.0,water_later
Tomato,vegetative,18.6,98,sandy,52.1,27.1,23.5,94.8,52.4,2.9,5.7,13.0,water_later
Tomato,vegetative,10.4,100,sandy,38.9,88.6,17.5,74.1,52.7,0.2,2.1,12.0,water_now
Tomato,flowering,22.7,26,loam,65.9,32.2,31.4,81.1,49.8,15.7,3.9,168.0,no_watering
Tomato,vegetative,18.7,37,sandy,66.0,8.9,31.3,35.2,67.8,21.0,9.6,34.0,water_later
Tomato,flowering,14.5,139,sandy,60.7,11.8,29.3,28.0,35.2,15.2,5.2,12.0,water_now
Tomato,vegetative,15.7,90,clay,91.7,10.2,33.0,60.7,25.9,19.3,6.1,62.0,no_watering
Potato,seedling,19.2,59,sandy,85.2,15.3,21.5,74.3,41.8,20.2,9.8,106.0,no_watering
Pepper,flowering,14.2,130,loam,65.5,13.6,27.7,89.4,62.0,17.4,10.6,13.0,water_later
Potato,vegetative,20.3,94,clay,68.6,87.2,13.5,59.3,84.1,21.9,5.4,168.0,no_watering
Potato,vegetative,16.9,50,loam,57.7,38.2,27.4,88.5,60.8,7.0,7.7,36.0,water_later
Pepper,vegetative,13.5,107,clay,54.2,17.8,33.7,34.7,49.8,5.1,9.7,13.0,water_later
Potato,vegetative,12.6,28,clay,73.9,23.4,24.3,45.4,58.3,12.4,4.5,168.0,no_watering
Pepper,fruiting,12.9,145,sandy,51.6,15.6,34.6,57.1,73.2,24.6,5.4,12.0,water_now
Tomato,vegetative,21.0,63,loam,70.8,15.8,19.8,59.7,23.9,24.5,11.3,59.0,no_watering
Pepper,seedling,10.2,11,sandy,58.5,59.5,23.1,33.4,9.7,13.4,3.8,108.0,no_watering
Tomato,fruiting,11.3,43,clay,56.9,28.3,31.9,64.7,21.7,5.5,2.1,85.0,no_watering
Potato,flowering,30.4,144,sandy,73.0,34.3,18.0,41.5,34.5,13.5,2.2,114.0,no_watering
Tomato,seedling,17.1,33,sandy,43.1,40.2,26.7,93.2,41.4,4.1,10.1,11.0,water_now
Tomato,flowering,9.7,35,loam,74.0,14.1,19.5,46.6,76.3,10.2,7.8,86.0,no_watering
Pepper,vegetative,13.1,101,loam,70.2,36.8,23.1,68.1,39.3,21.9,5.8,37.0,water_later
Pepper,seedling,10.5,125,clay,59.2,111.2,27.9,83.7,61.5,4.2,8.1,86.0,no_watering
Tomato,vegetative,13.0,144,clay,50.0,49.8,22.7,42.4,61.8,14.1,4.9,155.0,no_watering
Potato,seedling,19.9,67,loam,59.8,70.7,25.6,52.2,38.2,10.9,5.5,129.0,no_watering
Tomato,flowering,13.9,80,clay,90.5,6.5,33.9,58.5,17.6,0.9,3.7,85.0,no_watering
Pepper,seedling,13.4,79,sandy,80.2,37.1,16.9,89.1,23.0,3.7,2.9,155.0,no_watering
Pepper,flowering,14.6,86,sandy,39.3,30.8,18.9,53.7,70.5,21.8,3.7,11.0,water_now
Potato,vegetative,16.3,12,sandy,36.1,41.2,20.0,54.6,69.6,6.7,3.7,168.0,no_watering
Tomato,seedling,20.5,2,sandy,69.7,64.0,25.5,50.8,77.0,19.2,3.8,168.0,no_watering
Tomato,seedling,14.3,86,clay,50.7,71.9,18.2,57.8,25.1,6.1,10.5,36.0,water_later
Potato,seedling,25.7,69,sandy,98.9,4.0,14.8,67.4,71.9,16.9,2.4,168.0,no_watering
Potato,fruiting,29.6,112,clay,86.1,10.6,19.9,70.3,67.6,13.1,7.2,84.0,no_watering
Tomato,fruiting,10.0,62,sandy,89.7,2.0,15.7,30.1,33.8,9.3,11.9,10.0,water_now
Pepper,vegetative,13.3,112,clay,64.2,25.7,19.5,79.3,58.4,7.5,9.5,40.0,water_later
Tomato,seedling,22.4,70,loam,81.3,19.8,32.2,42.7,37.4,1.3,6.0,82.0,no_watering
Potato,seedling,16.5,44,loam,77.5,74.3,12.9,57.6,73.9,13.8,5.9,168.0,no_watering
Pepper,seedling,8.9,84,sandy,99.5,0.6,19.1,89.5,5.4,12.7,3.7,155.0,no_watering
Potato,flowering,10.5,120,loam,75.4,18.0,18.9,80.9,52.7,22.1,6.6,41.0,water_later
Pepper,fruiting,13.4,23,sandy,71.8,7.5,15.8,79.6,74.2,8.3,9.3,14.0,water_later
Pepper,flowering,6.6,46,sandy,52.9,21.7,31.0,38.7,85.8,4.9,8.2,8.0,water_now
Tomato,fruiting,20.8,10,sandy,99.4,0.3,31.8,54.9,77.3,6.6,7.7,34.0,water_later
Tomato,vegetative,15.5,52,loam,40.2,28.3,33.6,89.7,65.5,9.3,6.9,13.0,water_later
Pepper,flowering,11.9,121,clay,81.6,8.7,21.9,35.9,70.0,6.1,8.8,38.0,water_later
Tomato,fruiting,15.7,89,loam,82.1,17.6,21.2,60.6,72.2,6.4,7.0,35.0,water_later
Tomato,vegetative,21.5,76,sandy,45.0,31.3,19.2,91.9,37.1,10.0,6.6,13.0,water_later
Pepper,flowering,5.9,9,loam,39.3,19.2,18.4,58.7,36.5,10.8,11.3,9.0,water_now
Pepper,seedling,8.7,61,loam,99.9,0.2,22.8,46.6,76.5,7.2,6.9,168.0,no_watering
Tomato,flowering,10.5,81,clay,40.3,163.6,21.2,51.4,44.3,2.3,2.8,35.0,water_later
Potato,vegetative,31.8,137,loam,98.9,1.3,12.0,37.4,63.0,16.7,3.3,168.0,no_watering
Tomato,vegetative,22.3,138,clay,99.2,1.6,21.3,27.7,71.1,22.4,7.8,168.0,no_watering
Pepper,seedling,7.9,91,sandy,74.8,28.0,21.1,83.6,23.4,16.1,2.7,168.0,no_watering
Potato,seedling,20.9,121,sandy,57.0,52.1,15.8,44.9,32.3,12.7,5.9,76.0,no_watering
Potato,fruiting,19.2,23,sandy,78.3,8.6,27.8,80.6,14.0,2.0,10.5,13.0,water_later
Tomato,vegetative,9.7,36,clay,85.1,26.8,23.5,35.5,43.3,10.2,2.7,168.0,no_watering
Potato,flowering,30.6,8,sandy,45.2,57.3,15.6,58.1,75.7,20.1,2.3,168.0,no_watering
Tomato,fruiting,15.4,106,loam,64.2,7.1,33.4,79.9,59.3,24.0,10.6,9.0,water_now
Potato,vegetative,10.2,132,loam,66.6,39.0,25.3,91.8,21.6,15.1,6.2,32.0,water_later
Tomato,vegetative,14.7,16,loam,87.0,7.7,29.6,69.2,69.4,24.2,9.1,168.0,no_watering
Tomato,vegetative,13.3,92,clay,69.5,22.3,27.5,76.6,55.1,10.9,7.0,62.0,no_watering
Tomato,fruiting,23.4,61,loam,64.7,11.1,26.2,45.3,56.4,19.8,12.0,10.0,water_now
Pepper,fruiting,15.1,133,loam,73.4,15.5,27.8,41.2,76.7,20.4,5.2,110.0,no_watering
Potato,flowering,18.7,65,sandy,88.4,9.0,12.1,41.0,86.3,20.1,4.2,38.0,water_later
Potato,fruiting,10.4,74,clay,86.2,6.2,26.8,76.3,52.2,13.4,9.7,42.0,water_later
Pepper,seedling,14.4,103,clay,46.5,90.9,34.4,52.2,7.2,16.2,9.3,17.0,water_later
Tomato,seedling,10.1,64,loam,78.7,34.9,29.2,43.1,65.6,9.0,8.6,113.0,no_watering
Pepper,flowering,16.0,1,sandy,45.1,23.5,29.5,69.7,21.6,19.5,2.8,32.0,water_later
Pepper,vegetative,6.2,72,loam,85.7,6.4,24.5,33.5,55.3,19.6,9.7,18.0,water_later
Tomato,flowering,10.8,119,clay,36.2,39.3,30.3,63.2,7.8,1.6,4.5,11.0,water_now
Pepper,vegetative,10.7,128,loam,84.2,11.9,29.5,38.6,71.3,10.8,11.9,15.0,water_later
Potato,fruiting,14.7,111,sandy,83.6,5.7,15.2,69.6,75.1,23.3,9.7,18.0,water_later
Pepper,fruiting,9.3,3,sandy,64.4,13.2,28.5,38.9,59.8,9.3,2.4,168.0,no_watering
Pepper,seedling,15.7,89,clay,73.7,22.8,33.1,31.0,42.6,13.8,10.4,87.0,no_watering
Potato,flowering,12.6,44,clay,51.0,24.6,25.8,80.0,77.3,1.4,8.4,17.0,water_later
Potato,vegetative,25.3,55,sandy,90.2,5.2,25.9,94.9,44.8,18.5,4.8,81.0,no_watering
Tomato,seedling,23.7,15,clay,95.5,6.4,21.2,74.8,10.2,24.4,10.7,168.0,no_watering
Pepper,flowering,14.8,114,loam,50.0,26.4,18.8,39.9,67.9,22.8,10.0,9.0,water_now
Potato,flowering,29.9,63,loam,95.5,2.3,23.2,32.0,59.2,6.7,6.0,54.0,no_watering
Tomato,seedling,9.5,16,loam,37.8,46.4,32.9,25.3,14.3,23.5,10.9,10.0,water_now
Tomato,seedling,13.3,109,sandy,41.8,65.7,18.5,89.3,11.4,18.4,9.0,11.0,water_now
Potato,vegetative,31.8,36,sandy,86.7,11.4,12.1,61.6,38.7,15.3,4.7,87.0,no_watering
Tomato,flowering,13.5,133,sandy,53.7,11.0,22.7,66.4,63.6,6.4,11.1,8.0,water_now
Pepper,seedling,15.8,87,sandy,43.3,69.6,23.5,38.4,87.0,6.2,4.5,168.0,no_watering
Tomato,vegetative,24.0,17,sandy,43.6,28.0,29.2,76.2,0.3,5.3,8.8,10.0,water_now
Potato,seedling,19.1,49,sandy,77.1,36.3,17.8,56.3,37.0,16.5,3.5,168.0,no_watering
Pepper,fruiting,12.3,99,clay,47.2,18.5,33.0,35.2,44.1,23.7,5.9,12.0,water_now
Tomato,flowering,8.0,31,loam,38.9,19.2,23.8,29.3,9.9,7.2,10.9,7.0,water_now
Pepper,vegetative,9.7,34,loam,73.1,30.2,15.3,80.0,18.1,21.6,7.3,128.0,no_watering
Pepper,fruiting,8.0,33,clay,85.8,11.1,25.1,55.7,85.4,12.7,3.3,168.0,no_watering
Tomato,flowering,19.5,4,loam,77.8,13.8,24.9,73.3,51.0,22.1,4.7,168.0,no_watering
Pepper,flowering,13.9,94,clay,74.9,10.7,30.9,71.8,88.0,0.1,7.6,33.0,water_later
Pepper,fruiting,11.2,120,loam,54.9,50.7,15.0,38.5,52.8,15.7,3.1,56.0,no_watering
Potato,flowering,12.1,114,loam,38.0,52.5,20.0,38.7,47.9,12.3,4.4,11.0,water_now
Potato,seedling,25.2,80,sandy,91.3,18.3,13.8,87.7,66.5,2.6,4.3,168.0,no_watering
Pepper,vegetative,7.4,148,clay,35.8,118.5,19.5,51.0,57.9,22.2,2.4,17.0,water_later
Tomato,seedling,13.5,140,clay,86.4,18.5,19.5,33.3,21.7,11.9,10.1,107.0,no_watering
Potato,vegetative,24.5,133,sandy,88.1,3.3,23.8,25.4,9.0,12.6,10.4,11.0,water_now
Potato,flowering,10.0,15,sandy,71.2,19.1,23.8,90.4,56.4,0.5,9.5,14.0,water_later
Tomato,vegetative,21.2,69,sandy,88.8,15.2,19.5,28.2,59.5,5.6,3.8,71.0,no_watering
Tomato,seedling,19.6,103,clay,84.5,21.9,28.8,50.7,75.0,4.0,9.6,108.0,no_watering
Tomato,vegetative,14.0,23,sandy,42.1,30.8,25.1,72.9,9.8,5.7,10.9,8.0,water_now
Tomato,flowering,19.4,137,clay,93.6,3.5,28.6,86.9,88.6,22.2,7.3,168.0,no_watering
Potato,vegetative,31.0,139,loam,53.1,24.3,19.2,67.8,71.8,20.9,9.9,16.0,water_later
Pepper,flowering,9.1,9,clay,42.5,46.6,26.2,89.9,66.3,13.3,10.7,31.0,water_later
Tomato,fruiting,14.3,35,sandy,38.4,12.1,27.3,74.9,11.4,22.7,10.2,6.0,water_now
Potato,seedling,15.3,124,loam,51.9,65.0,21.4,48.7,4.0,12.3,7.4,34.0,water_later
Tomato,vegetative,20.8,95,sandy,75.6,15.5,19.2,69.5,7.2,19.0,7.2,16.0,water_later
Tomato,flowering,23.9,129,clay,36.8,71.6,21.4,27.3,65.1,2.1,2.1,26.0,water_later
Potato,seedling,11.8,9,clay,85.9,43.2,15.2,91.7,56.8,24.2,3.0,168.0,no_watering
Potato,vegetative,31.7,39,loam,67.8,17.6,17.3,72.1,7.7,20.3,9.9,33.0,water_later
Potato,fruiting,16.3,118,loam,88.6,11.3,20.9,78.8,28.3,11.7,3.5,123.0,no_watering
Pepper,fruiting,5.3,14,loam,51.0,16.8,27.6,25.2,65.2,6.9,4.6,62.0,no_watering
Pepper,fruiting,11.2,8,loam,49.8,32.8,20.0,35.4,27.9,4.3,4.7,36.0,water_later
Pepper,seedling,11.1,84,clay,50.6,120.3,15.8,57.9,55.6,19.7,6.1,168.0,no_watering
Potato,vegetative,12.8,19,loam,91.2,4.6,13.0,81.1,50.0,13.2,11.3,159.0,no_watering
Pepper,flowering,15.6,57,sandy,92.2,2.3,28.5,63.3,68.7,13.2,6.7,14.0,water_later
Pepper,flowering,7.7,86,clay,79.1,18.3,29.1,34.9,60.3,18.3,6.0,107.0,no_watering
Pepper,vegetative,5.2,16,clay,81.9,17.8,33.5,78.0,86.5,6.3,3.3,168.0,no_watering
Tomato,fruiting,12.7,7,loam,83.8,4.7,33.7,52.3,36.3,5.7,5.5,81.0,no_watering
Pepper,flowering,11.0,57,clay,82.4,17.2,18.9,38.4,37.0,7.0,10.7,34.0,water_later
Potato,seedling,27.0,42,sandy,67.6,27.2,24.4,50.8,65.3,3.4,7.6,38.0,water_later
Potato,seedling,24.8,137,loam,99.6,1.0,17.8,45.3,18.8,19.1,8.4,134.0,no_watering
Tomato,flowering,17.4,106,sandy,87.4,5.2,31.8,33.6,40.9,11.7,9.3,11.0,water_now
Tomato,seedling,17.7,96,sandy,47.9,101.5,18.8,66.5,89.9,1.0,8.3,13.0,water_later
Tomato,seedling,23.3,15,loam,84.3,15.7,32.4,67.8,86.5,21.5,7.0,168.0,no_watering
Potato,seedling,10.2,62,sandy,36.9,64.3,15.1,82.4,49.5,20.9,12.0,17.0,water_later
Tomato,vegetative,19.0,108,clay,82.4,33.0,21.3,69.6,37.4,0.1,7.0,70.0,no_watering
Potato,vegetative,18.6,19,clay,40.0,73.5,22.4,49.2,47.3,19.3,10.9,12.0,water_now
Tomato,flowering,11.6,122,loam,73.1,16.6,22.5,58.4,14.2,5.4,10.4,13.0,water_later
Potato,vegetative,11.6,128,sandy,41.0,26.0,19.7,48.5,26.5,13.0,6.2,9.0,water_now
Potato,seedling,28.3,144,loam,67.0,70.0,22.7,79.5,66.9,13.0,5.4,168.0,no_watering
Tomato,vegetative,14.8,31,sandy,91.9,2.2,31.1,90.7,35.2,22.1,11.4,14.0,water_later
Tomato,fruiting,10.5,38,sandy,41.5,11.4,23.7,47.4,30.6,1.3,9.5,7.0,water_now
Potato,vegetative,19.6,93,clay,84.6,15.7,13.8,68.8,88.6,20.8,6.9,168.0,no_watering
Potato,seedling,12.5,36,sandy,99.0,1.1,17.2,63.8,77.7,22.8,9.9,168.0,no_watering
Potato,vegetative,19.0,68,sandy,43.1,26.1,15.6,70.2,62.5,15.1,8.1,9.0,water_now
Potato,flowering,31.9,68,sandy,72.3,11.4,21.9,29.5,23.0,20.2,4.9,38.0,water_later
Potato,fruiting,26.9,114,clay,54.3,24.8,21.7,51.3,67.1,16.9,9.8,38.0,water_later
Pepper,seedling,14.8,50,clay,60.0,146.3,21.2,62.5,9.3,0.5,5.7,158.0,no_watering
Pepper,vegetative,15.5,22,sandy,87.5,3.7,33.7,32.6,87.2,10.1,10.4,13.0,water_later
Tomato,fruiting,18.0,145,loam,76.6,16.9,15.4,64.1,2.7,11.0,3.6,60.0,no_watering
Tomato,flowering,17.0,54,clay,56.2,16.2,33.9,41.0,22.0,23.8,8.1,14.0,water_later
Potato,seedling,28.4,22,clay,97.4,5.7,28.7,83.0,62.6,15.3,11.0,168.0,no_watering
Tomato,vegetative,14.5,57,sandy,78.0,11.9,29.5,63.1,34.0,10.2,3.5,85.0,no_watering
Tomato,seedling,17.0,47,sandy,92.3,3.9,30.4,31.9,30.3,23.1,10.3,66.0,no_watering
Pepper,vegetative,13.5,134,clay,85.3,15.6,23.4,35.4,76.9,20.8,7.9,76.0,no_watering
Pepper,vegetative,5.0,9,loam,94.0,5.7,29.0,61.0,75.0,19.1,8.0,168.0,no_watering
Tomato,seedling,9.3,10,sandy,88.5,15.0,18.7,67.8,47.5,15.3,10.2,168.0,no_watering
Tomato,flowering,18.1,78,sandy,61.5,28.4,16.4,76.6,78.5,23.7,2.5,168.0,no_watering
Pepper,vegetative,5.6,42,loam,93.2,6.1,22.7,69.6,14.6,17.9,4.7,168.0,no_watering
Tomato,fruiting,20.2,74,sandy,36.3,25.2,22.8,34.1,56.3,11.9,3.4,10.0,water_now
Tomato,vegetative,17.0,40,clay,36.5,26.7,32.7,29.7,87.3,5.0,9.8,9.0,water_now
Tomato,seedling,23.0,60,loam,46.1,40.8,33.1,47.0,42.0,23.2,9.1,34.0,water_later
Tomato,vegetative,21.6,33,sandy,74.2,17.1,32.1,36.5,38.0,20.6,3.0,64.0,no_watering
Pepper,vegetative,10.1,100,loam,47.4,81.1,26.5,93.4,26.7,6.6,5.8,14.0,water_later
Potato,vegetative,29.0,43,sandy,68.2,20.1,17.5,34.9,4.8,11.3,6.0,26.0,water_later
Pepper,seedling,9.4,26,loam,83.2,16.0,26.2,89.9,16.8,0.4,11.1,79.0,no_watering
Potato,seedling,29.3,139,sandy,41.7,57.1,27.2,66.2,37.8,14.3,10.3,8.0,water_now
Potato,fruiting,27.3,81,sandy,91.3,2.5,23.7,55.7,78.9,21.2,9.6,15.0,water_later
Potato,flowering,19.0,88,loam,83.0,9.9,17.8,65.1,64.7,10.7,6.5,63.0,no_watering
Tomato,fruiting,15.7,22,clay,93.5,4.2,16.2,85.3,71.3,9.1,7.0,168.0,no_watering
Pepper,vegetative,5.9,59,sandy,56.3,22.3,32.7,37.6,78.6,9.2,8.3,14.0,water_later
Pepper,fruiting,15.3,26,clay,39.7,34.3,29.4,53.3,88.4,3.5,3.5,16.0,water_later
Pepper,fruiting,13.3,91,sandy,79.3,4.2,35.1,64.0,26.0,13.7,7.3,10.0,water_now
Tomato,vegetative,22.3,126,clay,74.3,77.3,15.7,48.2,39.0,18.0,2.3,168.0,no_watering
Potato,flowering,21.2,83,clay,57.0,21.3,17.0,34.1,5.9,2.1,10.8,14.0,water_later
Pepper,fruiting,15.6,82,sandy,41.0,15.2,30.8,27.5,40.3,11.9,8.5,8.0,water_now
Potato,vegetative,10.6,99,sandy,97.6,0.7,22.5,44.2,41.5,15.3,9.8,13.0,water_later
Pepper,vegetative,14.4,86,sandy,90.0,5.4,27.1,55.6,44.5,18.7,7.0,15.0,water_later
Potato,flowering,25.0,41,loam,86.5,18.8,12.0,70.0,2.7,22.4,8.8,48.0,water_later
Pepper,fruiting,13.0,81,sandy,78.7,15.4,22.0,57.0,70.1,8.6,2.4,38.0,water_later
Pepper,flowering,7.0,96,clay,44.1,47.2,26.0,57.2,57.1,3.3,5.9,13.0,water_later
Potato,flowering,27.4,51,clay,70.5,10.9,26.1,40.6,14.8,2.0,11.4,18.0,water_later
Pepper,vegetative,10.9,145,loam,94.4,5.1,22.1,94.3,15.5,23.7,6.8,58.0,no_watering
Potato,vegetative,17.6,106,clay,90.9,24.9,22.3,73.1,33.2,0.6,3.0,168.0,no_watering
Pepper,flowering,15.5,43,loam,55.8,23.9,34.9,64.1,23.6,0.2,2.2,37.0,water_later
Potato,seedling,29.3,25,loam,89.1,23.3,27.2,82.7,17.9,20.8,2.7,168.0,no_watering
Potato,vegetative,15.9,17,loam,55.0,77.7,12.6,83.7,74.5,5.1,4.1,168.0,no_watering
Potato,vegetative,18.1,120,clay,90.0,15.7,27.1,82.2,40.3,7.9,6.8,81.0,no_watering
Potato,flowering,31.0,53,sandy,53.4,41.2,14.5,85.5,41.1,15.4,10.0,12.0,water_now
Potato,fruiting,22.4,126,loam,35.4,59.4,22.3,83.4,47.4,21.4,9.6,7.0,water_now
Pepper,vegetative,14.8,49,loam,85.4,9.7,34.6,64.0,69.6,12.7,11.1,15.0,water_later
Pepper,fruiting,8.1,42,clay,68.2,7.8,33.1,34.7,56.9,18.3,9.1,15.0,water_later
Pepper,flowering,13.7,145,clay,54.8,17.7,32.7,45.2,73.1,10.7,7.0,40.0,water_later
Tomato,vegetative,22.9,97,clay,54.9,109.9,15.1,27.8,20.9,24.0,3.6,168.0,no_watering
Potato,seedling,27.6,95,sandy,57.1,69.3,26.8,29.8,38.3,18.5,2.1,168.0,no_watering
Tomato,flowering,12.9,75,clay,73.1,16.1,31.2,61.7,76.5,24.8,5.8,168.0,no_watering
Pepper,fruiting,14.9,55,clay,61.9,48.2,31.6,75.4,46.4,18.5,4.9,132.0,no_watering
Pepper,flowering,7.3,16,clay,46.2,14.5,35.1,61.8,12.0,20.9,10.1,11.0,water_now
Tomato,vegetative,22.1,14,clay,38.8,110.7,27.3,68.9,22.0,6.6,8.2,14.0,water_later
Tomato,fruiting,13.5,118,clay,80.9,12.6,25.1,78.7,81.0,12.0,6.0,168.0,no_watering
Pepper,flowering,11.2,93,sandy,72.1,18.7,20.6,34.5,46.0,19.4,3.5,39.0,water_later
Potato,fruiting,18.4,144,sandy,38.5,34.8,23.2,41.9,58.1,4.4,3.0,11.0,water_now
Potato,vegetative,14.4,138,sandy,77.6,5.9,25.4,76.0,29.3,4.3,11.3,10.0,water_now
Potato,vegetative,26.3,12,clay,87.0,7.7,27.0,91.9,27.3,13.8,9.3,137.0,no_watering
Tomato,vegetative,13.2,83,clay,90.6,11.6,21.9,92.5,27.7,10.4,9.9,85.0,no_watering
Potato,fruiting,26.2,39,sandy,53.8,11.5,27.0,40.3,22.9,20.3,10.1,9.0,water_now
Pepper,seedling,7.0,66,sandy,63.5,26.8,24.4,82.7,14.6,8.3,10.6,15.0,water_later
Potato,fruiting,26.7,142,loam,81.0,25.2,27.5,75.3,85.1,13.0,4.1,168.0,no_watering
Tomato,seedling,21.0,82,clay,60.8,40.2,29.3,31.9,15.6,22.1,9.9,61.0,no_watering
Potato,fruiting,23.3,102,clay,67.9,24.4,28.0,86.9,62.4,18.1,7.2,64.0,no_watering
Pepper,flowering,7.0,42,sandy,89.5,7.7,28.4,52.6,27.2,23.1,2.6,127.0,no_watering
Tomato,flowering,9.8,139,clay,48.7,60.8,16.3,83.5,8.4,19.5,3.6,49.0,no_watering
Potato,vegetative,27.1,42,loam,36.6,77.7,24.4,66.1,78.1,12.8,5.5,11.0,water_now
Potato,vegetative,30.1,145,loam,79.6,50.4,21.8,94.5,13.1,1.2,2.8,109.0,no_watering
Potato,vegetative,12.5,99,loam,97.4,1.6,14.7,85.7,4.8,15.1,11.2,36.0,water_later
Potato,seedling,12.6,67,clay,37.7,73.1,18.5,32.3,65.1,16.5,11.1,12.0,water_now
Potato,fruiting,30.5,57,clay,37.4,79.4,15.4,68.6,18.8,0.3,9.3,11.0,water_now
Pepper,flowering,13.5,84,loam,41.5,107.2,17.2,78.5,35.5,13.1,4.8,12.0,water_now
Pepper,seedling,11.3,89,sandy,59.4,35.1,21.9,34.4,63.1,9.2,8.0,37.0,water_later
Potato,fruiting,28.5,85,sandy,87.3,5.6,13.1,76.9,31.1,19.5,8.6,16.0,water_later
Pepper,seedling,13.5,81,loam,47.4,132.8,19.8,56.8,34.9,19.1,3.4,168.0,no_watering
Tomato,seedling,12.1,63,loam,44.2,135.7,16.4,77.0,32.6,4.0,3.6,168.0,no_watering
Potato,fruiting,16.1,129,sandy,81.9,11.0,14.8,68.4,2.0,5.7,6.4,21.0,water_later
Pepper,seedling,8.8,105,clay,79.5,46.7,20.5,85.5,78.0,0.8,10.3,104.0,no_watering
Tomato,seedling,17.9,64,clay,94.4,8.6,32.3,53.4,70.8,15.6,7.0,168.0,no_watering
Pepper,flowering,9.1,121,sandy,66.2,25.5,23.9,37.1,41.6,0.1,4.5,13.0,water_later
Potato,seedling,26.9,83,clay,36.7,168.0,25.6,61.0,9.0,10.0,2.4,58.0,no_watering
Tomato,fruiting,10.6,17,clay,87.8,7.5,24.8,63.1,53.3,21.7,7.2,168.0,no_watering
Pepper,seedling,10.1,50,loam,51.0,73.4,19.1,28.0,87.2,20.3,6.5,168.0,no_watering
Pepper,flowering,10.4,28,sandy,47.8,29.6,19.2,53.0,47.9,13.2,3.1,168.0,no_watering
Pepper,fruiting,12.7,100,loam,71.5,22.5,27.5,59.7,78.5,5.0,4.0,37.0,water_later
Tomato,fruiting,22.8,79,loam,44.7,19.3,30.9,87.3,74.8,17.5,6.4,34.0,water_later
Tomato,seedling,8.9,113,clay,97.7,5.3,20.1,54.0,71.6,1.3,3.0,168.0,no_watering
Pepper,fruiting,6.4,83,clay,73.1,10.2,20.3,26.4,73.8,14.1,8.6,157.0,no_watering
Potato,flowering,22.6,91,sandy,55.6,36.8,17.4,71.7,45.2,20.2,9.1,10.0,water_now
Potato,fruiting,30.4,70,clay,76.5,28.6,18.7,67.4,39.5,3.0,11.9,33.0,water_later
Pepper,flowering,6.1,86,sandy,66.5,12.5,34.1,91.9,22.3,20.8,3.5,13.0,water_later
Pepper,fruiting,7.0,17,clay,73.7,9.0,30.5,92.7,54.9,20.2,8.7,168.0,no_watering
Potato,flowering,13.6,69,loam,36.7,72.9,19.3,94.2,81.4,21.1,8.6,8.0,water_now
Tomato,fruiting,8.9,127,clay,87.2,20.3,18.0,71.6,81.2,13.6,2.3,168.0,no_watering
Tomato,vegetative,13.9,22,clay,67.8,27.1,28.3,68.1,10.1,24.4,7.1,109.0,no_watering
Potato,flowering,30.4,46,loam,98.1,0.8,20.6,82.1,12.4,18.9,10.5,42.0,water_later
Pepper,vegetative,11.3,4,sandy,35.7,66.7,24.2,60.5,48.6,10.5,6.4,19.0,water_later
Pepper,seedling,14.1,97,loam,54.5,128.5,18.8,38.2,7.6,3.9,7.6,38.0,water_later
Pepper,flowering,13.7,87,clay,44.8,18.9,27.6,54.6,89.9,23.3,11.0,13.0,water_later
Potato,seedling,15.9,64,sandy,93.8,8.6,22.0,41.1,31.9,1.1,3.2,135.0,no_watering
Potato,vegetative,13.9,53,loam,71.3,17.1,16.8,87.6,70.1,11.5,8.9,34.0,water_later
Potato,fruiting,14.0,57,loam,80.6,7.2,22.9,86.9,49.2,18.0,11.3,30.0,water_later
Pepper,seedling,7.9,22,loam,44.9,87.2,25.7,35.6,88.3,8.9,6.4,168.0,no_watering
Tomato,fruiting,12.4,60,sandy,97.4,0.6,25.4,25.0,62.7,5.7,11.7,10.0,water_now
Pepper,vegetative,15.8,64,clay,69.3,15.6,23.3,35.6,56.1,1.6,11.9,20.0,water_later
Tomato,vegetative,24.0,90,clay,51.1,33.7,17.1,87.7,73.3,25.0,11.9,15.0,water_later
Tomato,fruiting,9.7,38,sandy,57.2,21.8,19.1,75.4,50.1,2.4,10.9,9.0,water_now
Potato,seedling,30.0,15,loam,67.2,88.5,18.1,91.9,28.6,0.8,9.5,105.0,no_watering
Potato,flowering,16.0,136,clay,65.6,16.5,25.4,54.1,67.3,19.3,10.5,15.0,water_later
Potato,flowering,23.1,60,clay,70.2,96.0,21.7,63.3,75.0,3.6,2.4,157.0,no_watering
Tomato,fruiting,12.3,59,clay,89.6,7.5,24.8,94.7,33.9,6.6,9.9,39.0,water_later
Potato,vegetative,25.4,47,clay,55.3,46.7,21.9,73.8,80.3,2.3,7.5,52.0,no_watering
Potato,flowering,31.5,9,clay,43.8,48.0,25.7,28.5,61.9,11.9,3.2,168.0,no_watering
Tomato,fruiting,22.2,125,clay,62.5,52.5,15.8,32.9,48.4,19.3,6.7,34.0,water_later
Pepper,vegetative,9.6,56,clay,41.5,73.7,20.2,93.3,5.0,12.1,8.5,13.0,water_later
Tomato,flowering,20.9,102,loam,38.1,46.5,20.7,93.0,24.7,22.6,4.5,11.0,water_now
Potato,fruiting,19.5,129,loam,45.5,48.3,19.0,47.9,44.1,11.1,6.4,15.0,water_later
Tomato,fruiting,20.5,20,clay,85.8,26.1,20.9,47.3,77.1,9.2,4.2,168.0,no_watering
Pepper,fruiting,13.6,95,sandy,80.5,7.7,32.9,37.9,54.3,8.7,6.2,12.0,water_now
Tomato,seedling,19.1,114,loam,46.4,156.8,27.8,36.2,40.7,24.1,3.9,168.0,no_watering
Potato,fruiting,16.8,106,sandy,36.8,89.1,14.3,47.1,9.0,9.3,2.7,11.0,water_now
Potato,flowering,21.7,71,clay,84.4,46.7,20.8,52.2,46.5,9.9,2.6,168.0,no_watering
Pepper,vegetative,7.2,41,sandy,58.3,14.3,16.7,65.4,12.1,18.0,10.8,11.0,water_now
Pepper,vegetative,12.0,35,sandy,45.7,37.4,23.9,35.3,68.4,12.0,3.1,168.0,no_watering
Pepper,flowering,12.7,95,loam,65.0,12.4,30.3,85.6,33.2,6.6,7.3,13.0,water_later
Tomato,flowering,10.0,113,loam,56.1,32.7,27.8,73.6,85.5,1.2,4.3,15.0,water_later
Pepper,flowering,8.4,12,sandy,44.5,20.8,22.7,70.7,12.6,4.8,5.4,13.0,water_later
Pepper,flowering,13.5,147,clay,79.3,7.0,27.9,76.6,40.6,22.5,11.8,30.0,water_later
Tomato,vegetative,18.6,83,sandy,46.0,32.4,27.3,72.5,34.2,4.2,3.7,15.0,water_later
Pepper,flowering,12.9,124,loam,74.4,6.3,28.8,29.3,22.9,17.9,10.5,11.0,water_now
Tomato,fruiting,17.7,134,sandy,67.7,8.3,30.1,41.1,29.8,5.7,9.2,9.0,water_now
Tomato,seedling,21.7,66,clay,68.5,35.4,31.4,80.1,45.5,12.9,9.4,168.0,no_watering
Pepper,flowering,15.9,124,loam,58.4,20.0,20.9,42.8,18.9,13.4,8.7,12.0,water_now
Potato,seedling,20.5,113,clay,42.0,76.8,22.5,56.5,72.0,16.7,9.8,82.0,no_watering
Potato,seedling,13.2,93,clay,91.8,16.4,19.8,60.2,52.1,24.7,8.6,168.0,no_watering
Potato,vegetative,29.5,20,loam,99.0,0.7,25.0,66.9,43.1,6.9,5.1,168.0,no_watering
Potato,vegetative,15.6,57,clay,99.1,0.6,16.0,81.7,22.7,6.7,10.6,80.0,no_watering
Tomato,vegetative,17.5,99,sandy,41.7,26.7,18.1,41.5,45.0,9.8,7.7,11.0,water_now
Tomato,vegetative,23.7,19,sandy,72.6,39.5,24.8,61.0,73.5,0.4,2.5,106.0,no_watering
Tomato,seedling,8.3,95,sandy,42.4,50.7,28.1,52.0,60.4,14.0,6.3,39.0,water_later
Potato,fruiting,25.7,44,loam,47.3,27.2,14.1,63.3,82.6,5.9,10.2,11.0,water_now
Pepper,flowering,12.1,117,loam,38.1,32.6,28.5,31.0,69.0,13.8,7.1,9.0,water_now
Tomato,flowering,12.9,110,sandy,86.4,6.9,31.5,66.2,89.5,11.4,10.3,9.0,water_now
Pepper,vegetative,5.0,12,loam,83.2,9.3,32.2,44.5,1.8,17.2,5.3,70.0,no_watering
Pepper,fruiting,9.6,106,loam,94.5,1.9,16.9,25.9,63.4,22.3,8.5,17.0,water_later
Pepper,seedling,13.9,93,clay,95.0,11.0,26.4,32.0,3.8,15.4,8.1,129.0,no_watering
Potato,vegetative,19.5,61,clay,69.7,37.7,21.3,45.6,35.0,11.5,3.4,168.0,no_watering
Potato,vegetative,21.9,99,clay,42.7,40.2,21.5,61.4,43.7,15.4,8.4,12.0,water_now
Tomato,flowering,20.8,89,loam,72.0,25.3,23.1,50.4,11.4,23.6,10.4,13.0,water_later
Pepper,flowering,10.0,146,loam,91.7,5.9,35.2,61.5,49.8,0.1,7.6,15.0,water_later
Potato,flowering,30.6,69,sandy,68.2,13.4,28.0,79.9,63.5,16.8,5.6,13.0,water_later
Pepper,flowering,9.2,42,clay,86.8,8.0,18.9,30.2,54.8,14.8,7.4,168.0,no_watering
Pepper,flowering,6.9,106,loam,73.2,37.2,18.0,91.0,89.6,22.1,5.3,168.0,no_watering
Potato,flowering,15.9,7,loam,54.1,34.4,14.2,82.6,39.2,12.6,5.5,168.0,no_watering
Potato,vegetative,12.8,95,clay,72.3,81.6,26.8,59.8,19.8,17.6,2.0,168.0,no_watering
Pepper,flowering,15.5,75,loam,90.1,6.3,24.6,39.8,82.8,15.3,3.4,168.0,no_watering
Potato,flowering,10.1,40,sandy,88.1,6.1,13.5,61.4,40.7,2.3,11.5,14.0,water_later
Tomato,fruiting,23.1,53,sandy,35.4,33.3,25.3,90.2,50.6,17.5,9.7,7.0,water_now
Tomato,seedling,17.2,98,sandy,92.6,3.6,33.5,67.7,28.3,10.7,10.4,17.0,water_later
Tomato,flowering,11.6,69,sandy,72.0,31.7,30.5,80.6,72.9,14.8,2.5,168.0,no_watering
Tomato,seedling,23.3,47,clay,40.6,83.0,19.9,74.0,64.0,17.5,11.9,18.0,water_later
Potato,vegetative,27.5,89,loam,48.9,42.0,20.9,53.9,25.1,11.8,7.6,13.0,water_later
Pepper,seedling,15.6,13,loam,65.8,54.3,31.7,61.0,81.2,18.1,3.4,168.0,no_watering
Tomato,flowering,13.3,70,clay,61.2,44.8,17.9,79.2,26.7,24.3,8.6,41.0,water_later
Potato,flowering,19.6,10,sandy,91.6,5.4,20.9,86.7,77.6,24.5,4.4,168.0,no_watering
Tomato,fruiting,15.2,76,loam,51.3,13.1,26.2,40.3,49.2,24.2,9.2,9.0,water_now
Tomato,fruiting,22.7,50,sandy,61.4,6.6,30.2,69.1,4.8,20.4,10.5,8.0,water_now
Pepper,seedling,9.3,28,sandy,97.5,3.3,24.4,48.5,74.2,14.9,2.8,168.0,no_watering
Pepper,flowering,6.2,35,clay,78.3,19.8,25.4,74.0,85.6,24.9,9.3,168.0,no_watering
Potato,fruiting,12.1,9,loam,54.2,20.5,28.8,26.3,63.2,4.2,5.3,38.0,water_later
Pepper,flowering,15.1,1,clay,96.1,6.1,21.6,89.4,7.4,3.4,4.7,168.0,no_watering
Pepper,flowering,14.6,17,sandy,87.8,10.7,16.2,36.1,19.3,18.0,6.2,60.0,no_watering
Pepper,flowering,9.8,66,loam,37.8,41.5,33.7,48.8,17.2,3.2,6.4,8.0,water_now
Potato,seedling,30.5,124,sandy,36.8,68.0,24.0,66.3,4.3,24.6,5.7,11.0,water_now
Potato,vegetative,31.3,19,sandy,72.6,12.9,25.1,25.9,2.8,5.4,8.9,15.0,water_later
Potato,flowering,11.4,92,clay,97.1,1.8,21.2,68.9,80.3,24.0,11.1,34.0,water_later
Pepper,vegetative,15.0,144,sandy,60.2,55.0,29.4,48.8,51.2,14.4,2.5,38.0,water_later
Tomato,fruiting,17.1,72,loam,39.8,16.7,32.9,88.6,4.0,17.4,7.5,9.0,water_now
Pepper,flowering,12.6,105,loam,47.6,59.5,17.6,87.3,88.8,21.5,4.2,168.0,no_watering
Tomato,fruiting,15.9,52,sandy,56.3,36.7,22.2,84.4,1.0,12.3,3.6,14.0,water_later
Pepper,flowering,6.4,28,clay,51.6,62.3,23.2,45.0,85.2,17.6,6.6,168.0,no_watering
Tomato,vegetative,12.9,133,sandy,37.1,15.2,31.3,29.9,75.5,1.2,9.4,7.0,water_now
Tomato,fruiting,16.2,119,loam,40.7,20.0,19.6,35.6,55.5,0.2,11.0,7.0,water_now
Potato,flowering,31.1,81,clay,99.7,0.1,27.7,57.0,29.1,14.1,9.5,43.0,water_later
Tomato,vegetative,17.5,120,sandy,38.0,46.6,26.3,54.6,16.1,0.2,3.7,11.0,water_now
Tomato,fruiting,13.9,19,sandy,65.1,8.6,24.9,30.4,81.7,2.9,6.6,14.0,water_later
Pepper,vegetative,7.5,119,sandy,80.5,17.0,30.8,25.4,65.3,4.3,3.9,31.0,water_later
Potato,seedling,21.5,17,loam,71.8,59.9,27.5,75.6,39.3,13.4,8.9,158.0,no_watering
Potato,seedling,26.1,15,sandy,98.2,1.5,27.0,64.8,50.0,1.1,6.6,112.0,no_watering
Pepper,vegetative,10.3,24,loam,39.4,20.6,31.1,74.0,81.8,12.0,10.6,12.0,water_now
Potato,flowering,17.3,113,sandy,99.7,0.1,27.0,85.6,14.6,1.3,8.6,13.0,water_later
Tomato,flowering,16.6,14,sandy,78.1,22.6,26.9,83.7,25.1,24.7,4.3,55.0,no_watering
Tomato,vegetative,22.8,106,loam,98.3,1.5,31.3,77.3,63.1,16.8,2.7,168.0,no_watering
Potato,seedling,12.8,20,sandy,81.4,33.3,22.8,93.5,64.5,12.5,4.8,168.0,no_watering
Tomato,seedling,11.9,133,sandy,43.5,39.1,28.6,27.9,36.6,9.9,9.8,9.0,water_now
Potato,seedling,17.6,88,loam,64.7,39.4,25.5,41.2,55.0,5.6,10.3,35.0,water_later
Tomato,seedling,18.4,45,clay,87.8,26.5,33.8,31.3,77.9,1.0,8.8,110.0,no_watering
Potato,vegetative,12.6,58,loam,83.2,14.3,25.3,43.5,14.6,14.2,10.4,17.0,water_later
Tomato,seedling,14.7,136,loam,92.5,12.9,15.3,28.9,41.4,18.8,6.1,168.0,no_watering
Tomato,fruiting,11.7,46,loam,87.3,5.8,22.5,35.7,25.8,19.1,7.7,38.0,water_later
Pepper,seedling,9.9,85,sandy,74.3,22.4,24.1,93.6,30.9,7.6,8.8,33.0,water_later
Pepper,vegetative,10.0,145,sandy,92.3,10.7,17.7,36.8,23.0,19.6,3.3,168.0,no_watering
Tomato,flowering,23.1,95,clay,41.6,28.3,25.5,47.4,85.9,13.3,8.7,10.0,water_now
Potato,seedling,26.3,90,clay,55.2,168.0,27.8,35.3,61.4,6.6,4.4,168.0,no_watering
Potato,flowering,27.7,28,loam,53.3,13.8,27.1,75.4,32.9,1.4,11.6,11.0,water_now
Tomato,vegetative,11.9,125,sandy,79.8,27.1,33.0,91.5,76.4,13.2,2.3,168.0,no_watering
Tomato,flowering,23.7,41,clay,60.4,23.8,20.1,85.4,29.8,11.3,9.8,34.0,water_later
Potato,flowering,25.9,85,sandy,48.0,23.8,28.0,89.1,89.2,6.8,5.4,13.0,water_later
Potato,fruiting,31.2,4,loam,40.1,78.9,13.1,39.6,62.8,0.2,4.8,36.0,water_later
Potato,flowering,21.2,60,loam,44.3,27.3,25.9,38.0,76.0,4.5,6.0,12.0,water_now
Tomato,seedling,15.3,58,sandy,81.6,20.4,33.6,34.6,84.0,7.1,5.7,88.0,no_watering
Pepper,vegetative,7.7,32,loam,54.6,14.4,33.8,90.9,72.9,11.3,10.2,12.0,water_now
Tomato,fruiting,11.6,74,clay,69.7,19.2,33.3,72.6,47.8,8.9,2.2,62.0,no_watering
Tomato,seedling,9.3,55,loam,71.2,39.6,28.9,56.3,87.3,7.0,11.2,40.0,water_later
Tomato,fruiting,22.2,17,clay,79.2,15.0,24.6,57.2,17.5,24.1,4.7,168.0,no_watering
Potato,seedling,25.2,20,loam,44.6,76.1,19.0,48.9,38.7,17.0,9.4,168.0,no_watering
Tomato,vegetative,15.5,122,clay,38.0,56.6,17.1,88.8,73.2,23.3,8.5,11.0,water_now
Tomato,flowering,13.2,27,loam,94.9,4.6,24.9,93.9,11.5,7.7,2.4,168.0,no_watering
Pepper,vegetative,6.3,33,sandy,80.0,6.2,15.6,46.1,35.8,20.2,11.7,14.0,water_later
Tomato,fruiting,23.9,78,loam,75.5,9.2,32.3,38.9,35.2,22.7,4.0,36.0,water_later
Potato,vegetative,22.7,53,loam,43.3,44.9,22.7,58.9,80.4,16.5,4.5,15.0,water_later
Tomato,vegetative,10.7,90,sandy,80.5,8.2,27.2,79.0,15.7,7.2,6.4,15.0,water_later
Pepper,vegetative,13.6,14,sandy,68.0,18.1,19.7,40.9,4.4,24.4,6.3,36.0,water_later
Potato,vegetative,18.6,15,sandy,87.5,6.2,20.5,92.2,44.2,3.9,9.6,37.0,water_later
Pepper,vegetative,14.8,126,loam,80.9,6.9,26.7,64.2,39.1,17.7,11.6,14.0,water_later
Potato,flowering,27.1,144,sandy,43.5,15.8,20.1,47.7,88.4,24.6,9.5,11.0,water_now
Tomato,seedling,18.2,85,clay,57.5,38.1,29.3,45.4,64.6,16.6,12.0,38.0,water_later
Potato,vegetative,13.9,51,clay,88.4,7.9,28.3,53.4,33.4,1.2,5.8,87.0,no_watering
Tomato,fruiting,21.8,74,loam,38.6,44.4,19.6,84.9,9.4,5.9,3.1,14.0,water_later
Potato,flowering,15.0,99,sandy,71.5,39.3,21.5,46.3,19.8,9.6,3.2,34.0,water_later
Potato,seedling,21.2,10,clay,81.8,45.9,16.9,53.0,65.7,19.8,7.7,168.0,no_watering
Pepper,flowering,7.8,108,sandy,39.4,22.6,16.5,37.2,6.5,14.2,8.3,7.0,water_now
Potato,flowering,17.3,32,loam,72.5,13.7,16.6,64.9,28.9,13.7,8.7,35.0,water_later
Tomato,seedling,15.6,11,sandy,63.2,54.5,15.0,34.6,78.0,12.4,4.5,168.0,no_watering
Potato,seedling,13.3,80,clay,81.6,63.7,13.2,39.1,58.3,10.1,4.4,168.0,no_watering
Potato,fruiting,14.7,28,clay,40.2,50.4,14.8,59.3,39.4,9.7,6.8,60.0,no_watering
Tomato,fruiting,23.3,36,clay,65.9,19.2,28.2,92.5,57.4,5.2,7.3,38.0,water_later
Potato,flowering,14.5,101,sandy,55.1,17.2,22.2,69.1,70.7,15.9,5.8,15.0,water_later
Tomato,seedling,10.3,57,loam,36.5,131.0,18.0,66.0,89.4,14.1,5.5,168.0,no_watering
Pepper,fruiting,5.1,100,loam,65.2,12.8,16.0,34.8,39.2,10.0,11.7,10.0,water_now
Pepper,fruiting,15.2,148,loam,60.1,8.7,33.6,31.2,23.1,8.3,10.2,8.0,water_now
Pepper,vegetative,8.9,92,loam,83.0,14.9,29.7,57.9,86.7,11.0,2.4,168.0,no_watering
Potato,flowering,13.0,2,clay,80.2,18.3,23.8,40.6,33.1,2.8,4.1,168.0,no_watering
Tomato,fruiting,14.6,79,clay,90.5,5.0,18.9,46.0,76.5,21.0,11.9,33.0,water_later
Pepper,fruiting,8.8,141,loam,98.2,0.9,20.9,71.0,26.3,5.5,4.5,86.0,no_watering
Pepper,seedling,13.7,37,sandy,74.2,23.3,21.4,33.5,63.5,21.4,7.7,168.0,no_watering
Potato,fruiting,16.3,105,clay,36.1,46.7,21.8,43.9,15.4,5.6,6.1,10.0,water_now
Pepper,fruiting,6.4,132,clay,72.4,13.7,30.2,75.6,52.4,23.3,4.2,110.0,no_watering
Tomato,vegetative,9.7,129,clay,43.4,103.1,15.2,87.6,68.6,12.0,7.7,149.0,no_watering
Potato,flowering,14.2,116,clay,65.7,50.8,22.7,79.9,3.4,0.3,5.7,46.0,water_later
Pepper,fruiting,14.3,22,sandy,49.5,9.8,23.0,29.5,66.4,8.9,9.2,11.0,water_now
Tomato,vegetative,19.7,50,clay,69.4,25.6,23.8,85.1,30.4,16.9,10.6,37.0,water_later
Tomato,fruiting,23.5,45,clay,39.5,70.0,16.5,65.2,23.3,8.2,4.2,15.0,water_later
Tomato,seedling,9.2,61,sandy,48.3,66.3,32.8,63.6,84.0,18.5,2.5,168.0,no_watering
Tomato,vegetative,13.0,68,loam,42.0,87.3,20.6,43.6,52.2,12.6,4.1,14.0,water_later
Potato,fruiting,27.2,106,clay,93.6,6.0,21.2,27.0,12.7,21.5,7.5,61.0,no_watering
Potato,seedling,13.4,40,loam,66.7,72.6,25.7,31.3,89.4,7.6,8.6,168.0,no_watering
Pepper,seedling,6.7,91,sandy,38.1,58.2,26.3,80.4,25.2,9.8,5.7,11.0,water_now
Pepper,flowering,13.0,35,sandy,43.7,19.7,30.8,78.1,12.3,3.4,4.0,11.0,water_now
Potato,seedling,14.7,110,loam,51.5,87.9,26.9,41.1,11.1,22.5,4.2,154.0,no_watering
Pepper,flowering,15.3,122,clay,66.1,55.8,15.2,84.9,22.4,18.7,3.4,102.0,no_watering
Pepper,flowering,7.3,122,clay,82.8,8.5,16.6,88.2,15.4,0.7,11.1,33.0,water_later
Potato,vegetative,11.0,137,clay,87.0,6.4,21.2,57.1,1.5,11.4,11.5,34.0,water_later
Tomato,vegetative,12.7,82,loam,81.9,5.7,31.7,29.1,65.7,24.0,10.1,36.0,water_later
Pepper,fruiting,8.5,8,sandy,74.0,5.0,20.5,32.4,32.4,13.5,9.9,33.0,water_later
Pepper,vegetative,13.7,90,sandy,95.5,3.3,24.9,35.4,72.2,14.6,7.1,61.0,no_watering
Pepper,fruiting,9.3,73,sandy,82.1,2.9,26.2,74.9,56.4,11.3,11.1,10.0,water_now
Tomato,vegetative,9.6,104,clay,64.8,87.9,16.6,93.6,88.4,13.8,3.2,168.0,no_watering
Potato,seedling,24.7,6,loam,38.2,123.3,27.1,87.9,56.6,5.6,6.5,70.0,no_watering
Pepper,seedling,11.5,114,clay,73.9,45.0,28.0,42.6,44.5,4.3,5.5,168.0,no_watering
Pepper,fruiting,13.2,17,loam,36.4,72.1,20.2,64.0,15.9,17.0,3.8,13.0,water_later
Pepper,fruiting,14.3,44,sandy,80.0,7.7,19.0,38.7,27.2,21.9,9.4,12.0,water_now
Tomato,flowering,16.0,120,loam,56.5,22.1,24.9,60.6,0.9,9.4,7.8,15.0,water_later
Pepper,flowering,5.8,135,loam,64.1,8.1,31.1,46.9,35.8,15.9,9.9,13.0,water_later
Tomato,flowering,14.6,54,sandy,55.7,30.3,20.1,56.7,13.8,10.5,7.0,11.0,water_now
Pepper,flowering,11.0,23,clay,59.0,49.9,18.0,67.3,25.7,1.8,2.3,168.0,no_watering
Pepper,vegetative,5.5,70,sandy,72.8,9.2,27.4,47.1,64.8,3.9,8.6,12.0,water_now
Tomato,flowering,18.6,5,loam,56.8,15.2,33.1,28.0,60.2,8.5,5.8,57.0,no_watering
Tomato,seedling,11.6,24,sandy,72.3,44.9,25.2,84.6,73.7,2.1,2.4,168.0,no_watering
Tomato,seedling,23.2,81,sandy,68.2,25.7,18.3,30.3,78.3,13.6,9.5,66.0,no_watering
Pepper,fruiting,8.3,59,clay,56.2,46.4,15.2,78.5,89.0,18.8,3.1,168.0,no_watering
Potato,seedling,10.9,72,loam,95.6,6.1,18.6,64.9,74.9,13.0,7.0,168.0,no_watering
Potato,fruiting,24.0,108,sandy,85.4,5.6,16.8,85.9,19.6,16.5,9.5,14.0,water_later
Potato,vegetative,25.7,7,loam,46.9,54.9,19.4,35.1,14.7,6.3,2.8,108.0,no_watering
Tomato,flowering,19.7,129,sandy,91.0,4.8,32.8,89.2,40.2,20.6,7.7,13.0,water_later
Potato,flowering,22.7,9,clay,47.9,37.8,21.0,70.6,78.8,10.6,7.1,88.0,no_watering
Potato,vegetative,25.5,60,loam,45.5,106.2,13.1,49.3,78.6,0.1,4.0,34.0,water_later
Tomato,flowering,21.0,83,sandy,70.7,8.1,20.1,87.0,14.6,10.4,11.0,10.0,water_now
Potato,vegetative,24.5,123,clay,60.9,68.5,21.6,67.8,68.1,23.3,2.6,168.0,no_watering
Tomato,vegetative,21.5,132,loam,74.6,7.5,33.9,39.5,18.3,20.4,10.7,14.0,water_later
Potato,seedling,21.1,68,loam,94.3,9.9,22.8,86.8,22.3,13.8,11.6,64.0,no_watering
Tomato,seedling,23.6,23,sandy,48.1,44.7,18.6,71.5,60.6,21.2,9.9,168.0,no_watering
Tomato,flowering,22.4,114,loam,69.3,10.8,23.8,67.0,84.7,0.5,10.6,12.0,water_now
Pepper,fruiting,9.2,95,clay,59.1,25.8,28.7,54.6,84.1,13.1,8.3,15.0,water_later
Potato,flowering,15.4,75,sandy,97.2,1.2,13.3,33.9,10.0,24.2,8.1,15.0,water_later
Potato,vegetative,21.9,23,clay,78.9,28.4,17.1,71.3,35.2,9.2,3.8,168.0,no_watering
Pepper,fruiting,13.4,92,loam,44.0,22.2,27.8,49.8,53.4,22.3,10.3,10.0,water_now
Pepper,flowering,7.5,21,clay,84.7,11.7,20.7,55.5,77.5,0.6,8.4,80.0,no_watering
Potato,fruiting,13.1,60,loam,54.8,15.5,22.5,54.6,1.9,0.1,11.9,10.0,water_now
Potato,fruiting,16.8,42,clay,75.2,28.5,23.6,42.8,85.8,4.8,5.5,168.0,no_watering
Potato,flowering,12.5,110,loam,96.3,3.2,19.9,45.2,48.3,13.3,6.6,84.0,no_watering
Pepper,seedling,7.9,49,loam,76.6,37.1,21.6,80.5,15.4,20.9,3.7,168.0,no_watering
Tomato,fruiting,10.2,82,sandy,74.1,21.5,23.7,52.8,24.4,20.8,4.9,13.0,water_later
Potato,seedling,26.9,50,clay,47.3,125.4,12.0,86.4,27.5,20.4,7.7,168.0,no_watering
Tomato,fruiting,12.2,138,sandy,62.0,20.6,31.2,94.6,40.2,9.3,7.5,10.0,water_now
Tomato,seedling,11.4,117,clay,61.2,46.2,27.9,75.4,32.0,5.1,9.6,61.0,no_watering
Pepper,fruiting,8.2,134,clay,63.5,22.6,26.7,78.7,26.5,11.2,3.9,61.0,no_watering
Potato,fruiting,30.1,5,clay,45.5,32.5,27.5,70.8,56.8,5.1,7.3,56.0,no_watering
Potato,seedling,11.0,7,clay,51.4,60.8,16.6,45.7,43.6,16.6,11.5,168.0,no_watering
Potato,fruiting,28.0,136,sandy,44.2,84.9,18.4,46.1,55.0,10.9,2.4,34.0,water_later
Tomato,flowering,22.9,33,sandy,43.1,15.0,29.6,37.9,57.2,16.5,10.6,7.0,water_now
Tomato,flowering,16.0,34,loam,79.5,12.2,24.1,52.2,39.3,4.3,7.4,58.0,no_watering
Tomato,vegetative,13.0,25,loam,56.6,65.0,24.3,30.7,74.6,22.5,3.4,168.0,no_watering
Tomato,vegetative,14.3,36,clay,39.4,31.9,27.5,91.3,70.1,3.6,11.3,11.0,water_now
Pepper,vegetative,9.7,101,clay,75.1,24.5,20.7,70.0,49.9,4.3,9.3,55.0,no_watering
Potato,flowering,13.7,49,sandy,41.6,11.5,26.3,34.8,33.1,2.1,10.6,7.0,water_now
Tomato,flowering,22.7,46,loam,74.0,17.5,25.1,69.6,42.4,19.1,5.6,39.0,water_later
Tomato,flowering,20.4,118,loam,90.5,9.0,20.7,86.2,41.5,8.9,9.3,31.0,water_later
Potato,fruiting,14.4,5,loam,56.7,44.5,16.9,88.1,17.6,13.2,4.0,168.0,no_watering
Tomato,seedling,19.0,77,loam,98.7,1.4,19.6,70.1,45.5,22.2,11.2,168.0,no_watering
Potato,seedling,17.8,48,clay,53.5,168.0,15.0,63.0,5.6,4.5,4.0,168.0,no_watering
Potato,flowering,19.0,77,clay,49.7,79.3,26.1,39.9,77.7,8.9,5.3,40.0,water_later
Pepper,vegetative,8.2,89,loam,63.8,11.7,33.3,59.8,35.8,23.3,9.4,16.0,water_later
Tomato,vegetative,21.0,135,loam,59.4,64.8,17.6,67.3,4.7,14.7,4.6,39.0,water_later
Tomato,seedling,9.8,125,clay,72.5,45.5,25.1,63.8,61.5,8.5,6.8,168.0,no_watering
Potato,seedling,21.9,110,loam,46.1,73.0,19.0,61.5,46.3,12.9,11.0,23.0,water_later
Potato,fruiting,22.8,106,loam,88.6,6.9,19.4,64.3,31.4,13.0,10.8,33.0,water_later
Potato,seedling,28.5,99,clay,72.9,68.6,12.9,35.0,59.6,15.8,6.4,168.0,no_watering
Tomato,flowering,16.5,49,loam,93.4,7.0,18.6,67.6,52.3,7.5,10.6,38.0,water_later
Pepper,seedling,13.7,147,clay,91.8,10.5,31.7,39.4,9.4,4.6,7.0,130.0,no_watering
Potato,seedling,14.6,91,sandy,42.4,43.6,20.5,77.6,88.7,20.9,10.5,89.0,no_watering
Pepper,flowering,11.3,127,clay,77.7,6.4,33.6,26.6,75.0,11.1,9.9,15.0,water_later
Tomato,flowering,13.0,124,loam,48.5,53.6,25.6,54.8,28.2,12.6,6.2,12.0,water_now
Tomato,fruiting,23.4,111,loam,43.2,93.8,15.2,83.5,11.0,6.0,5.2,14.0,water_later
Tomato,seedling,12.0,47,sandy,65.8,20.6,31.3,33.8,10.9,18.1,7.7,24.0,water_later
Potato,seedling,25.2,49,sandy,67.6,114.1,17.6,62.5,79.1,7.5,3.0,168.0,no_watering
Pepper,vegetative,9.4,60,sandy,69.5,9.3,34.0,90.3,82.4,2.0,10.0,10.0,water_now
Pepper,fruiting,11.3,48,clay,80.8,12.2,19.4,41.9,78.6,18.8,8.2,38.0,water_later
Tomato,flowering,18.1,36,loam,56.7,38.2,20.5,71.6,43.9,4.6,2.9,110.0,no_watering
Tomato,seedling,14.1,71,clay,77.9,41.6,19.7,92.0,16.4,0.7,8.1,132.0,no_watering
Potato,fruiting,31.9,57,sandy,51.2,23.8,23.1,53.7,22.9,1.7,5.4,12.0,water_now
Potato,fruiting,11.7,31,loam,97.3,1.0,27.2,68.6,48.2,20.5,9.0,37.0,water_later
Pepper,fruiting,14.1,21,clay,47.3,51.1,15.9,51.1,88.2,0.2,3.2,63.0,no_watering
Pepper,fruiting,7.3,68,loam,52.1,14.7,17.8,85.0,47.6,14.5,10.7,9.0,water_now
Pepper,vegetative,15.2,129,loam,67.2,31.2,27.1,65.3,59.3,15.2,2.4,168.0,no_watering
Tomato,vegetative,10.8,113,loam,68.1,13.5,25.2,85.1,31.6,21.4,11.4,13.0,water_later
Pepper,fruiting,6.5,144,loam,36.4,14.5,25.3,56.7,88.7,19.7,10.9,6.0,water_now
Pepper,flowering,13.5,135,clay,48.5,25.5,31.1,27.5,45.7,5.1,5.1,14.0,water_later
Pepper,flowering,15.6,38,loam,84.5,21.5,19.7,41.4,20.9,0.2,6.0,57.0,no_watering
Potato,seedling,30.7,20,sandy,62.2,64.5,17.9,60.9,12.0,6.6,8.4,40.0,water_later
Tomato,flowering,9.1,54,sandy,40.5,20.2,31.1,85.4,41.6,0.2,4.3,10.0,water_now
Pepper,seedling,5.2,24,sandy,80.8,13.0,29.9,59.6,33.4,19.5,7.9,168.0,no_watering
Potato,seedling,11.3,42,sandy,76.2,37.6,20.2,68.1,85.7,0.7,3.0,158.0,no_watering
Potato,fruiting,13.3,12,sandy,61.4,18.3,18.6,42.9,44.6,7.5,11.3,12.0,water_now
Tomato,flowering,8.2,124,sandy,46.2,23.4,30.8,73.6,4.6,4.8,8.7,7.0,water_now
Potato,fruiting,12.2,26,loam,70.5,28.3,18.5,28.5,84.1,3.8,2.1,168.0,no_watering
Tomato,flowering,20.5,61,clay,43.8,62.9,19.5,87.5,48.9,0.8,6.1,16.0,water_later
Pepper,fruiting,11.7,4,clay,56.7,31.5,15.6,31.7,41.5,15.4,4.4,168.0,no_watering
Tomato,seedling,18.5,76,clay,87.8,58.4,18.3,31.5,79.6,16.4,4.0,168.0,no_watering
Tomato,vegetative,9.9,119,loam,81.1,6.0,30.3,42.8,89.9,2.8,10.7,13.0,water_later
Potato,seedling,20.4,114,sandy,38.5,99.3,12.1,43.0,26.4,19.7,4.4,155.0,no_watering
Tomato,vegetative,13.8,13,clay,46.8,121.9,16.8,52.8,85.9,22.8,3.4,168.0,no_watering
Potato,seedling,22.8,4,sandy,65.8,40.1,17.2,82.6,60.7,10.5,10.0,168.0,no_watering
Pepper,flowering,6.0,4,loam,65.3,15.8,34.4,57.9,87.4,3.3,2.8,168.0,no_watering
Potato,flowering,22.9,143,clay,41.9,134.3,18.0,51.8,48.3,23.1,3.3,168.0,no_watering
Tomato,fruiting,16.6,39,clay,74.4,17.2,22.7,78.0,50.0,19.8,4.9,168.0,no_watering
Potato,fruiting,12.8,39,loam,67.5,19.7,19.9,94.9,46.0,5.8,11.1,16.0,water_later
Potato,seedling,31.5,45,sandy,90.0,31.4,13.9,27.3,4.5,14.3,4.9,131.0,no_watering
Potato,vegetative,18.6,41,sandy,86.1,5.5,28.4,68.8,39.3,11.2,10.3,13.0,water_later
Potato,vegetative,12.6,2,sandy,63.1,18.1,21.8,61.9,5.9,4.2,5.2,40.0,water_later
Potato,fruiting,25.1,1,sandy,56.4,19.6,24.6,85.6,1.9,13.7,5.6,36.0,water_later
Tomato,flowering,19.9,86,sandy,74.8,5.8,33.9,56.7,70.0,25.0,7.9,13.0,water_later
Pepper,seedling,9.5,94,clay,41.0,97.2,15.1,65.6,73.8,3.5,10.6,35.0,water_later
Tomato,fruiting,19.9,7,clay,82.2,6.4,26.1,62.2,0.8,19.9,9.7,60.0,no_watering
Pepper,seedling,15.4,4,sandy,51.8,84.7,33.2,63.3,53.7,21.0,6.8,168.0,no_watering
Potato,flowering,25.1,15,loam,89.3,21.5,16.2,33.3,79.4,8.0,3.0,168.0,no_watering
Potato,flowering,25.3,29,sandy,87.3,4.3,17.6,34.9,23.4,21.2,7.7,33.0,water_later
Tomato,flowering,11.3,91,loam,64.0,14.0,29.5,44.4,22.5,14.6,6.1,24.0,water_later
Pepper,fruiting,9.8,121,clay,44.0,48.1,18.1,28.8,63.6,13.5,2.6,168.0,no_watering
Potato,vegetative,30.3,133,sandy,84.9,11.2,23.1,60.9,12.7,13.3,8.0,14.0,water_later
Tomato,fruiting,12.2,62,clay,94.3,3.7,21.2,34.5,14.4,23.3,4.3,94.0,no_watering
Pepper,seedling,5.1,50,sandy,71.4,20.4,16.8,68.4,49.4,17.2,11.9,62.0,no_watering
Potato,vegetative,27.3,5,loam,78.3,40.0,28.6,49.2,41.8,4.3,2.2,168.0,no_watering
Pepper,fruiting,9.5,108,sandy,44.3,54.8,16.1,33.9,67.1,4.4,4.4,11.0,water_now
Tomato,fruiting,9.1,75,clay,96.5,1.7,16.7,27.1,38.6,18.8,11.0,35.0,water_later
Potato,flowering,16.9,63,sandy,46.6,23.2,24.3,92.9,19.7,15.9,5.1,15.0,water_later
Tomato,seedling,18.0,144,clay,83.3,28.8,21.3,25.5,27.8,21.1,7.0,168.0,no_watering
Tomato,flowering,16.9,112,loam,46.0,28.7,23.0,59.4,11.4,11.5,6.1,14.0,water_later
Pepper,fruiting,15.9,117,loam,60.2,12.0,25.7,84.3,85.7,21.4,9.0,14.0,water_later
Tomato,fruiting,22.1,70,clay,89.9,7.8,22.8,63.2,7.2,4.0,7.1,56.0,no_watering
Potato,vegetative,18.0,149,clay,68.2,60.1,12.6,93.2,87.6,3.1,3.1,168.0,no_watering
Pepper,vegetative,8.4,23,sandy,59.6,13.6,21.5,54.3,30.3,15.9,9.4,37.0,water_later
Pepper,flowering,6.8,43,clay,61.0,69.0,20.4,80.0,73.7,19.2,2.2,168.0,no_watering
Potato,fruiting,27.0,46,clay,51.2,62.6,21.3,30.6,30.4,14.7,3.5,168.0,no_watering
Potato,vegetative,25.9,130,loam,69.9,17.7,21.0,44.4,1.6,21.2,10.0,14.0,water_later
Tomato,seedling,10.9,109,loam,77.7,48.7,18.1,86.5,22.2,0.7,5.1,133.0,no_watering
Pepper,seedling,8.4,107,loam,96.5,5.9,30.6,62.0,57.8,12.6,2.0,168.0,no_watering
Tomato,vegetative,10.6,136,clay,70.8,13.5,34.0,39.1,4.5,2.2,7.9,33.0,water_later
Tomato,seedling,11.4,15,clay,42.0,128.5,32.5,58.2,74.0,19.0,3.2,168.0,no_watering
Pepper,seedling,13.6,92,loam,95.3,9.0,17.2,69.1,67.6,1.3,5.9,168.0,no_watering
Pepper,seedling,11.4,94,loam,69.1,52.0,21.0,93.5,6.9,24.0,6.7,83.0,no_watering
Tomato,flowering,16.5,67,clay,71.3,9.4,28.4,26.6,67.0,11.8,11.2,15.0,water_later
Pepper,seedling,12.9,117,clay,36.8,168.0,24.8,91.2,42.3,20.9,3.1,168.0,no_watering
Tomato,fruiting,12.0,131,sandy,57.0,36.2,24.3,33.4,50.4,2.7,4.0,12.0,water_now
Tomato,vegetative,20.8,145,loam,58.8,25.2,25.4,72.2,2.8,4.2,9.2,14.0,water_later
Potato,flowering,14.3,6,sandy,47.1,22.7,25.1,39.9,89.4,15.1,6.0,33.0,water_later
Pepper,flowering,14.3,10,clay,87.1,15.3,20.5,71.6,55.8,3.0,2.2,168.0,no_watering
Pepper,vegetative,6.0,1,sandy,54.4,29.2,16.2,33.1,83.5,5.4,6.1,168.0,no_watering
Tomato,flowering,22.3,34,clay,80.2,13.8,18.0,84.4,12.3,13.5,9.0,80.0,no_watering
Potato,seedling,14.8,48,sandy,74.0,27.3,12.2,88.9,20.6,3.7,9.4,40.0,water_later
Tomato,fruiting,15.6,119,loam,60.2,20.4,21.9,81.5,20.8,21.7,7.5,13.0,water_later
Pepper,vegetative,8.4,63,loam,42.7,67.1,16.9,25.2,69.2,3.9,2.2,62.0,no_watering
Potato,fruiting,28.8,115,sandy,55.9,40.1,14.1,58.1,81.5,22.7,7.5,12.0,water_now
Tomato,vegetative,11.7,128,loam,57.2,52.9,22.1,64.4,57.6,19.1,7.1,16.0,water_later
Potato,fruiting,13.5,56,clay,54.0,33.5,24.5,26.3,25.2,19.3,5.0,109.0,no_watering
Tomato,seedling,13.7,58,loam,88.7,30.9,23.4,26.9,23.7,16.3,4.0,168.0,no_watering
Potato,vegetative,20.6,116,sandy,54.9,19.1,24.3,40.2,80.0,7.4,6.9,11.0,water_now
Pepper,flowering,12.8,59,loam,46.2,28.2,29.1,51.8,47.5,24.5,3.6,14.0,water_later
Pepper,vegetative,11.1,98,sandy,62.9,34.7,32.5,94.8,34.0,5.2,6.5,11.0,water_now
Tomato,vegetative,23.1,90,clay,65.9,44.2,19.0,63.4,19.6,13.2,11.2,38.0,water_later
Potato,fruiting,23.4,89,clay,52.1,68.9,18.9,72.0,21.0,1.4,2.3,85.0,no_watering
Pepper,vegetative,7.9,87,sandy,89.2,4.7,22.3,26.8,66.8,23.9,7.2,35.0,water_later
Potato,fruiting,19.4,9,loam,77.7,23.5,16.4,25.6,42.6,14.9,3.9,168.0,no_watering
Pepper,flowering,8.8,79,sandy,91.1,3.0,18.3,84.5,13.2,4.5,7.9,15.0,water_later
Pepper,vegetative,10.0,16,sandy,96.3,2.7,19.3,29.2,6.8,11.6,3.8,108.0,no_watering
Potato,fruiting,19.4,132,loam,38.7,85.8,14.1,59.4,33.5,7.2,6.2,10.0,water_now
Potato,fruiting,22.7,88,clay,89.3,16.1,16.0,51.2,72.6,4.7,11.4,38.0,water_later
Tomato,fruiting,23.9,60,loam,99.8,0.2,33.7,80.6,44.6,1.9,2.1,85.0,no_watering
Potato,seedling,29.1,29,sandy,94.9,5.7,19.7,86.8,79.8,1.0,9.6,81.0,no_watering
Potato,seedling,30.7,42,sandy,89.3,26.1,17.0,38.9,52.0,21.3,3.8,168.0,no_watering
Pepper,vegetative,11.2,84,clay,71.1,37.5,31.4,55.3,66.7,18.9,4.4,168.0,no_watering
Pepper,seedling,6.7,33,sandy,70.8,21.6,22.3,76.0,54.4,3.2,10.2,41.0,water_later
Tomato,fruiting,10.9,8,sandy,88.4,2.7,31.4,36.2,87.7,14.1,7.7,55.0,no_watering
Tomato,vegetative,21.3,83,loam,88.6,5.2,28.7,56.7,27.3,24.4,8.5,50.0,no_watering
Pepper,flowering,11.9,122,clay,35.0,40.0,28.2,51.2,37.7,12.4,6.5,9.0,water_now
Pepper,seedling,6.9,25,sandy,71.7,17.2,26.5,71.6,69.4,22.6,11.2,168.0,no_watering
Pepper,vegetative,11.8,52,sandy,73.0,8.4,20.9,63.0,17.3,5.2,11.1,12.0,water_now
Tomato,vegetative,13.7,9,loam,87.3,7.2,15.8,81.7,55.6,18.2,11.1,129.0,no_watering
Pepper,flowering,13.8,43,clay,72.8,8.4,29.3,27.3,70.5,15.6,10.6,18.0,water_later
Tomato,vegetative,22.0,81,sandy,73.5,23.0,20.6,42.2,31.2,18.7,11.2,13.0,water_later
Potato,vegetative,12.7,117,clay,40.9,77.1,26.1,80.2,67.6,9.8,9.5,16.0,water_later
Potato,vegetative,30.9,88,loam,47.9,45.9,14.0,42.0,25.0,1.6,7.0,14.0,water_later
Pepper,vegetative,11.5,119,loam,93.6,2.5,33.2,69.9,52.7,4.5,7.7,34.0,water_later
Tomato,vegetative,9.6,23,loam,62.5,44.6,22.1,75.6,76.8,15.7,3.3,168.0,no_watering
Pepper,fruiting,6.1,35,loam,62.7,6.2,34.0,74.1,0.4,14.8,10.9,10.0,water_now
Potato,flowering,16.9,129,loam,41.9,47.7,14.3,29.3,31.9,7.9,3.7,14.0,water_later
Tomato,vegetative,9.6,89,loam,38.2,31.1,27.2,46.0,57.4,6.5,8.7,10.0,water_now
Tomato,flowering,19.1,38,sandy,67.6,7.4,19.8,34.2,71.8,8.0,11.7,11.0,water_now
Tomato,vegetative,19.8,57,loam,67.0,15.6,33.4,46.2,51.7,24.0,7.4,168.0,no_watering
Tomato,vegetative,17.4,70,sandy,91.7,7.7,33.7,55.1,48.9,7.2,3.0,83.0,no_watering
Pepper,seedling,14.7,111,clay,82.8,45.0,22.0,60.2,15.5,19.4,9.8,156.0,no_watering
Pepper,fruiting,6.5,117,sandy,60.9,6.3,31.6,26.3,32.6,23.1,7.1,9.0,water_now
Potato,flowering,26.2,2,sandy,45.3,36.6,13.4,66.0,9.6,4.6,3.7,36.0,water_later
Potato,fruiting,13.7,132,clay,61.7,31.2,27.0,46.0,58.2,2.3,3.7,82.0,no_watering
Tomato,vegetative,22.8,98,sandy,35.7,52.2,16.7,64.9,35.5,20.8,3.8,11.0,water_now
Tomato,vegetative,14.6,54,sandy,88.8,4.7,15.0,89.3,17.5,1.7,10.9,17.0,water_later
Pepper,seedling,5.2,114,sandy,40.5,43.4,19.9,30.2,48.5,4.4,9.4,9.0,water_now
Pepper,fruiting,6.0,139,loam,80.2,3.0,34.9,40.6,12.9,12.1,10.5,9.0,water_now
Pepper,fruiting,8.1,130,loam,89.6,4.8,17.3,73.0,35.2,5.5,6.2,37.0,water_later
Potato,flowering,10.2,64,sandy,52.6,25.6,21.7,41.0,13.2,5.6,3.7,13.0,water_later
Tomato,vegetative,20.6,65,clay,51.8,81.7,17.2,70.0,12.3,5.0,9.9,22.0,water_later
Pepper,flowering,8.0,134,loam,64.9,9.5,32.2,33.1,47.1,11.9,9.5,10.0,water_now
Tomato,fruiting,21.7,132,sandy,75.5,8.9,19.0,42.6,72.8,11.8,4.9,34.0,water_later
Pepper,seedling,10.6,26,clay,67.1,50.0,24.3,94.9,62.8,1.0,10.4,133.0,no_watering
Pepper,vegetative,9.9,117,loam,45.9,35.9,20.6,43.7,71.7,12.5,9.7,10.0,water_now
Potato,flowering,19.9,34,clay,54.1,39.5,24.9,25.8,75.8,3.4,5.6,62.0,no_watering
Potato,seedling,16.2,146,sandy,80.9,19.0,19.9,38.9,0.3,8.5,6.3,40.0,water_later
Pepper,flowering,10.3,90,loam,53.1,14.3,34.8,37.2,75.2,0.8,5.9,12.0,water_now
Tomato,fruiting,16.5,14,clay,90.0,8.5,20.0,54.9,20.0,12.6,5.0,168.0,no_watering
Potato,flowering,16.1,144,loam,70.2,17.0,19.8,52.7,31.6,10.4,5.8,37.0,water_later
Pepper,fruiting,6.4,45,sandy,95.1,1.3,33.4,77.9,62.5,13.0,6.0,13.0,water_later
Potato,seedling,30.6,78,sandy,72.5,72.8,14.5,58.3,30.1,17.4,9.0,33.0,water_later
Potato,fruiting,10.4,34,loam,62.8,11.3,28.6,50.4,22.3,6.7,9.5,16.0,water_later
Potato,vegetative,14.6,118,loam,36.4,41.7,18.7,70.1,81.4,13.7,8.7,8.0,water_now
Tomato,vegetative,14.7,115,sandy,53.3,14.0,31.9,58.3,40.7,16.2,7.7,10.0,water_now
Pepper,vegetative,10.5,31,sandy,60.2,13.7,21.9,66.8,61.2,4.2,10.3,11.0,water_now
Potato,fruiting,31.7,95,sandy,76.4,9.7,12.4,84.1,51.4,3.5,10.0,12.0,water_now
Potato,fruiting,11.3,102,clay,84.7,7.7,23.0,64.3,39.9,10.2,9.6,57.0,no_watering
Tomato,seedling,20.2,141,sandy,79.0,15.7,22.6,36.4,52.2,4.4,11.3,23.0,water_later
Potato,seedling,24.8,49,sandy,42.8,105.4,21.6,62.6,79.5,5.1,3.6,168.0,no_watering
Tomato,fruiting,9.4,26,loam,88.5,3.6,29.0,89.5,52.9,3.9,7.3,36.0,water_later
Potato,vegetative,31.4,3,clay,54.7,32.9,13.5,79.0,25.4,19.4,11.6,80.0,no_watering
Pepper,fruiting,5.3,55,loam,88.3,6.0,23.0,37.6,89.7,13.3,8.2,16.0,water_later
Tomato,flowering,18.5,12,clay,91.7,8.1,19.7,28.8,65.2,2.8,3.5,168.0,no_watering
Potato,seedling,18.5,79,loam,79.1,27.1,18.4,69.9,77.7,19.0,8.6,63.0,no_watering
Tomato,seedling,14.1,98,sandy,82.0,12.6,31.2,86.8,8.4,0.0,7.8,34.0,water_later
Tomato,seedling,15.6,31,loam,54.4,52.5,32.8,93.4,46.2,13.5,6.1,168.0,no_watering
Potato,seedling,20.0,115,sandy,62.0,35.6,18.8,62.0,75.0,21.1,8.0,83.0,no_watering
Tomato,seedling,15.3,70,sandy,96.8,2.0,24.8,71.2,24.8,1.9,11.7,31.0,water_later
Tomato,fruiting,23.0,71,sandy,60.0,12.6,28.0,75.3,35.3,0.4,10.8,7.0,water_now
Potato,vegetative,28.5,63,sandy,84.2,12.9,16.1,33.4,60.5,22.1,2.6,168.0,no_watering
Pepper,vegetative,8.6,131,clay,51.5,47.3,27.5,69.1,81.0,2.0,3.8,86.0,no_watering
Potato,flowering,27.8,3,sandy,92.0,4.1,27.8,35.0,8.1,23.2,3.6,126.0,no_watering
Pepper,flowering,7.7,91,clay,61.3,57.7,18.8,88.7,58.4,11.2,7.7,34.0,water_later
Pepper,vegetative,9.1,114,loam,37.7,63.1,17.8,78.5,23.0,18.8,8.9,9.0,water_now
Potato,fruiting,27.4,41,loam,50.8,44.2,25.2,44.5,78.9,12.8,2.2,168.0,no_watering
Tomato,flowering,22.0,23,clay,59.0,45.3,25.8,94.9,17.8,3.2,4.5,86.0,no_watering
Tomato,fruiting,14.5,56,clay,61.5,30.0,23.8,79.3,27.9,20.4,11.7,14.0,water_later
Potato,vegetative,13.0,84,sandy,60.2,17.8,12.9,43.0,11.6,9.6,8.0,11.0,water_now
Tomato,fruiting,23.2,136,clay,57.4,28.1,25.8,53.6,85.3,16.4,3.9,168.0,no_watering
Potato,vegetative,14.7,74,clay,61.0,24.7,24.8,76.4,55.0,9.3,10.7,27.0,water_later
Pepper,seedling,8.3,122,loam,96.6,5.7,20.2,61.8,8.6,5.0,2.5,168.0,no_watering
Potato,vegetative,31.5,44,sandy,35.6,40.4,22.2,35.8,4.5,24.5,3.3,11.0,water_now
Pepper,fruiting,6.6,34,clay,86.5,9.1,28.0,77.3,3.0,7.1,2.7,168.0,no_watering
Tomato,vegetative,12.8,71,clay,55.9,41.4,15.3,61.2,3.0,15.3,7.7,37.0,water_later
Potato,flowering,28.3,2,sandy,96.1,1.6,18.5,36.2,55.9,17.7,9.9,168.0,no_watering
Tomato,vegetative,11.7,120,loam,99.6,0.1,30.8,27.2,56.0,6.5,11.3,16.0,water_later
Potato,fruiting,12.8,128,sandy,70.4,7.0,27.9,90.8,36.2,3.3,10.3,9.0,water_now
Tomato,fruiting,18.5,65,sandy,61.6,13.1,19.7,90.5,30.0,12.0,6.5,12.0,water_now
Potato,flowering,28.7,48,sandy,66.9,10.0,12.1,42.4,86.8,16.4,11.4,13.0,water_later
Potato,flowering,28.7,148,sandy,47.8,49.8,13.6,28.6,31.5,5.6,6.9,11.0,water_now
Potato,vegetative,31.3,89,clay,89.3,9.0,14.5,48.3,46.4,4.8,8.2,85.0,no_watering
Tomato,vegetative,12.8,91,loam,52.9,31.8,18.5,45.6,70.2,12.3,12.0,13.0,water_later
Pepper,fruiting,14.5,71,sandy,98.0,0.6,31.3,47.1,28.9,19.4,2.7,40.0,water_later
Tomato,fruiting,18.1,36,sandy,98.4,0.3,33.6,73.2,59.2,21.6,10.5,11.0,water_now
Pepper,seedling,7.9,76,clay,87.9,25.0,23.1,93.0,31.0,13.6,2.4,168.0,no_watering
Potato,seedling,17.1,90,clay,75.2,40.1,26.2,43.2,10.5,10.0,9.2,65.0,no_watering
Pepper,fruiting,5.0,134,clay,87.1,6.1,21.0,66.1,10.6,6.9,10.9,18.0,water_later
Tomato,vegetative,10.9,111,sandy,59.9,17.1,30.3,26.7,3.6,12.8,4.1,24.0,water_later
Potato,fruiting,25.1,23,clay,77.9,17.2,16.7,93.0,29.0,15.2,9.4,103.0,no_watering
Tomato,fruiting,12.5,20,loam,82.0,4.9,23.3,67.0,5.0,4.7,10.7,27.0,water_later
Pepper,flowering,14.4,76,loam,85.0,12.7,25.6,60.5,86.8,14.0,2.5,168.0,no_watering
Potato,vegetative,10.9,94,clay,41.0,31.6,23.6,33.2,88.1,21.6,9.0,41.0,water_later
Tomato,vegetative,18.9,51,clay,41.3,66.1,32.3,81.8,4.2,4.1,5.8,15.0,water_later
Tomato,vegetative,18.5,24,clay,99.6,0.7,17.1,70.9,1.6,5.6,2.3,168.0,no_watering
Pepper,seedling,10.2,9,clay,66.2,49.5,35.0,50.4,47.9,22.3,4.8,168.0,no_watering
Tomato,vegetative,9.3,37,clay,88.5,7.8,29.3,45.2,24.5,21.9,9.5,57.0,no_watering
Pepper,fruiting,6.5,146,sandy,72.5,7.1,23.6,42.4,12.4,9.6,9.0,9.0,water_now
Potato,flowering,10.4,8,loam,35.4,26.4,18.4,81.9,83.5,1.3,11.1,8.0,water_now
Tomato,fruiting,14.3,95,clay,82.5,31.2,23.2,25.6,23.9,0.2,2.4,109.0,no_watering
Potato,seedling,10.2,5,clay,45.7,144.5,15.7,28.1,32.8,0.6,3.2,168.0,no_watering
Pepper,vegetative,12.6,128,clay,65.4,31.4,31.1,57.2,51.7,20.6,5.7,39.0,water_later
Tomato,seedling,18.0,99,loam,65.1,30.4,25.1,28.0,23.2,6.8,10.6,37.0,water_later
Potato,vegetative,11.0,14,loam,80.1,19.6,16.9,64.0,50.2,15.8,8.0,168.0,no_watering
Potato,fruiting,17.7,61,loam,89.9,5.2,18.0,39.8,78.0,14.9,10.9,39.0,water_later
Pepper,vegetative,6.4,61,sandy,59.7,10.3,27.9,28.7,73.0,21.0,9.0,10.0,water_now
Potato,fruiting,10.7,30,loam,84.3,23.9,12.2,56.4,72.0,1.6,8.4,61.0,no_watering
Pepper,seedling,5.8,14,clay,50.0,75.2,35.1,72.7,44.7,2.3,2.7,168.0,no_watering
Tomato,flowering,16.4,49,sandy,54.6,32.7,25.9,51.1,39.8,6.6,3.8,14.0,water_later
Pepper,flowering,13.1,48,loam,80.1,6.5,22.7,31.8,41.4,14.3,10.1,16.0,water_later
Tomato,fruiting,15.0,132,loam,72.7,9.4,29.1,46.0,49.8,4.9,9.2,12.0,water_now
Potato,fruiting,15.8,116,clay,35.4,48.1,23.4,57.2,87.4,24.8,7.5,10.0,water_now
Pepper,fruiting,13.8,25,sandy,87.4,2.8,16.9,43.6,54.3,10.8,10.6,13.0,water_later
Tomato,vegetative,21.6,85,clay,48.8,86.1,17.7,74.5,77.5,7.2,9.0,42.0,water_later
Tomato,vegetative,13.2,129,loam,93.2,3.3,29.5,82.1,58.7,6.5,11.3,19.0,water_later
Pepper,vegetative,11.8,36,sandy,57.0,32.1,29.9,40.7,16.4,14.4,7.3,12.0,water_now
Potato,seedling,11.4,144,loam,68.6,56.3,22.5,41.0,44.5,1.8,10.0,35.0,water_later
Potato,vegetative,29.6,41,sandy,55.9,44.7,12.2,72.1,30.8,22.4,5.3,57.0,no_watering
Pepper,flowering,9.8,107,sandy,97.4,2.4,29.5,68.6,35.4,7.1,4.0,36.0,water_later
Tomato,vegetative,10.9,70,sandy,44.8,19.4,29.4,94.5,19.7,23.5,9.2,8.0,water_now
Potato,seedling,31.0,84,loam,95.2,19.7,18.8,45.9,4.7,9.5,6.8,112.0,no_watering
Pepper,flowering,6.9,118,sandy,40.5,13.9,25.6,46.3,26.8,1.3,8.3,7.0,water_now
Pepper,flowering,5.2,63,sandy,58.8,9.0,28.6,55.4,33.4,23.2,9.8,8.0,water_now
Pepper,vegetative,5.2,119,loam,68.0,31.5,15.8,74.5,84.9,22.1,3.9,168.0,no_watering
Pepper,fruiting,13.0,78,clay,66.6,35.8,20.9,56.3,19.6,14.7,5.2,63.0,no_watering
Potato,fruiting,26.5,137,sandy,73.9,10.8,26.3,74.6,45.5,0.9,10.4,10.0,water_now
Potato,flowering,27.9,116,sandy,78.0,8.1,12.2,44.7,39.3,5.4,9.0,14.0,water_later
Potato,vegetative,31.5,140,clay,45.2,80.2,16.4,51.7,48.0,16.3,3.3,168.0,no_watering
Tomato,flowering,17.9,68,sandy,35.3,47.9,25.7,48.8,66.7,24.7,4.5,9.0,water_now
Tomato,vegetative,22.6,124,loam,54.8,30.2,30.5,93.1,83.6,4.0,9.0,12.0,water_now
Potato,fruiting,26.4,20,sandy,67.6,10.9,23.8,29.5,40.5,16.1,7.1,16.0,water_later
Pepper,seedling,8.6,148,loam,68.9,53.6,26.5,84.3,18.0,18.1,2.7,168.0,no_watering
Potato,flowering,18.8,113,loam,98.2,1.2,19.9,93.6,29.2,10.7,8.0,36.0,water_later
Potato,flowering,22.5,128,sandy,50.7,12.4,25.5,38.5,40.0,5.0,8.8,8.0,water_now
Tomato,seedling,21.4,63,sandy,60.0,120.1,16.1,86.6,32.1,8.0,6.2,64.0,no_watering
Potato,fruiting,30.9,54,loam,60.9,24.4,17.6,71.6,44.4,2.5,7.2,34.0,water_later
Pepper,fruiting,9.7,128,loam,56.9,17.5,15.1,28.7,26.2,1.4,7.2,13.0,water_later
Pepper,fruiting,8.9,77,loam,91.0,5.1,21.8,35.8,55.0,23.3,10.9,13.0,water_later
Tomato,vegetative,11.2,123,sandy,68.3,15.0,22.7,62.4,78.1,18.3,6.3,168.0,no_watering
Tomato,vegetative,14.5,62,sandy,52.4,22.3,15.9,68.6,15.6,19.9,10.1,9.0,water_now
Potato,seedling,21.9,32,loam,85.5,11.6,24.5,40.6,60.1,0.3,11.8,61.0,no_watering
Pepper,seedling,14.1,21,clay,88.4,14.9,25.0,58.9,24.5,24.8,10.4,168.0,no_watering
Pepper,seedling,7.3,53,sandy,55.7,45.4,23.2,43.9,69.3,18.8,2.1,168.0,no_watering
Pepper,seedling,11.3,88,sandy,51.3,63.2,25.5,69.7,56.5,13.7,4.2,168.0,no_watering
Potato,fruiting,10.0,145,sandy,91.7,3.9,24.2,42.6,31.8,13.3,3.5,37.0,water_later
Tomato,flowering,16.3,15,sandy,89.9,8.4,26.6,86.0,67.0,16.6,6.7,135.0,no_watering
Pepper,fruiting,10.1,110,clay,55.1,31.3,27.8,91.9,89.4,17.2,3.1,168.0,no_watering
Tomato,vegetative,8.1,60,clay,55.8,27.6,24.9,75.7,46.3,23.4,10.4,106.0,no_watering
Potato,fruiting,13.5,108,clay,62.9,15.3,23.0,40.4,33.9,15.6,11.7,31.0,water_later
Tomato,fruiting,14.7,1,loam,90.2,9.9,24.1,90.0,36.3,21.1,4.1,168.0,no_watering
Potato,seedling,18.2,23,loam,84.7,12.6,28.7,62.1,70.1,22.2,10.9,168.0,no_watering
Pepper,flowering,11.2,69,sandy,95.7,1.6,23.7,63.4,13.0,16.3,10.4,11.0,water_now
Pepper,seedling,15.8,119,sandy,72.3,15.0,33.6,41.0,88.1,7.9,8.8,38.0,water_later
Potato,fruiting,11.2,11,loam,64.0,15.3,27.1,44.6,71.2,10.5,6.7,168.0,no_watering
Pepper,vegetative,11.5,68,clay,70.2,53.0,16.6,82.3,18.9,12.9,10.6,42.0,water_later
Potato,seedling,17.0,94,clay,68.1,68.9,22.2,64.0,15.1,20.7,5.0,168.0,no_watering
Potato,flowering,22.1,60,sandy,45.1,35.2,19.5,39.4,13.6,14.8,2.2,13.0,water_later
Tomato,vegetative,9.8,131,clay,90.2,25.0,27.0,71.8,49.2,3.9,2.3,168.0,no_watering
Potato,fruiting,28.6,73,sandy,88.0,3.1,25.3,31.9,82.4,9.7,9.7,12.0,water_now
Potato,seedling,29.2,58,clay,85.7,50.2,12.8,66.0,54.6,5.8,4.2,168.0,no_watering
Potato,fruiting,24.5,49,sandy,81.4,15.6,22.3,56.8,46.0,10.3,2.5,156.0,no_watering
Potato,vegetative,31.9,16,loam,87.0,16.4,15.2,49.8,15.4,20.1,6.5,108.0,no_watering
Tomato,seedling,13.2,54,clay,55.7,54.6,21.5,28.0,57.9,13.1,10.4,168.0,no_watering
Potato,vegetative,21.4,16,clay,58.9,57.1,24.1,44.6,6.9,1.6,2.4,168.0,no_watering
Pepper,seedling,12.2,30,loam,98.6,1.1,29.7,77.7,48.2,11.1,11.4,104.0,no_watering
Potato,fruiting,28.0,68,loam,72.9,11.1,25.2,67.1,40.2,1.3,9.4,16.0,water_later
Tomato,vegetative,18.2,146,loam,62.7,55.4,20.7,79.5,51.7,7.3,4.7,62.0,no_watering
Tomato,fruiting,19.6,72,sandy,63.1,17.9,23.1,45.9,68.3,12.7,2.2,36.0,water_later
Tomato,flowering,17.3,99,clay,74.1,10.8,24.5,56.7,21.0,12.7,11.2,17.0,water_later
Potato,vegetative,25.6,96,clay,58.9,51.6,14.3,83.1,89.6,5.7,5.3,168.0,no_watering
Pepper,seedling,9.1,87,loam,75.7,21.4,35.8,51.1,71.7,0.6,7.5,39.0,water_later
Tomato,flowering,12.7,95,sandy,46.5,33.0,22.3,58.0,32.1,7.1,4.5,11.0,water_now
Potato,fruiting,15.9,142,sandy,39.1,45.4,27.8,90.0,80.8,1.9,3.1,11.0,water_now
Tomato,fruiting,17.0,45,sandy,99.9,0.0,16.4,83.4,24.6,12.0,4.9,82.0,no_watering
Tomato,flowering,21.1,108,sandy,36.7,26.1,18.9,59.1,11.3,10.1,6.5,8.0,water_now
Potato,vegetative,31.4,139,clay,97.5,3.5,25.1,27.0,2.7,18.2,3.5,168.0,no_watering
Pepper,vegetative,6.3,62,clay,43.0,39.1,33.7,54.1,39.2,1.9,6.5,12.0,water_now
Pepper,fruiting,15.1,105,sandy,43.7,22.6,20.8,81.8,19.8,15.3,11.2,6.0,water_now
Tomato,seedling,22.4,92,loam,49.3,97.4,19.0,55.6,1.5,11.9,6.2,37.0,water_later
Potato,seedling,17.2,32,sandy,52.8,46.2,22.8,44.3,69.9,8.8,6.0,168.0,no_watering
Pepper,fruiting,15.0,58,sandy,59.5,15.0,24.1,46.5,44.1,3.2,10.7,8.0,water_now
Tomato,flowering,19.8,73,sandy,58.1,11.7,27.2,87.6,39.5,21.3,8.3,9.0,water_now
Tomato,flowering,17.7,145,clay,94.8,4.2,15.5,89.9,66.9,8.4,11.7,41.0,water_later
Potato,vegetative,28.3,21,clay,79.4,23.7,25.3,44.0,48.0,13.4,4.9,168.0,no_watering
Tomato,flowering,15.5,104,loam,58.5,27.5,19.6,41.3,33.6,12.1,4.5,37.0,water_later
Tomato,vegetative,13.7,48,loam,69.2,22.4,17.2,73.8,5.7,21.9,7.9,38.0,water_later
Pepper,seedling,11.4,105,clay,62.6,110.2,21.0,55.9,72.4,12.6,8.5,168.0,no_watering
Tomato,fruiting,23.4,65,sandy,41.0,48.9,16.6,39.4,48.1,4.3,2.8,12.0,water_now
Tomato,fruiting,20.8,64,clay,78.6,25.1,16.5,56.9,11.6,19.0,2.5,154.0,no_watering
Tomato,fruiting,18.3,138,clay,88.4,5.9,27.4,25.2,64.9,9.3,10.6,18.0,water_later
Tomato,vegetative,8.2,146,loam,97.3,3.2,15.6,37.9,62.2,8.4,2.5,168.0,no_watering
Tomato,flowering,22.6,61,sandy,53.8,74.0,17.6,45.2,3.3,7.9,3.0,15.0,water_later
Pepper,vegetative,5.2,20,clay,48.4,17.8,35.6,53.1,76.8,6.9,10.9,15.0,water_later
Pepper,vegetative,14.6,15,sandy,59.2,20.7,27.3,37.9,59.7,15.3,3.8,157.0,no_watering
Tomato,seedling,20.1,55,sandy,41.6,81.7,19.9,46.5,46.5,23.9,4.2,16.0,water_later
Tomato,vegetative,11.9,46,loam,79.2,16.8,26.4,48.5,45.1,7.5,10.6,35.0,water_later
Pepper,fruiting,9.7,9,loam,62.9,29.4,15.1,43.5,72.9,23.8,7.1,168.0,no_watering
Pepper,fruiting,12.0,94,clay,53.0,18.7,24.9,88.3,16.0,11.8,10.2,11.0,water_now
Pepper,fruiting,14.2,50,loam,98.8,0.5,16.9,73.2,76.2,6.7,12.0,18.0,water_later
Pepper,vegetative,9.1,40,loam,94.5,9.2,20.2,69.8,70.4,9.2,2.6,168.0,no_watering
Pepper,flowering,6.8,48,loam,95.0,1.2,33.4,79.4,21.0,5.2,11.5,15.0,water_later
Potato,fruiting,12.8,31,sandy,57.0,29.1,22.8,78.6,82.0,18.9,7.5,153.0,no_watering
Pepper,vegetative,8.3,142,clay,91.1,5.6,22.1,30.7,67.0,13.7,8.4,109.0,no_watering
Pepper,flowering,7.3,4,sandy,83.7,4.7,28.8,53.8,70.6,9.8,5.3,168.0,no_watering
Tomato,flowering,17.0,12,clay,92.8,3.5,26.2,41.5,8.7,21.5,8.1,112.0,no_watering
Potato,seedling,12.2,75,sandy,65.0,59.9,27.2,61.1,18.7,3.3,4.0,38.0,water_later
Pepper,vegetative,13.5,135,loam,74.9,15.8,31.2,91.0,1.7,22.4,4.7,38.0,water_later
Potato,flowering,22.6,45,sandy,60.9,12.6,14.0,93.5,69.6,9.9,11.8,10.0,water_now
Potato,flowering,28.4,112,clay,60.3,35.1,24.7,94.4,18.5,20.4,8.3,29.0,water_later
Tomato,fruiting,10.2,123,sandy,93.5,2.0,32.7,85.2,23.6,21.2,7.9,11.0,water_now
Potato,seedling,14.0,68,sandy,71.9,24.3,19.0,88.8,60.5,10.3,9.2,37.0,water_later
Potato,vegetative,14.8,116,sandy,60.3,40.1,15.8,32.8,2.5,10.0,3.0,34.0,water_later
Tomato,flowering,19.7,137,loam,50.1,76.3,15.6,77.8,37.7,12.1,3.9,104.0,no_watering
Tomato,flowering,16.5,10,loam,86.8,14.4,16.9,28.2,6.4,10.9,7.6,75.0,no_watering
Tomato,seedling,9.2,106,loam,35.7,118.1,19.8,63.1,59.7,2.1,3.0,86.0,no_watering
Tomato,flowering,18.5,138,loam,69.4,20.1,32.5,87.6,36.4,13.6,2.4,58.0,no_watering
Potato,seedling,29.3,134,sandy,97.1,6.6,22.2,42.3,84.1,7.6,3.4,168.0,no_watering
Tomato,seedling,11.4,125,clay,71.8,83.4,18.8,54.8,83.5,2.5,9.0,107.0,no_watering
Potato,fruiting,11.3,131,loam,92.4,6.4,17.5,58.6,70.4,2.4,10.6,30.0,water_later
Pepper,seedling,16.0,98,clay,45.5,80.1,21.4,57.5,26.0,3.0,10.7,32.0,water_later
Potato,fruiting,28.7,65,clay,80.3,26.5,17.1,34.6,76.4,9.2,6.8,85.0,no_watering
Pepper,fruiting,7.1,92,clay,37.4,26.0,16.5,63.8,10.0,24.6,11.6,7.0,water_now
Potato,flowering,13.7,138,clay,38.1,73.0,22.9,33.3,19.6,1.3,4.8,12.0,water_now
Potato,fruiting,31.2,49,loam,87.9,13.4,15.2,29.7,68.2,12.4,7.5,56.0,no_watering
Tomato,seedling,10.2,89,loam,95.7,4.5,21.9,59.1,55.2,13.0,10.1,168.0,no_watering
Pepper,fruiting,9.3,16,sandy,49.4,23.6,20.9,64.9,89.1,17.5,11.5,12.0,water_now
Pepper,fruiting,8.8,127,loam,85.6,4.8,28.9,53.1,16.6,16.0,5.7,29.0,water_later
Pepper,vegetative,9.3,71,loam,36.7,49.1,17.8,70.7,59.7,2.1,6.1,13.0,water_later
Potato,flowering,12.4,39,loam,77.1,15.7,15.8,94.1,70.9,12.8,5.8,168.0,no_watering
Tomato,seedling,8.1,145,clay,74.0,54.5,27.1,81.9,68.4,12.1,6.1,168.0,no_watering
Tomato,seedling,15.5,35,clay,57.8,168.0,18.2,60.1,49.7,4.5,3.1,168.0,no_watering
Tomato,flowering,8.2,45,clay,47.5,48.6,20.3,47.9,0.1,2.3,3.6,49.0,no_watering
Potato,flowering,20.0,52,sandy,41.6,12.2,25.6,41.0,2.7,21.3,10.9,6.0,water_now
Pepper,vegetative,8.5,138,clay,84.8,13.3,31.4,56.0,0.7,23.2,3.5,108.0,no_watering
Tomato,flowering,23.3,81,sandy,69.1,14.5,25.6,27.9,76.6,0.6,9.6,10.0,water_now
Tomato,flowering,22.6,77,sandy,74.9,8.5,28.5,48.1,81.6,23.2,5.0,62.0,no_watering
Pepper,fruiting,11.1,96,sandy,43.4,13.3,31.8,45.1,60.7,23.2,10.8,6.0,water_now
Tomato,fruiting,11.6,34,sandy,81.2,5.3,21.5,93.7,50.2,19.3,7.6,15.0,water_later
Tomato,seedling,11.6,60,sandy,51.3,33.0,27.6,75.8,51.8,8.0,9.2,12.0,water_now
Potato,flowering,31.1,42,sandy,54.9,13.8,27.6,79.9,51.8,18.4,7.9,11.0,water_now
Pepper,fruiting,11.2,57,clay,68.8,15.2,16.0,45.9,65.5,9.7,10.9,17.0,water_later
Pepper,vegetative,7.6,62,loam,40.4,35.1,30.9,51.0,83.4,10.5,10.9,9.0,water_now
Tomato,flowering,17.4,108,loam,36.3,66.6,25.5,34.8,55.4,4.0,4.2,10.0,water_now
Pepper,flowering,8.0,101,sandy,46.7,13.1,24.7,83.6,21.6,3.5,10.6,7.0,water_now
Tomato,vegetative,12.8,50,loam,81.1,48.1,15.1,27.2,22.2,21.8,2.8,168.0,no_watering
Tomato,flowering,16.6,75,loam,95.3,2.8,21.0,44.7,72.8,0.4,11.6,16.0,water_later
Tomato,flowering,15.2,44,loam,44.4,42.1,19.5,78.4,16.3,5.6,4.2,19.0,water_later
Pepper,vegetative,10.8,135,loam,44.1,31.9,19.8,44.6,62.1,15.0,11.1,9.0,water_now
Tomato,seedling,15.8,81,sandy,36.7,40.7,33.1,67.0,69.2,22.6,10.3,7.0,water_now
Potato,vegetative,23.0,147,sandy,90.8,5.9,27.3,51.8,73.7,18.8,4.1,109.0,no_watering
Tomato,vegetative,17.4,7,sandy,88.4,6.9,24.5,46.1,8.6,14.6,9.8,35.0,water_later
Potato,vegetative,24.1,9,clay,66.7,76.9,15.6,68.3,2.0,17.7,6.9,134.0,no_watering
Pepper,fruiting,6.1,10,loam,81.7,8.7,18.1,83.9,66.6,8.8,5.8,168.0,no_watering
Pepper,seedling,13.0,52,loam,49.7,44.3,27.2,68.5,72.3,5.4,11.0,16.0,water_later
Tomato,seedling,23.4,57,sandy,69.7,26.8,27.4,57.8,39.7,7.2,11.2,15.0,water_later
Pepper,seedling,13.6,16,clay,47.7,84.5,17.5,45.7,7.2,11.3,9.6,80.0,no_watering
Pepper,fruiting,12.8,4,loam,77.1,16.8,22.1,49.1,51.8,13.8,8.6,62.0,no_watering
Potato,flowering,20.5,11,sandy,75.6,17.2,12.9,71.4,10.2,12.0,10.0,34.0,water_later
Potato,fruiting,10.5,102,sandy,56.8,30.8,22.7,58.4,11.1,8.9,6.3,11.0,water_now
Tomato,vegetative,14.1,13,sandy,58.9,14.4,27.1,75.4,25.7,3.8,8.5,14.0,water_later
Tomato,seedling,8.6,81,sandy,85.2,6.8,32.8,42.1,81.7,3.7,10.3,15.0,water_later
Potato,seedling,14.6,32,loam,67.6,54.6,16.4,49.1,87.4,18.9,8.6,168.0,no_watering
Potato,flowering,12.3,147,clay,61.8,41.0,23.2,39.1,80.6,23.0,8.8,59.0,no_watering
Tomato,seedling,9.6,59,sandy,87.2,10.0,20.2,86.0,16.6,11.1,10.1,42.0,water_later
Tomato,flowering,9.0,136,sandy,96.3,1.6,17.7,37.8,44.0,20.9,4.8,56.0,no_watering
Pepper,flowering,15.2,64,clay,69.4,29.4,23.1,57.8,14.8,20.4,6.1,40.0,water_later
Pepper,flowering,14.1,145,loam,35.4,56.3,15.5,53.5,37.7,9.6,3.4,15.0,water_later
Pepper,seedling,6.6,27,loam,83.8,14.4,29.1,85.6,85.0,18.5,9.7,168.0,no_watering
Tomato,fruiting,17.3,45,sandy,44.0,23.6,19.1,72.9,78.2,16.4,4.7,11.0,water_now
Tomato,vegetative,10.4,105,clay,99.0,1.0,18.7,87.5,65.7,0.2,6.6,112.0,no_watering
Pepper,fruiting,13.0,8,loam,91.2,3.9,24.7,86.4,2.2,5.8,5.7,86.0,no_watering
Potato,vegetative,12.1,29,sandy,99.0,0.3,19.7,72.6,58.1,22.0,11.5,34.0,water_later
Tomato,flowering,13.1,61,sandy,82.4,6.8,28.6,52.6,19.8,3.5,6.0,14.0,water_later
Potato,fruiting,14.4,126,sandy,88.7,4.0,13.9,94.2,80.2,18.0,10.8,31.0,water_later
Pepper,flowering,6.4,68,sandy,48.2,10.2,32.2,79.1,51.9,0.6,10.7,6.0,water_now
Potato,vegetative,30.6,57,sandy,83.1,7.1,23.8,67.4,76.7,16.0,7.0,17.0,water_later
Potato,flowering,29.6,107,loam,99.0,1.2,26.9,67.0,4.7,21.7,2.2,133.0,no_watering
Pepper,flowering,13.4,131,clay,38.2,59.2,17.0,64.5,7.0,22.5,4.2,13.0,water_later
Pepper,seedling,10.2,8,sandy,81.1,12.4,31.5,62.1,85.6,18.3,8.9,168.0,no_watering
Potato,seedling,16.3,134,loam,50.7,131.1,22.8,29.3,30.6,17.2,2.6,168.0,no_watering
Pepper,vegetative,10.7,76,loam,66.0,20.2,28.7,44.2,17.7,15.6,8.5,14.0,water_later
Tomato,fruiting,16.3,6,loam,89.7,7.0,21.0,44.7,86.6,15.2,3.1,168.0,no_watering
Pepper,seedling,9.5,14,clay,48.3,127.1,27.7,73.6,32.9,23.2,8.5,168.0,no_watering
Potato,fruiting,12.5,78,clay,63.5,17.9,21.7,57.9,59.8,4.0,10.3,21.0,water_later
Pepper,seedling,12.9,96,sandy,48.5,36.0,33.2,48.3,6.0,8.7,11.8,9.0,water_now
Pepper,vegetative,11.0,76,clay,72.6,16.4,20.2,91.6,25.4,9.7,11.9,38.0,water_later
Tomato,seedling,15.5,40,loam,39.3,67.0,29.8,58.7,38.3,13.7,7.6,37.0,water_later
Tomato,seedling,21.0,69,sandy,57.2,23.0,29.8,25.5,43.1,9.6,9.9,12.0,water_now
Potato,vegetative,15.6,78,loam,39.0,73.3,13.2,51.0,84.9,10.7,9.4,15.0,water_later
Tomato,fruiting,21.1,126,sandy,95.1,0.6,32.9,25.5,57.5,19.1,11.2,8.0,water_now
Potato,vegetative,30.9,114,sandy,96.8,1.8,25.5,57.8,26.3,8.0,11.2,12.0,water_now
Potato,fruiting,24.4,22,loam,39.0,20.3,27.7,38.9,4.3,3.5,9.8,9.0,water_now
Pepper,vegetative,7.1,73,loam,97.7,0.8,29.2,59.2,73.9,16.6,10.9,34.0,water_later
Tomato,fruiting,23.0,53,clay,59.5,18.3,27.9,65.8,35.9,19.2,6.7,32.0,water_later
Pepper,seedling,11.7,92,loam,47.7,107.4,30.2,51.4,33.0,4.0,10.5,12.0,water_now
Pepper,vegetative,15.9,28,sandy,64.8,22.2,23.0,74.9,75.4,14.5,4.0,168.0,no_watering
Pepper,vegetative,15.8,8,clay,53.5,54.5,29.8,57.1,10.3,12.3,5.6,132.0,no_watering
Potato,seedling,11.8,136,loam,37.9,48.9,28.1,27.6,37.7,0.8,9.0,10.0,water_now
Tomato,fruiting,13.6,129,loam,65.5,15.3,25.9,39.6,82.7,5.1,4.6,35.0,water_later
Pepper,vegetative,8.9,122,loam,72.1,19.2,33.8,67.0,34.6,24.3,3.1,44.0,water_later
Potato,fruiting,31.7,14,sandy,87.8,3.7,18.6,44.9,89.5,12.4,10.3,36.0,water_later
Potato,fruiting,19.3,89,loam,70.0,24.7,14.5,61.3,15.0,18.0,5.1,40.0,water_later
Tomato,flowering,8.0,99,sandy,77.8,4.7,30.4,73.2,7.8,16.7,9.3,10.0,water_now
Tomato,flowering,9.4,60,loam,88.6,8.5,15.5,78.6,58.7,18.2,4.8,168.0,no_watering
Potato,vegetative,31.7,125,clay,49.1,38.7,17.4,54.5,18.1,0.3,8.6,16.0,water_later
Tomato,seedling,19.6,17,clay,50.3,91.3,26.2,61.8,0.3,23.5,8.0,84.0,no_watering
Potato,seedling,13.8,132,sandy,96.9,5.1,22.9,91.4,54.0,4.5,5.4,85.0,no_watering
Tomato,vegetative,8.8,59,sandy,62.6,17.0,20.0,40.4,48.0,16.1,6.4,13.0,water_later
Tomato,vegetative,23.8,69,clay,90.4,17.2,27.8,55.0,62.8,6.4,2.7,168.0,no_watering
Tomato,flowering,22.6,142,loam,40.7,25.2,19.2,94.5,60.7,18.5,10.6,11.0,water_now
Potato,fruiting,20.9,148,sandy,98.6,0.7,15.4,56.4,67.2,3.5,7.0,33.0,water_later
Potato,vegetative,20.4,73,sandy,84.2,8.6,18.9,85.4,43.1,21.7,8.5,36.0,water_later
Pepper,fruiting,9.4,65,loam,97.3,0.7,33.9,71.1,47.3,16.6,7.4,32.0,water_later
Tomato,seedling,19.7,24,loam,64.9,84.7,22.5,79.3,38.3,10.9,8.4,168.0,no_watering
Potato,seedling,22.5,82,loam,96.7,8.9,23.7,56.3,57.7,16.9,6.0,168.0,no_watering
Potato,seedling,20.2,93,sandy,69.8,48.4,21.9,41.9,43.2,3.8,5.2,59.0,no_watering
Potato,fruiting,18.4,48,clay,59.0,30.6,12.4,83.7,83.2,23.0,11.1,42.0,water_later
Tomato,fruiting,9.7,123,clay,72.9,20.6,33.0,52.1,53.1,23.7,6.8,20.0,water_later
Pepper,flowering,13.8,6,loam,89.7,4.0,26.2,55.9,78.6,9.0,8.5,57.0,no_watering
Tomato,vegetative,12.2,69,loam,64.1,28.3,26.3,69.7,4.5,5.8,7.2,33.0,water_later
Tomato,vegetative,8.3,125,clay,35.9,83.9,16.9,86.4,3.3,6.9,5.4,13.0,water_later
Tomato,fruiting,18.6,32,sandy,49.8,21.5,26.4,35.4,10.7,14.0,3.8,13.0,water_later
Tomato,seedling,8.2,135,loam,43.8,92.3,33.1,69.7,58.6,10.6,2.2,168.0,no_watering
Potato,fruiting,18.0,74,clay,99.6,0.3,20.0,80.5,70.4,2.3,8.4,79.0,no_watering
Pepper,flowering,9.3,108,loam,79.1,8.5,28.9,66.8,48.8,12.3,11.0,12.0,water_now
Pepper,flowering,7.8,82,clay,53.2,25.3,22.8,42.8,48.3,20.6,9.2,13.0,water_later
Potato,vegetative,24.7,139,sandy,71.5,8.0,26.8,60.5,58.9,23.6,9.9,13.0,water_later
Tomato,fruiting,21.3,129,sandy,68.6,14.8,19.1,93.5,73.0,11.8,10.3,9.0,water_now
Pepper,seedling,15.2,91,loam,92.4,10.3,33.9,45.4,19.7,20.7,3.6,168.0,no_watering
Pepper,vegetative,14.6,114,sandy,91.3,3.6,30.3,94.8,71.1,8.0,8.9,14.0,water_later
Pepper,seedling,11.6,42,sandy,88.5,18.1,26.2,53.1,82.6,19.0,3.7,168.0,no_watering
Tomato,seedling,19.2,95,clay,44.2,159.3,23.5,89.0,83.0,16.7,6.9,168.0,no_watering
Tomato,vegetative,17.0,101,sandy,99.5,0.4,15.5,54.5,62.0,15.9,5.4,40.0,water_later
Pepper,seedling,12.2,70,sandy,49.8,82.5,35.1,31.6,23.8,17.1,4.1,63.0,no_watering
Potato,vegetative,28.1,109,sandy,56.5,13.1,24.8,68.4,9.1,3.6,10.3,9.0,water_now
Pepper,seedling,8.0,65,loam,64.9,56.2,33.2,53.1,60.8,22.7,3.8,168.0,no_watering
Potato,flowering,12.4,52,clay,47.5,55.0,12.9,50.4,30.8,2.0,4.2,41.0,water_later
Pepper,seedling,13.8,135,sandy,56.1,34.3,32.3,68.8,27.4,20.7,7.8,14.0,water_later
Potato,vegetative,25.2,62,clay,65.8,30.6,23.9,89.7,18.0,11.1,6.2,60.0,no_watering
Tomato,vegetative,21.5,112,clay,62.5,32.8,27.7,83.1,68.5,6.4,5.7,88.0,no_watering
Tomato,fruiting,8.5,88,loam,77.6,10.2,19.9,33.3,84.0,10.6,11.8,11.0,water_now
Tomato,fruiting,11.8,74,sandy,56.8,9.2,30.0,41.4,5.3,8.4,8.2,8.0,water_now
Pepper,vegetative,15.1,142,clay,63.6,27.7,17.6,72.4,85.7,5.4,9.2,55.0,no_watering
Tomato,seedling,12.9,91,sandy,77.3,40.9,21.5,90.5,21.8,7.4,8.6,38.0,water_later
Potato,vegetative,22.2,66,loam,43.6,39.8,25.4,41.6,42.0,15.2,4.5,13.0,water_later
Tomato,flowering,12.7,31,clay,93.2,6.5,15.5,45.0,26.9,10.9,4.6,168.0,no_watering
Pepper,vegetative,15.1,18,clay,45.2,47.5,16.8,27.7,57.8,8.0,8.5,131.0,no_watering
Tomato,seedling,23.2,136,loam,85.8,15.8,32.8,67.3,19.2,4.0,5.9,91.0,no_watering
Pepper,vegetative,12.5,15,clay,49.9,82.9,16.8,28.8,49.5,9.9,7.0,168.0,no_watering
Tomato,flowering,15.1,77,loam,85.2,12.0,27.9,55.5,40.6,0.0,6.8,33.0,water_later
Pepper,flowering,14.4,48,sandy,91.1,6.1,30.6,83.8,0.9,24.7,2.8,53.0,no_watering
Tomato,fruiting,19.9,47,sandy,37.2,15.7,24.9,64.2,31.2,1.4,7.5,8.0,water_now
Pepper,fruiting,10.0,118,clay,52.7,16.4,23.3,41.6,24.6,17.1,9.8,12.0,water_now
Potato,flowering,16.5,7,clay,86.3,19.9,13.2,74.8,80.0,20.8,3.5,168.0,no_watering
Tomato,fruiting,10.8,82,loam,50.9,88.8,15.9,77.5,14.4,0.1,3.0,34.0,water_later
Potato,vegetative,18.0,113,clay,47.8,95.1,16.0,27.2,34.8,3.0,7.5,24.0,water_later
Potato,fruiting,14.9,105,sandy,78.4,6.2,26.3,41.6,89.1,18.5,7.7,12.0,water_now
Tomato,fruiting,20.0,53,sandy,66.3,20.2,26.3,46.4,7.3,17.5,6.9,11.0,water_now
Tomato,fruiting,22.6,101,sandy,58.7,14.2,23.7,55.4,75.4,8.0,4.7,14.0,water_later
Tomato,fruiting,8.1,119,sandy,73.0,5.1,22.1,78.5,27.4,6.5,10.8,10.0,water_now
Pepper,fruiting,6.6,12,loam,74.0,8.1,23.3,48.7,39.5,18.4,10.2,17.0,water_later
Tomato,fruiting,20.0,124,clay,41.9,31.7,31.1,41.8,83.1,11.0,5.5,14.0,water_later
Tomato,flowering,13.8,123,loam,90.4,4.5,18.9,31.9,4.2,18.2,7.4,35.0,water_later
Potato,flowering,24.7,31,sandy,92.6,1.8,28.3,46.1,19.7,7.4,9.9,15.0,water_later
Tomato,seedling,20.9,45,sandy,75.7,37.1,22.9,31.8,20.4,15.0,5.0,132.0,no_watering
Potato,fruiting,14.6,146,loam,51.3,49.2,27.7,43.3,34.9,12.8,2.3,35.0,water_later
Tomato,vegetative,14.0,90,sandy,53.1,46.4,25.6,92.3,57.7,10.0,2.0,168.0,no_watering
Potato,seedling,26.8,89,clay,85.7,16.3,21.8,37.7,59.5,4.2,11.5,81.0,no_watering
Pepper,flowering,11.6,15,clay,59.5,58.5,20.9,28.1,48.9,4.3,4.6,110.0,no_watering
Tomato,flowering,15.7,141,clay,64.0,19.1,24.9,26.4,58.7,21.2,7.4,82.0,no_watering
Pepper,fruiting,10.8,43,clay,51.4,21.8,30.3,83.6,55.3,15.6,7.2,37.0,water_later
Pepper,vegetative,15.2,148,loam,70.5,32.9,17.8,59.3,32.0,18.4,3.1,83.0,no_watering
Potato,seedling,31.9,129,clay,48.7,120.1,27.2,25.7,28.2,21.5,2.8,168.0,no_watering
Pepper,vegetative,14.1,111,loam,89.1,4.9,18.5,57.3,67.8,2.6,11.6,21.0,water_later
Pepper,fruiting,7.4,103,sandy,89.5,3.1,34.2,60.5,53.1,14.5,2.9,22.0,water_later
Tomato,fruiting,16.5,64,sandy,48.5,18.2,33.0,73.8,44.4,4.7,3.1,11.0,water_now
Potato,vegetative,12.5,92,sandy,94.9,8.6,15.8,93.9,47.4,6.7,3.9,66.0,no_watering
Tomato,flowering,19.0,77,clay,74.1,15.0,30.9,42.0,30.0,5.6,8.7,21.0,water_later
Pepper,vegetative,12.5,33,loam,45.0,16.5,34.3,63.4,56.9,3.6,10.3,9.0,water_now
Pepper,seedling,9.8,10,clay,47.0,89.5,20.7,83.4,66.5,24.5,9.0,168.0,no_watering
Pepper,fruiting,14.5,61,sandy,80.7,5.8,33.9,88.3,3.4,17.4,3.1,17.0,water_later
Tomato,flowering,13.7,59,sandy,51.4,30.8,16.9,39.6,69.8,15.1,9.7,9.0,water_now
Pepper,fruiting,10.7,46,loam,77.3,5.9,30.5,79.3,79.4,14.5,8.2,18.0,water_later
Tomato,flowering,22.6,73,clay,91.3,14.1,15.6,94.0,69.9,4.7,8.1,80.0,no_watering
Tomato,fruiting,14.4,68,sandy,75.4,11.7,16.2,86.4,43.0,3.4,4.2,34.0,water_later
Potato,vegetative,25.5,110,sandy,43.6,29.1,28.6,74.4,85.1,2.4,3.8,12.0,water_now
Potato,vegetative,27.8,135,loam,82.7,27.6,13.0,72.2,8.5,13.6,4.5,129.0,no_watering
Pepper,flowering,8.0,5,clay,52.6,21.7,21.2,93.0,62.4,6.1,10.7,46.0,water_later
Pepper,seedling,12.7,77,sandy,96.0,3.4,21.5,53.8,59.2,24.5,9.0,84.0,no_watering
Pepper,seedling,11.7,10,clay,47.5,78.9,27.1,32.2,17.3,1.0,6.9,107.0,no_watering
Potato,vegetative,16.6,12,sandy,38.6,30.9,17.5,31.5,81.2,19.5,8.3,9.0,water_now
Potato,vegetative,17.0,143,sandy,73.6,23.7,17.4,43.7,21.8,9.6,9.5,12.0,water_now
Pepper,fruiting,11.6,14,sandy,69.9,8.3,31.3,64.9,5.9,20.6,4.3,61.0,no_watering
Tomato,seedling,21.4,44,clay,53.2,85.7,30.1,79.8,34.1,16.8,5.1,168.0,no_watering
Potato,vegetative,15.9,39,sandy,70.0,13.3,15.3,81.4,42.5,2.6,8.7,17.0,water_later
Potato,fruiting,19.6,27,loam,85.4,8.1,22.4,76.2,22.4,14.1,7.1,86.0,no_watering
Potato,vegetative,22.2,52,sandy,88.4,8.0,17.8,56.5,87.7,21.3,4.0,168.0,no_watering
Potato,flowering,23.4,121,sandy,91.3,2.2,26.9,89.5,54.5,24.0,10.4,13.0,water_later
Pepper,vegetative,8.5,82,loam,37.9,104.2,17.0,85.3,18.1,0.9,6.0,11.0,water_now
Potato,flowering,16.0,91,loam,52.9,34.9,21.4,91.5,36.2,9.4,4.1,36.0,water_later
Pepper,fruiting,11.5,128,loam,80.6,10.7,27.8,43.1,2.0,21.6,2.2,59.0,no_watering
Pepper,seedling,5.9,39,sandy,36.7,52.6,20.5,55.8,85.6,17.9,2.8,168.0,no_watering
Tomato,flowering,14.3,109,loam,35.0,42.4,30.8,54.3,38.0,0.5,9.3,7.0,water_now
Pepper,fruiting,12.3,144,clay,48.3,41.7,20.5,87.1,55.0,16.0,8.8,12.0,water_now
Potato,flowering,10.4,61,clay,94.1,5.1,28.6,89.8,77.1,14.4,5.2,168.0,no_watering
Pepper,flowering,8.4,71,clay,93.6,3.7,17.9,74.8,63.3,14.7,11.0,40.0,water_later
Pepper,fruiting,6.4,81,clay,98.7,0.5,35.1,84.1,78.4,25.0,5.3,168.0,no_watering
Potato,vegetative,26.6,38,loam,39.6,19.9,26.9,46.1,58.2,14.3,11.9,8.0,water_now
Potato,fruiting,28.9,126,sandy,68.3,40.9,26.8,72.0,2.0,2.0,4.0,15.0,water_later
Tomato,fruiting,16.8,44,sandy,74.7,12.5,22.2,48.3,82.9,21.5,11.7,15.0,water_later
Potato,fruiting,20.1,8,loam,49.1,66.4,20.9,78.1,17.5,10.6,2.5,168.0,no_watering
Pepper,flowering,7.3,35,clay,59.5,14.5,27.5,53.2,48.3,16.9,9.8,17.0,water_later
Tomato,vegetative,13.9,33,sandy,83.3,5.8,27.9,31.2,11.2,11.2,9.1,15.0,water_later
Pepper,fruiting,10.1,47,loam,60.2,12.6,24.0,72.3,3.7,15.4,10.9,11.0,water_now
Potato,fruiting,27.9,97,loam,59.3,20.1,16.5,59.7,84.7,21.0,9.7,18.0,water_later
Pepper,vegetative,11.5,117,sandy,51.5,14.8,32.8,56.2,42.9,11.6,6.6,10.0,water_now
Pepper,flowering,5.3,89,loam,62.4,15.5,33.3,26.6,31.6,7.5,10.7,10.0,water_now
Pepper,fruiting,13.4,7,sandy,38.8,10.9,28.7,39.6,76.6,18.5,8.2,12.0,water_now
Pepper,flowering,9.4,147,loam,82.0,7.4,30.2,35.5,72.0,16.4,9.4,15.0,water_later
Pepper,vegetative,8.8,95,loam,96.2,2.0,18.8,39.0,82.4,16.8,8.8,128.0,no_watering
Tomato,flowering,15.5,88,sandy,38.9,25.8,31.3,64.9,67.8,9.0,2.8,10.0,water_now
Tomato,seedling,17.6,13,loam,60.9,39.1,29.5,60.1,9.2,22.2,7.9,130.0,no_watering
Tomato,fruiting,20.6,14,loam,54.9,28.7,20.3,54.8,57.9,16.2,5.1,37.0,water_later
Pepper,seedling,8.1,22,loam,77.3,36.4,24.7,65.8,55.3,18.5,6.0,168.0,no_watering
Tomato,flowering,14.5,25,sandy,76.7,15.4,33.6,66.0,20.9,5.8,2.2,62.0,no_watering
Tomato,vegetative,15.9,80,clay,89.5,13.5,32.3,84.9,15.7,3.9,5.2,86.0,no_watering
Tomato,flowering,9.1,37,loam,55.0,20.6,31.6,62.2,49.7,21.0,5.8,37.0,water_later
Pepper,flowering,6.8,43,loam,35.2,21.2,24.6,85.5,1.5,22.4,10.3,6.0,water_now
Potato,vegetative,30.2,112,sandy,89.5,5.1,15.8,60.3,63.0,21.5,8.5,16.0,water_later
Pepper,fruiting,10.3,2,clay,58.8,30.0,17.0,31.3,32.0,9.3,4.0,168.0,no_watering
Pepper,flowering,10.9,26,clay,69.3,24.1,16.6,39.7,10.7,13.8,8.2,58.0,no_watering
Pepper,seedling,13.9,83,sandy,98.3,1.4,26.0,74.4,33.8,9.0,8.8,83.0,no_watering
Tomato,fruiting,15.4,47,sandy,96.3,0.8,29.4,37.4,68.6,14.3,7.4,15.0,water_later
Potato,seedling,26.1,19,loam,51.8,168.0,28.9,92.2,54.6,20.4,2.7,168.0,no_watering
Tomato,seedling,19.0,110,sandy,50.7,28.1,31.6,65.2,9.1,1.6,9.4,11.0,water_now
Tomato,fruiting,22.5,50,sandy,61.1,25.2,20.6,94.3,57.7,9.1,5.0,16.0,water_later
Tomato,seedling,13.1,101,loam,35.7,133.5,15.7,29.1,9.0,1.2,5.1,13.0,water_later
Potato,fruiting,17.9,65,clay,64.7,31.7,21.3,71.5,67.4,7.6,5.1,87.0,no_watering
Pepper,seedling,13.6,90,clay,44.2,67.5,30.6,37.9,30.7,1.4,7.9,33.0,water_later
Potato,seedling,30.6,147,clay,98.2,5.3,27.6,81.3,34.2,15.4,2.2,168.0,no_watering
Tomato,vegetative,10.6,138,loam,69.8,33.5,19.8,81.0,13.7,2.1,3.2,85.0,no_watering
Pepper,flowering,15.2,5,loam,75.2,12.9,23.4,70.5,17.4,6.8,5.8,88.0,no_watering
Potato,seedling,26.4,142,clay,87.0,48.0,12.2,64.8,31.7,3.2,3.4,168.0,no_watering
Potato,fruiting,11.1,40,loam,77.0,22.9,15.4,35.2,30.6,12.3,2.5,168.0,no_watering
Pepper,vegetative,11.1,121,sandy,54.2,13.9,34.7,35.1,29.8,24.9,5.5,11.0,water_now
Potato,seedling,25.5,83,loam,36.0,168.0,14.5,69.2,15.6,23.4,7.2,12.0,water_now
Pepper,seedling,9.6,91,loam,64.3,49.6,22.5,46.0,30.7,18.0,6.8,168.0,no_watering
Pepper,seedling,12.0,6,clay,60.5,89.9,35.4,65.9,81.1,8.2,5.3,168.0,no_watering
Pepper,fruiting,13.9,57,loam,95.2,1.9,19.6,64.1,38.3,24.6,7.3,47.0,water_later
Potato,vegetative,11.6,4,sandy,43.3,28.9,18.6,92.1,7.9,2.4,6.2,14.0,water_later
Tomato,fruiting,8.1,92,sandy,84.0,5.8,20.3,83.1,19.3,0.4,4.8,15.0,water_later
Tomato,flowering,21.7,108,clay,82.4,16.5,24.9,80.8,26.1,1.8,9.7,35.0,water_later
Tomato,flowering,15.4,88,sandy,55.0,16.0,25.7,28.3,79.4,23.9,5.6,168.0,no_watering
Pepper,vegetative,12.0,121,loam,77.7,14.8,32.2,48.2,23.0,12.8,4.2,58.0,no_watering
Pepper,fruiting,14.2,140,loam,92.9,4.2,22.0,73.2,48.1,4.6,3.5,86.0,no_watering
Tomato,vegetative,19.5,7,sandy,49.2,37.3,32.1,78.2,80.8,12.9,3.1,168.0,no_watering
Potato,flowering,25.0,60,sandy,67.2,11.3,26.1,58.9,29.2,13.8,6.1,15.0,water_later
Pepper,flowering,11.3,140,clay,50.0,54.7,32.4,58.2,29.0,8.6,3.5,37.0,water_later
Potato,flowering,23.2,42,clay,52.8,39.9,14.7,60.2,87.0,1.6,8.2,36.0,water_later
Pepper,fruiting,12.5,118,clay,84.4,4.7,35.6,36.0,55.7,10.6,6.4,34.0,water_later
Tomato,flowering,17.8,17,loam,85.6,8.0,21.8,47.3,36.3,13.2,9.7,55.0,no_watering
Tomato,seedling,22.6,17,sandy,67.8,102.0,15.9,91.9,70.6,20.9,5.5,168.0,no_watering
Potato,flowering,22.7,81,clay,44.4,34.8,23.1,35.9,67.1,7.6,11.2,9.0,water_now
Potato,vegetative,20.6,8,loam,84.8,8.1,19.0,28.4,7.5,15.8,8.3,87.0,no_watering
Tomato,flowering,8.1,66,loam,39.7,30.3,18.9,88.7,21.8,19.9,7.5,10.0,water_now
Pepper,fruiting,15.9,88,sandy,52.7,21.3,25.2,90.0,80.3,1.0,5.3,11.0,water_now
Pepper,fruiting,14.4,94,loam,80.5,11.1,34.6,82.7,67.4,9.9,6.0,16.0,water_later
Pepper,seedling,6.2,138,loam,57.7,34.1,29.5,74.7,13.8,12.5,10.2,16.0,water_later
Tomato,vegetative,23.7,33,clay,82.0,8.0,31.7,91.4,22.1,0.5,11.7,40.0,water_later
Pepper,flowering,14.6,91,loam,46.9,50.8,26.5,31.3,35.8,16.0,3.6,14.0,water_later
Pepper,fruiting,5.0,117,loam,66.2,34.0,26.8,79.4,50.6,14.2,2.2,37.0,water_later
Potato,seedling,20.0,46,loam,79.7,56.9,18.4,29.8,70.3,8.5,7.7,168.0,no_watering
Tomato,fruiting,22.7,51,clay,84.4,5.2,26.8,37.4,51.3,6.8,9.6,33.0,water_later
Pepper,flowering,9.2,40,loam,58.5,20.6,21.7,87.9,71.4,5.3,6.8,34.0,water_later
Pepper,vegetative,15.8,27,loam,56.9,25.6,24.1,58.0,12.7,0.1,6.9,35.0,water_later
Pepper,seedling,10.4,70,sandy,42.3,64.9,34.9,73.6,11.2,1.3,5.0,12.0,water_now
Tomato,seedling,23.2,36,clay,84.8,17.1,27.2,57.4,6.5,22.4,10.6,110.0,no_watering
Potato,fruiting,12.9,52,loam,56.9,34.3,18.0,50.6,58.3,18.3,11.6,35.0,water_later
Pepper,seedling,9.3,129,loam,75.3,46.1,21.9,70.4,48.3,24.2,6.7,168.0,no_watering
Potato,seedling,28.3,125,clay,57.4,50.7,23.5,65.7,32.6,12.5,11.7,36.0,water_later
Pepper,fruiting,5.5,29,clay,52.1,26.7,31.5,88.7,15.1,5.3,9.7,13.0,water_later
Potato,flowering,19.8,15,loam,87.4,9.3,17.1,57.6,65.7,12.3,4.5,168.0,no_watering
Pepper,vegetative,15.7,33,sandy,57.1,28.0,17.6,49.5,84.5,9.3,5.2,29.0,water_later
Pepper,seedling,6.3,101,loam,36.3,80.9,15.5,67.6,59.3,1.0,5.9,17.0,water_later
Pepper,seedling,15.3,90,clay,37.2,168.0,24.7,80.3,85.0,7.8,4.7,168.0,no_watering
Tomato,fruiting,22.5,115,sandy,87.7,4.7,18.0,77.4,83.1,10.6,5.7,16.0,water_later
Potato,vegetative,17.8,105,clay,58.9,24.3,15.4,55.0,53.5,1.1,12.0,17.0,water_later
Pepper,vegetative,6.5,113,loam,48.9,41.7,26.3,43.9,55.1,1.9,2.9,36.0,water_later
Tomato,fruiting,22.6,101,loam,74.9,16.4,20.9,59.5,20.3,12.0,5.1,35.0,water_later
Potato,fruiting,19.7,115,sandy,68.8,14.5,25.9,29.4,87.6,16.7,8.9,42.0,water_later
Tomato,fruiting,18.8,59,clay,89.8,4.9,19.3,50.5,2.3,4.4,8.3,41.0,water_later
Pepper,vegetative,15.4,120,loam,87.6,4.7,29.1,41.6,12.7,12.7,9.3,17.0,water_later
Potato,fruiting,19.4,25,sandy,43.3,31.2,21.9,31.2,23.7,16.4,3.3,14.0,water_later
Tomato,fruiting,9.3,121,sandy,71.9,7.2,17.1,59.2,77.9,9.9,8.4,13.0,water_later
Pepper,fruiting,15.6,123,sandy,80.5,3.7,28.2,44.1,25.2,23.1,11.1,8.0,water_now
Potato,seedling,27.5,138,sandy,80.3,25.3,23.7,71.6,16.9,24.2,9.6,32.0,water_later
Pepper,vegetative,5.6,142,sandy,79.9,8.4,26.6,70.4,38.6,7.5,7.4,13.0,water_later
Potato,flowering,29.0,78,sandy,45.8,20.2,28.0,43.2,17.8,8.1,8.7,8.0,water_now
Tomato,seedling,11.0,116,clay,47.7,127.3,18.2,39.5,82.8,11.7,5.9,168.0,no_watering
Tomato,seedling,23.9,111,loam,70.3,75.7,27.6,58.8,33.6,12.1,3.1,168.0,no_watering
Pepper,seedling,12.0,59,clay,53.3,134.9,18.9,31.6,4.4,7.5,3.5,168.0,no_watering
Pepper,vegetative,5.5,39,loam,54.3,19.9,33.6,72.0,38.6,7.5,5.9,47.0,water_later
Potato,seedling,18.8,136,sandy,74.6,30.3,17.5,88.4,71.6,14.2,9.5,111.0,no_watering
Potato,fruiting,24.2,68,clay,99.9,0.1,15.9,34.1,4.8,13.8,10.1,60.0,no_watering
Pepper,seedling,7.1,18,loam,97.0,4.1,35.9,35.0,29.9,6.2,5.9,168.0,no_watering
Tomato,fruiting,19.7,64,sandy,86.7,7.5,29.8,48.9,66.1,18.9,3.7,62.0,no_watering
Potato,fruiting,18.1,149,sandy,95.3,2.4,16.7,25.7,49.1,18.9,10.6,18.0,water_later
Pepper,vegetative,12.5,72,loam,64.2,18.7,28.1,30.8,30.4,6.3,6.1,16.0,water_later
Tomato,flowering,10.0,81,sandy,94.0,3.5,31.6,76.4,17.0,14.3,5.0,15.0,water_later
Potato,fruiting,22.5,139,loam,91.1,10.0,12.2,40.4,7.3,12.1,10.1,32.0,water_later
Tomato,seedling,13.5,139,sandy,54.7,50.7,24.5,88.5,34.4,8.2,10.9,12.0,water_now
Pepper,vegetative,13.4,113,clay,64.1,53.6,28.3,66.3,40.8,20.8,4.1,156.0,no_watering
Pepper,fruiting,14.4,139,clay,96.2,2.7,15.2,44.6,71.9,11.4,5.1,168.0,no_watering
Potato,vegetative,28.5,118,sandy,49.8,44.8,22.9,58.1,67.4,18.1,4.4,31.0,water_later
Pepper,fruiting,14.9,80,clay,35.0,87.4,20.5,85.8,3.9,7.6,3.2,12.0,water_now
Pepper,vegetative,14.3,8,loam,90.7,12.0,26.4,94.4,53.5,21.2,5.9,168.0,no_watering
Pepper,flowering,13.8,46,clay,66.5,34.1,23.7,33.2,40.5,7.2,3.1,168.0,no_watering
Pepper,fruiting,8.8,45,clay,45.8,32.0,18.1,64.6,30.4,23.6,6.6,15.0,water_later
Tomato,vegetative,17.3,2,loam,69.3,14.2,26.6,43.0,39.0,18.1,8.9,136.0,no_watering
Potato,vegetative,30.3,117,sandy,49.2,20.3,28.2,75.2,42.9,15.6,6.1,10.0,water_now
Pepper,fruiting,14.8,123,clay,77.5,19.4,24.2,51.2,13.0,5.6,2.4,109.0,no_watering
Potato,vegetative,29.3,114,sandy,86.0,9.9,25.7,89.6,89.0,3.1,2.7,75.0,no_watering
Potato,fruiting,13.8,25,sandy,93.6,3.1,23.2,27.3,17.3,23.5,7.4,41.0,water_later
Tomato,vegetative,11.5,133,loam,36.5,43.5,26.2,41.1,75.1,23.8,4.8,10.0,water_now
Potato,flowering,25.6,81,sandy,77.5,8.7,23.6,25.2,35.3,19.5,8.1,11.0,water_now
Pepper,seedling,6.5,40,loam,37.1,62.3,22.2,58.8,47.8,20.7,10.3,11.0,water_now
Pepper,fruiting,13.6,39,clay,76.1,7.3,22.2,32.5,32.6,24.1,11.6,19.0,water_later
Tomato,seedling,13.2,5,loam,98.1,1.6,33.5,53.7,50.1,24.3,11.9,168.0,no_watering
Potato,fruiting,22.0,38,sandy,73.4,32.3,12.5,37.6,6.8,12.0,4.3,41.0,water_later
Tomato,flowering,17.0,121,clay,85.4,9.2,33.3,89.6,50.9,19.4,11.5,17.0,water_later
Potato,fruiting,14.5,61,clay,87.4,7.5,25.6,30.3,51.9,2.8,10.0,36.0,water_later
Potato,fruiting,16.8,71,clay,46.9,68.3,14.0,25.6,1.7,2.0,3.9,39.0,water_later
Tomato,fruiting,13.0,113,clay,79.3,14.8,28.0,35.5,7.4,22.2,2.2,86.0,no_watering
Pepper,flowering,15.4,130,clay,43.9,87.5,16.4,44.3,24.2,10.4,7.0,13.0,water_later
Pepper,flowering,12.2,42,clay,79.3,24.7,15.4,31.8,74.3,5.7,3.7,168.0,no_watering
Pepper,seedling,10.3,86,sandy,95.6,4.0,34.1,48.9,33.5,23.8,9.3,134.0,no_watering
Tomato,vegetative,14.4,146,loam,40.7,71.3,28.4,25.7,13.8,3.4,2.5,13.0,water_later
Tomato,flowering,19.9,7,sandy,76.2,27.4,25.1,60.0,9.6,10.8,3.0,82.0,no_watering
Pepper,vegetative,5.3,108,clay,42.7,79.0,17.7,30.2,31.8,6.0,3.3,63.0,no_watering
Tomato,fruiting,21.5,25,clay,84.0,6.3,30.8,65.3,81.9,8.6,10.5,42.0,water_later
Pepper,flowering,13.9,25,sandy,77.0,10.6,16.6,84.0,1.7,19.7,10.0,14.0,water_later
Pepper,flowering,12.7,124,clay,46.9,46.7,17.3,80.4,52.5,4.0,5.1,39.0,water_later
Pepper,seedling,10.7,36,loam,77.5,42.8,26.5,73.5,83.2,10.9,3.8,168.0,no_watering
Pepper,fruiting,6.9,93,loam,47.8,11.6,30.8,45.8,41.6,12.4,8.4,10.0,water_now
Pepper,flowering,10.2,97,clay,55.0,21.3,22.1,53.4,75.1,15.3,9.1,19.0,water_later
Tomato,vegetative,12.3,144,clay,54.0,40.8,25.1,26.3,56.4,18.0,5.0,168.0,no_watering
Pepper,seedling,11.6,61,loam,62.0,69.9,23.8,49.8,62.5,24.2,4.3,168.0,no_watering
Tomato,vegetative,13.9,114,sandy,85.8,20.5,26.3,89.6,64.6,6.7,4.2,39.0,water_later
Potato,seedling,30.1,28,sandy,96.4,4.2,23.5,35.4,16.4,7.8,4.4,168.0,no_watering
Pepper,fruiting,15.6,40,clay,92.1,7.1,21.9,65.0,82.7,19.9,9.9,168.0,no_watering
Pepper,flowering,9.9,92,clay,50.8,26.6,21.4,36.1,61.6,22.8,7.4,15.0,water_later
Pepper,seedling,15.8,70,sandy,45.8,45.0,20.2,66.7,70.1,10.1,9.9,16.0,water_later
Tomato,vegetative,10.3,68,loam,76.4,16.7,25.7,65.2,6.1,21.0,9.0,18.0,water_later
Pepper,vegetative,10.0,107,clay,55.7,28.5,25.3,83.9,25.6,16.0,9.1,17.0,water_later
Pepper,fruiting,11.6,40,loam,63.8,8.6,30.2,77.5,51.4,15.5,9.3,12.0,water_now
Tomato,fruiting,17.4,103,sandy,78.7,5.3,20.3,84.8,15.7,11.7,9.4,11.0,water_now
Tomato,flowering,15.3,72,sandy,93.0,7.1,19.7,80.9,25.0,6.2,7.1,16.0,water_later
Potato,vegetative,11.1,140,loam,46.6,37.7,28.8,54.6,1.9,14.3,3.0,15.0,water_later
Tomato,fruiting,10.5,123,sandy,39.7,41.0,19.6,49.3,29.4,20.5,5.2,9.0,water_now
Potato,seedling,18.0,105,loam,87.3,19.1,18.1,62.4,24.6,3.8,7.0,130.0,no_watering
Potato,flowering,30.8,20,loam,45.2,25.3,18.7,30.0,20.9,20.0,7.9,41.0,water_later
Pepper,seedling,11.5,111,sandy,92.6,6.1,32.7,82.6,65.6,7.8,9.3,37.0,water_later
Tomato,fruiting,9.8,59,sandy,67.3,9.2,28.1,85.1,71.8,4.3,5.1,13.0,water_later
Potato,vegetative,31.6,127,loam,42.8,53.8,19.0,26.2,60.4,21.8,9.8,9.0,water_now
Pepper,fruiting,7.6,44,sandy,63.3,31.1,17.8,86.2,4.9,15.2,2.0,37.0,water_later
Pepper,flowering,12.3,144,clay,54.9,31.1,23.8,56.2,2.2,23.3,10.8,12.0,water_now
Potato,seedling,12.4,90,sandy,82.6,15.0,13.3,44.9,43.7,12.8,9.5,59.0,no_watering
Potato,seedling,21.8,37,sandy,60.4,37.8,15.5,44.7,47.1,10.2,11.7,17.0,water_later
Pepper,flowering,6.0,99,loam,73.7,8.2,32.2,49.7,34.4,24.8,6.2,58.0,no_watering
Potato,vegetative,18.4,1,loam,45.1,71.9,15.0,27.4,57.4,13.8,6.8,62.0,no_watering
Potato,flowering,19.8,109,loam,53.4,29.4,22.7,57.1,64.1,0.7,5.5,15.0,water_later
Tomato,seedling,20.3,56,clay,73.9,45.2,26.5,91.7,57.7,8.7,7.2,168.0,no_watering
Potato,vegetative,19.1,77,loam,71.7,18.8,27.2,43.2,37.6,9.3,6.8,36.0,water_later
Potato,flowering,26.8,119,loam,63.0,18.1,27.2,30.9,73.9,5.2,5.0,36.0,water_later
Tomato,seedling,16.1,21,sandy,95.6,4.3,32.4,70.9,47.6,24.0,4.1,168.0,no_watering
Pepper,vegetative,7.6,74,sandy,36.2,40.8,24.9,58.4,50.1,2.7,9.9,7.0,water_now
Tomato,fruiting,9.7,9,sandy,90.4,6.2,20.4,58.6,85.9,23.9,3.5,168.0,no_watering
Pepper,flowering,5.3,100,clay,37.0,35.3,16.2,48.9,52.8,13.8,7.9,10.0,water_now
Potato,fruiting,18.8,2,sandy,55.1,24.1,19.8,61.4,71.9,19.3,6.8,168.0,no_watering
Potato,vegetative,27.0,93,sandy,49.5,43.3,13.0,27.1,20.3,0.4,2.8,29.0,water_later
Potato,flowering,12.3,58,loam,55.4,18.3,28.9,64.6,46.1,12.4,8.4,11.0,water_now
Pepper,seedling,10.7,9,loam,64.4,40.7,31.8,36.0,14.9,6.2,5.4,168.0,no_watering
Tomato,flowering,8.6,12,sandy,98.4,0.7,22.3,57.8,33.2,14.1,10.5,18.0,water_later
Pepper,seedling,15.2,62,sandy,92.4,5.1,32.9,36.6,38.8,17.7,10.6,38.0,water_later
Tomato,vegetative,11.5,87,clay,52.9,56.1,17.4,61.9,34.3,4.8,4.9,107.0,no_watering
Pepper,vegetative,10.2,24,loam,90.6,5.7,27.8,83.0,13.0,20.0,10.1,38.0,water_later
Potato,vegetative,15.5,12,loam,50.9,38.7,21.3,52.5,33.0,5.7,9.2,17.0,water_later
Tomato,seedling,19.1,91,loam,42.9,72.6,22.2,51.6,22.4,14.3,7.9,15.0,water_later
Pepper,seedling,5.3,16,clay,67.6,44.4,24.5,79.8,52.2,20.0,2.9,168.0,no_watering
Potato,flowering,28.6,84,clay,92.7,5.6,18.4,71.0,60.2,5.3,8.0,60.0,no_watering
Tomato,vegetative,12.2,47,clay,41.7,81.7,20.3,38.9,85.4,8.5,2.7,168.0,no_watering
Potato,vegetative,13.4,75,loam,35.1,40.2,22.8,56.1,37.3,14.3,7.9,37.0,water_later
Tomato,fruiting,15.3,40,sandy,48.8,28.8,20.6,82.2,72.7,19.1,6.6,10.0,water_now
Pepper,flowering,10.2,9,clay,98.5,1.0,34.9,35.7,65.3,0.7,5.3,132.0,no_watering
Pepper,flowering,7.8,37,clay,64.2,11.3,28.2,67.9,9.6,5.7,11.7,16.0,water_later
Potato,flowering,12.0,26,loam,35.3,87.0,25.9,53.3,68.3,11.3,5.0,57.0,no_watering
Tomato,seedling,13.6,80,sandy,89.4,20.2,32.6,52.8,36.5,8.3,2.9,109.0,no_watering
Tomato,vegetative,13.2,78,loam,39.0,73.4,22.5,52.2,41.7,7.5,4.9,15.0,water_later
Pepper,flowering,10.6,8,sandy,51.0,25.2,25.9,57.7,80.3,19.9,11.0,30.0,water_later
Tomato,fruiting,15.8,121,loam,55.4,11.2,33.2,85.3,73.4,23.4,8.5,33.0,water_later
Potato,seedling,12.4,42,sandy,84.3,11.0,27.0,56.0,2.1,23.0,7.7,40.0,water_later
Pepper,flowering,5.9,35,loam,62.5,11.7,35.4,50.0,59.6,7.6,10.5,11.0,water_now
Potato,fruiting,31.7,102,sandy,71.9,15.3,27.7,51.2,73.7,18.2,3.6,37.0,water_later
Tomato,seedling,22.0,61,sandy,73.1,22.2,29.4,46.8,31.3,18.0,8.9,22.0,water_later
Tomato,fruiting,18.4,104,loam,97.5,0.9,23.7,32.3,13.9,12.7,6.5,36.0,water_later
Potato,vegetative,30.4,50,clay,57.7,53.4,15.3,77.2,59.5,20.9,7.6,168.0,no_watering
Pepper,fruiting,11.1,30,sandy,95.2,2.5,28.9,43.3,11.2,19.1,2.8,58.0,no_watering
Potato,fruiting,19.7,123,loam,76.7,17.6,12.6,25.4,41.6,3.1,5.6,63.0,no_watering
Potato,seedling,18.5,56,sandy,71.2,22.3,17.8,52.5,23.7,7.6,10.1,30.0,water_later
Potato,fruiting,10.3,131,loam,56.3,44.3,28.0,71.4,53.9,5.9,8.3,11.0,water_now
Tomato,fruiting,19.1,23,clay,60.8,9.5,33.7,75.7,29.0,15.1,11.9,14.0,water_later
Potato,seedling,17.2,143,clay,35.5,154.3,22.6,37.2,73.7,16.7,11.8,9.0,water_now
Tomato,seedling,21.1,38,clay,64.9,73.0,23.1,54.1,69.4,15.6,10.5,168.0,no_watering
Tomato,vegetative,23.2,29,sandy,71.1,7.5,31.3,25.1,76.8,16.7,8.7,13.0,water_later
Potato,seedling,26.8,30,loam,71.4,39.0,23.7,87.3,83.9,1.8,9.1,86.0,no_watering
Potato,flowering,21.6,62,sandy,96.7,0.9,20.4,87.2,81.1,9.1,11.8,12.0,water_now
Potato,fruiting,11.5,4,sandy,69.5,11.3,14.4,94.1,19.2,2.0,9.7,32.0,water_later
Pepper,flowering,6.3,62,sandy,81.7,9.3,23.1,69.7,68.8,17.3,8.3,32.0,water_later
Potato,vegetative,19.3,3,loam,39.3,52.8,15.2,88.9,21.9,5.6,8.1,32.0,water_later
Potato,seedling,25.7,133,clay,44.1,124.0,24.5,71.1,72.5,20.1,11.8,168.0,no_watering
Tomato,vegetative,14.1,129,clay,90.0,14.0,26.4,57.3,84.3,7.8,4.6,168.0,no_watering
Potato,fruiting,26.8,115,clay,97.5,2.8,16.4,72.9,65.7,10.9,4.8,168.0,no_watering
Tomato,seedling,12.9,48,clay,36.6,87.2,33.5,40.5,45.0,2.1,6.3,14.0,water_later
Pepper,flowering,11.5,117,clay,94.1,2.2,28.9,73.6,47.8,23.2,9.7,39.0,water_later
Tomato,flowering,17.2,18,sandy,97.0,0.7,28.1,26.1,16.1,18.1,9.3,16.0,water_later
Pepper,seedling,7.4,52,sandy,86.8,13.7,19.0,60.6,55.7,14.2,2.7,168.0,no_watering
Pepper,vegetative,12.9,48,loam,89.0,6.4,35.4,80.8,31.2,14.1,4.0,84.0,no_watering
Tomato,flowering,19.5,68,loam,78.9,17.6,20.1,31.0,19.7,13.2,2.6,108.0,no_watering
Pepper,fruiting,15.5,127,clay,58.7,46.2,24.7,55.2,18.5,0.8,3.0,58.0,no_watering
Potato,seedling,18.0,94,clay,80.5,17.1,28.3,27.2,89.5,14.0,11.5,115.0,no_watering
Pepper,vegetative,15.6,79,clay,92.7,6.1,32.6,37.0,7.5,15.9,3.1,142.0,no_watering
Potato,fruiting,31.6,10,loam,47.0,62.1,25.0,45.3,40.4,0.6,5.5,35.0,water_later
Tomato,fruiting,12.1,133,clay,66.9,13.7,27.8,55.6,56.6,8.2,9.2,14.0,water_later
Potato,flowering,17.8,18,sandy,58.6,87.4,13.6,74.7,27.3,13.4,2.2,168.0,no_watering
Potato,vegetative,12.8,21,sandy,48.6,29.3,26.9,39.6,21.7,1.0,2.5,34.0,water_later
Potato,vegetative,10.1,149,clay,92.0,6.4,27.4,71.9,29.8,5.1,8.8,47.0,water_later
Pepper,vegetative,14.3,63,loam,62.0,59.6,26.8,85.5,81.0,10.7,3.1,168.0,no_watering
Potato,fruiting,26.0,10,loam,51.5,20.9,17.2,42.4,1.7,2.5,10.6,16.0,water_later
Pepper,fruiting,5.0,109,sandy,56.5,12.8,29.4,45.1,8.5,10.2,9.9,8.0,water_now
Potato,fruiting,28.3,122,loam,41.2,154.1,14.9,25.3,58.9,24.1,3.3,168.0,no_watering
Potato,fruiting,12.2,105,loam,45.6,40.3,24.2,38.7,62.7,3.3,5.3,12.0,water_now
Potato,seedling,17.1,138,loam,63.9,69.9,26.2,38.5,66.6,23.9,6.6,168.0,no_watering
Potato,flowering,20.9,115,clay,79.0,17.2,18.9,90.7,7.8,22.9,9.5,37.0,water_later
Tomato,flowering,13.1,60,clay,80.8,12.0,28.0,83.4,19.9,24.6,6.6,58.0,no_watering
Potato,seedling,31.3,114,clay,93.7,51.5,12.3,88.6,42.4,20.9,5.6,168.0,no_watering
Tomato,flowering,21.2,104,clay,58.9,30.9,17.5,67.6,26.6,18.3,10.9,15.0,water_later
Tomato,seedling,13.2,128,clay,63.9,53.6,30.1,64.4,9.6,4.7,6.4,83.0,no_watering
Potato,vegetative,10.4,130,loam,44.3,53.4,17.2,48.2,9.4,24.9,6.1,12.0,water_now
Potato,flowering,31.3,144,loam,84.2,15.4,21.7,88.8,16.3,19.4,2.4,168.0,no_watering
Pepper,fruiting,5.7,76,sandy,79.2,6.5,34.2,38.7,52.0,12.9,6.6,11.0,water_now
Potato,vegetative,10.2,109,sandy,41.9,19.8,28.8,59.7,51.5,18.9,5.9,10.0,water_now
Potato,vegetative,20.3,101,sandy,95.8,2.7,22.8,90.0,67.3,22.0,9.0,38.0,water_later
Pepper,vegetative,10.6,16,loam,75.0,13.3,30.4,92.4,69.6,6.5,7.6,86.0,no_watering
Potato,fruiting,18.7,74,sandy,35.6,24.6,16.1,74.8,25.6,14.6,11.0,6.0,water_now
Potato,flowering,27.2,127,loam,51.4,38.5,17.3,72.9,3.9,10.1,8.4,12.0,water_now
Tomato,fruiting,10.2,149,loam,50.1,21.9,27.2,89.8,9.8,9.8,4.8,12.0,water_now
Potato,flowering,15.5,95,loam,74.7,18.4,21.9,89.4,77.6,18.5,4.1,168.0,no_watering
Potato,fruiting,18.0,100,loam,94.9,2.6,26.5,56.5,71.8,1.8,9.6,24.0,water_later
Potato,flowering,31.9,149,clay,89.7,23.9,15.7,46.5,58.7,2.4,2.4,168.0,no_watering
Pepper,fruiting,15.5,94,clay,47.6,73.0,17.0,89.5,44.3,13.4,8.4,12.0,water_now
Potato,vegetative,13.3,88,sandy,35.9,50.0,15.4,74.8,30.6,23.8,5.2,156.0,no_watering
Potato,seedling,26.0,47,clay,95.4,6.8,15.8,78.5,14.3,5.9,11.6,154.0,no_watering
Potato,flowering,27.8,20,sandy,79.8,20.9,16.8,56.5,24.1,12.2,4.6,59.0,no_watering
Pepper,flowering,14.7,7,loam,57.4,21.1,27.3,74.7,88.4,0.9,5.1,58.0,no_watering
Tomato,fruiting,12.0,120,loam,95.7,2.8,18.7,93.2,71.9,2.8,4.7,61.0,no_watering
Tomato,vegetative,22.8,49,sandy,79.0,14.3,26.3,92.0,39.4,10.1,3.5,63.0,no_watering
Tomato,vegetative,21.9,45,sandy,81.2,11.3,32.2,62.9,37.7,17.4,4.4,35.0,water_later
Potato,seedling,30.6,61,sandy,72.7,38.9,18.3,47.7,63.5,10.7,11.4,35.0,water_later
Pepper,fruiting,13.4,62,clay,49.1,29.5,27.7,72.1,88.8,14.4,11.2,14.0,water_later
Tomato,flowering,18.9,57,sandy,83.2,10.0,22.8,27.0,59.5,20.5,3.8,87.0,no_watering
Pepper,seedling,7.0,60,loam,59.3,38.2,29.4,35.5,41.2,15.1,7.6,36.0,water_later
Potato,fruiting,10.5,127,sandy,46.2,28.3,24.3,91.9,22.8,15.3,8.8,8.0,water_now
Pepper,fruiting,14.8,113,sandy,70.8,4.0,34.2,51.8,73.6,14.7,9.3,8.0,water_now
Tomato,vegetative,17.2,72,loam,35.2,113.1,22.2,70.4,14.4,23.0,3.5,51.0,no_watering
Tomato,vegetative,22.2,48,loam,53.2,31.9,24.7,70.7,55.8,8.1,6.4,59.0,no_watering
Potato,fruiting,27.4,78,sandy,47.6,32.0,27.1,90.3,62.4,18.6,2.6,168.0,no_watering
Tomato,fruiting,23.6,49,loam,80.7,11.3,25.5,88.1,66.7,6.8,4.6,81.0,no_watering
Tomato,fruiting,21.1,94,loam,96.8,1.3,30.6,70.3,82.5,25.0,10.9,12.0,water_now
Pepper,fruiting,7.4,66,clay,70.6,20.5,26.6,73.6,72.9,17.5,6.7,40.0,water_later
Pepper,flowering,10.3,91,clay,40.6,25.7,24.6,85.7,85.8,3.8,11.9,9.0,water_now
Tomato,fruiting,16.4,11,loam,44.5,11.8,30.1,34.5,58.0,9.4,10.0,13.0,water_later
Pepper,seedling,5.0,109,sandy,96.2,2.7,19.1,59.5,35.8,12.9,8.5,60.0,no_watering
Tomato,seedling,19.0,95,clay,65.7,51.7,33.3,53.1,13.0,14.6,5.1,130.0,no_watering
Tomato,vegetative,20.2,41,loam,50.5,16.9,33.9,34.3,75.5,19.8,8.8,11.0,water_now
Potato,seedling,31.5,1,clay,63.6,168.0,21.5,43.3,46.3,18.1,2.2,168.0,no_watering
Pepper,seedling,9.0,9,loam,96.7,6.0,15.8,57.7,20.3,10.6,3.0,168.0,no_watering
Potato,flowering,26.1,9,loam,94.3,9.6,22.2,56.7,87.7,2.3,3.5,168.0,no_watering
Potato,seedling,11.1,2,sandy,82.9,16.8,20.0,82.1,4.3,8.7,7.0,113.0,no_watering
Potato,fruiting,13.6,148,sandy,75.2,15.9,25.0,68.9,15.5,22.5,9.0,14.0,water_later
Pepper,fruiting,8.0,90,clay,95.9,2.7,24.7,73.5,28.9,21.7,8.6,65.0,no_watering
Potato,flowering,15.6,39,clay,79.1,13.4,24.9,49.3,58.4,1.4,5.8,86.0,no_watering
Pepper,flowering,6.2,14,clay,96.2,1.8,31.3,39.8,80.8,4.7,4.9,168.0,no_watering
Potato,vegetative,29.1,57,clay,72.3,24.1,25.4,80.7,10.4,16.9,6.0,85.0,no_watering
Tomato,flowering,13.5,78,sandy,73.9,7.6,29.6,81.6,55.4,9.8,6.6,13.0,water_later
Tomato,flowering,12.4,26,loam,88.3,7.8,26.6,61.1,66.1,16.8,4.1,168.0,no_watering
Pepper,flowering,8.6,48,loam,46.9,22.0,26.9,65.4,87.7,18.4,6.4,168.0,no_watering
Tomato,seedling,9.4,38,sandy,87.0,8.5,33.3,88.8,61.0,22.4,7.2,168.0,no_watering
Potato,flowering,23.1,32,sandy,72.5,10.6,25.9,30.3,73.7,11.3,5.6,40.0,water_later
Tomato,flowering,19.1,63,sandy,92.5,1.4,31.2,25.6,13.9,15.4,9.6,12.0,water_now
Potato,vegetative,10.2,139,clay,88.5,5.1,26.5,45.8,82.9,13.7,10.3,111.0,no_watering
Potato,vegetative,31.3,42,clay,79.4,15.6,26.5,81.3,27.5,0.1,6.7,85.0,no_watering
Potato,vegetative,30.6,132,loam,51.4,22.9,28.3,58.7,7.3,10.7,7.5,12.0,water_now
Tomato,fruiting,13.4,129,sandy,75.4,7.2,15.9,44.0,75.5,15.5,10.0,9.0,water_now
Potato,fruiting,23.0,132,loam,54.1,29.5,21.2,57.3,68.3,24.2,6.7,14.0,water_later
Pepper,seedling,6.3,62,clay,72.8,35.2,27.8,94.7,80.1,0.1,9.2,83.0,no_watering
Potato,fruiting,14.0,134,sandy,80.4,21.6,19.7,71.4,46.4,0.7,2.6,58.0,no_watering
Pepper,flowering,13.7,133,loam,78.5,14.8,25.0,42.0,88.3,10.2,9.2,16.0,water_later
Pepper,vegetative,12.8,63,loam,97.8,1.8,29.7,41.8,55.2,13.0,11.0,17.0,water_later
Pepper,vegetative,6.1,32,sandy,95.0,4.2,15.7,74.5,39.6,16.9,6.5,129.0,no_watering
Potato,fruiting,11.5,129,loam,64.7,31.8,19.0,70.4,72.0,2.6,4.8,58.0,no_watering
Tomato,vegetative,16.7,8,clay,93.8,9.4,15.3,63.1,35.6,1.9,3.9,168.0,no_watering
Pepper,flowering,11.8,45,loam,58.0,19.8,25.7,61.0,47.1,0.7,5.8,32.0,water_later
Potato,vegetative,17.4,7,loam,80.8,14.6,13.3,37.0,83.3,20.9,8.6,168.0,no_watering
Pepper,fruiting,11.5,126,sandy,69.9,7.4,30.0,61.8,89.1,11.2,5.1,12.0,water_now
Pepper,vegetative,5.5,135,clay,87.9,8.9,16.7,40.4,8.2,18.3,8.7,58.0,no_watering
Tomato,vegetative,19.9,19,loam,59.8,18.8,32.4,39.6,39.8,21.8,6.3,58.0,no_watering
Potato,fruiting,13.0,111,sandy,47.1,13.8,28.1,74.2,88.3,18.1,9.8,10.0,water_now
Tomato,fruiting,15.2,100,sandy,97.2,0.7,19.3,43.8,20.5,5.5,11.7,10.0,water_now
Potato,flowering,27.9,64,sandy,58.9,18.1,24.8,93.5,17.4,16.3,8.4,15.0,water_later
Pepper,fruiting,12.1,71,loam,57.1,13.1,31.1,28.9,5.5,3.1,5.3,12.0,water_now
Tomato,vegetative,10.7,118,loam,94.3,4.2,21.5,89.7,3.8,18.2,6.5,59.0,no_watering
Pepper,flowering,8.7,119,sandy,80.5,3.2,34.1,61.5,80.3,24.6,9.3,12.0,water_now
Tomato,flowering,9.7,63,loam,97.0,1.4,22.9,93.0,70.6,7.1,7.4,58.0,no_watering
Potato,fruiting,15.1,144,sandy,59.7,18.3,18.6,80.1,46.3,23.2,10.7,12.0,water_now
Potato,fruiting,21.0,82,clay,90.1,21.5,15.9,38.1,29.7,13.4,3.8,168.0,no_watering
Potato,fruiting,10.6,87,loam,79.0,14.8,23.2,54.6,53.4,21.0,3.6,168.0,no_watering
Pepper,flowering,5.3,108,sandy,48.4,27.3,23.7,69.5,20.3,23.9,7.9,9.0,water_now
Potato,seedling,25.3,34,loam,91.4,29.9,16.1,91.2,32.0,13.7,7.0,168.0,no_watering
Pepper,seedling,5.4,121,loam,49.2,55.1,29.1,91.3,29.3,11.5,5.7,87.0,no_watering
Potato,fruiting,20.8,99,loam,95.2,1.8,20.7,57.3,33.1,17.4,12.0,17.0,water_later
Potato,flowering,17.8,52,loam,59.1,48.9,20.4,64.8,80.7,6.0,8.1,25.0,water_later
Pepper,vegetative,11.2,84,loam,58.7,25.6,28.3,56.0,56.2,23.6,5.0,168.0,no_watering
Pepper,vegetative,13.1,116,loam,39.0,22.0,28.9,50.7,58.1,12.5,10.1,14.0,water_later
Tomato,fruiting,18.4,56,loam,47.0,19.8,16.8,29.7,26.6,7.4,8.3,12.0,water_now
Tomato,vegetative,8.6,4,loam,84.7,6.9,30.3,34.5,65.8,13.7,8.3,168.0,no_watering
Tomato,vegetative,21.2,43,sandy,95.9,3.0,21.9,85.1,89.2,0.2,3.7,86.0,no_watering
Tomato,vegetative,24.0,27,clay,86.1,13.4,23.3,45.3,64.5,20.6,10.4,168.0,no_watering
Tomato,flowering,19.5,43,sandy,72.9,7.2,27.5,49.8,73.6,15.2,7.7,13.0,water_later
Tomato,vegetative,20.8,89,sandy,61.4,21.2,27.5,88.3,85.9,19.5,5.2,168.0,no_watering
Pepper,vegetative,7.9,104,clay,48.9,60.0,25.5,50.7,80.3,10.7,2.7,168.0,no_watering
Tomato,vegetative,15.9,132,sandy,44.8,19.3,20.5,34.0,63.7,12.6,9.7,8.0,water_now
Tomato,seedling,12.6,82,clay,69.2,101.3,31.3,64.2,47.5,1.8,3.6,168.0,no_watering
Potato,fruiting,16.6,6,clay,42.0,31.2,18.1,38.2,13.9,16.8,10.2,16.0,water_later
Pepper,fruiting,15.6,132,sandy,97.3,0.9,30.3,73.7,56.3,12.2,2.9,35.0,water_later
Potato,seedling,30.0,18,clay,70.6,168.0,13.4,85.1,45.6,19.1,4.2,168.0,no_watering
Tomato,flowering,21.0,120,sandy,45.3,47.8,15.6,41.7,53.3,10.7,4.1,11.0,water_now
Tomato,flowering,22.3,105,loam,81.5,20.8,24.0,52.4,32.2,21.5,2.6,109.0,no_watering
Tomato,vegetative,9.2,143,sandy,36.7,45.1,22.2,77.2,45.3,1.9,3.2,12.0,water_now
Potato,seedling,16.9,86,sandy,98.1,1.0,27.1,77.9,34.1,19.3,11.8,34.0,water_later
Pepper,fruiting,14.6,145,clay,61.2,20.1,15.5,49.2,35.7,15.1,8.1,17.0,water_later
Potato,vegetative,31.7,78,clay,67.1,54.8,16.2,73.3,0.8,0.7,2.6,157.0,no_watering
Tomato,flowering,18.5,61,sandy,54.4,19.8,25.6,38.9,80.1,19.5,3.8,35.0,water_later
Pepper,vegetative,11.9,22,clay,82.6,14.8,28.7,42.0,76.6,8.1,5.4,168.0,no_watering
Potato,vegetative,25.1,115,sandy,55.6,41.8,21.4,48.6,80.5,23.9,4.7,168.0,no_watering
Tomato,vegetative,22.7,31,clay,62.8,23.9,24.9,36.6,63.9,4.9,9.5,39.0,water_later
Potato,vegetative,13.2,78,loam,50.3,49.7,16.1,26.2,37.2,22.5,4.6,83.0,no_watering
Potato,fruiting,26.2,60,sandy,66.9,22.7,28.0,43.6,9.5,8.3,5.9,13.0,water_later
Tomato,fruiting,15.7,116,sandy,35.3,42.4,15.7,43.2,22.8,2.0,7.1,8.0,water_now
Tomato,seedling,19.3,16,clay,39.7,87.1,28.5,74.2,34.8,0.8,10.9,31.0,water_later
Pepper,seedling,6.0,94,loam,85.9,16.9,27.8,53.0,34.1,8.8,9.5,85.0,no_watering
Tomato,fruiting,16.0,14,sandy,90.2,4.3,19.7,60.5,24.0,0.7,4.6,59.0,no_watering
Potato,flowering,23.9,5,loam,58.0,18.9,17.4,94.4,20.8,0.2,10.5,32.0,water_later
Tomato,fruiting,18.3,88,clay,49.3,59.7,17.6,59.8,81.6,17.2,3.5,37.0,water_later
Tomato,fruiting,19.9,9,clay,69.8,11.2,30.3,52.3,52.3,20.9,7.3,168.0,no_watering
Pepper,seedling,15.8,137,sandy,74.3,21.0,27.3,43.1,32.5,13.6,9.8,33.0,water_later
Tomato,fruiting,20.9,79,sandy,96.6,1.0,30.0,84.9,22.7,6.8,9.5,11.0,water_now
Potato,fruiting,27.9,99,clay,66.7,67.9,12.6,73.4,30.2,17.7,3.7,119.0,no_watering
Tomato,flowering,12.1,112,sandy,54.1,12.2,26.6,52.1,42.8,17.4,7.8,10.0,water_now
Pepper,vegetative,10.2,133,clay,62.0,56.8,18.5,25.5,64.7,1.7,2.1,168.0,no_watering
Tomato,flowering,12.9,101,sandy,55.7,19.4,26.0,79.8,73.5,17.8,9.0,9.0,water_now
Tomato,vegetative,14.8,8,clay,40.9,35.5,32.3,61.0,40.0,11.6,6.9,168.0,no_watering
Tomato,flowering,18.2,131,sandy,83.0,10.0,21.4,53.4,70.0,23.5,2.7,168.0,no_watering
Potato,flowering,12.0,53,sandy,92.9,2.4,27.7,45.2,13.5,24.9,8.3,13.0,water_later
Potato,vegetative,24.1,86,loam,81.3,9.2,20.2,72.2,49.9,16.5,10.1,46.0,water_later
Tomato,fruiting,22.2,84,sandy,65.7,9.3,22.2,69.6,79.5,18.2,11.5,10.0,water_now
Potato,fruiting,31.1,73,clay,39.7,38.0,23.5,61.5,51.9,2.9,7.9,11.0,water_now
Tomato,seedling,12.8,128,sandy,40.3,44.5,22.6,42.8,21.7,19.0,9.1,9.0,water_now
Pepper,flowering,6.9,82,clay,97.4,1.3,31.1,86.1,58.6,8.4,6.9,60.0,no_watering
Tomato,vegetative,16.0,1,clay,78.9,20.8,28.7,58.8,42.2,14.0,4.9,168.0,no_watering
Potato,vegetative,17.5,124,clay,83.8,24.7,14.9,90.2,49.6,4.1,3.6,168.0,no_watering
Pepper,fruiting,11.3,65,sandy,61.8,14.5,27.3,68.0,82.0,21.1,8.7,11.0,water_now
Tomato,flowering,15.3,1,sandy,69.4,7.5,22.8,53.2,1.2,17.1,10.3,15.0,water_later
Pepper,seedling,14.2,116,sandy,38.0,105.5,30.7,84.0,47.5,12.8,2.2,13.0,water_later
Pepper,fruiting,13.3,144,clay,87.0,17.5,34.7,40.7,80.1,5.9,2.4,86.0,no_watering
Pepper,vegetative,12.4,27,loam,63.6,21.6,29.5,59.4,36.9,1.5,5.0,58.0,no_watering
Pepper,flowering,13.9,116,clay,60.7,37.8,23.3,55.9,45.9,12.6,6.3,34.0,water_later
Potato,flowering,21.0,20,loam,37.6,27.8,21.8,25.2,13.4,4.6,11.2,8.0,water_now
Pepper,vegetative,5.6,139,loam,93.8,6.6,17.6,77.0,85.7,5.6,8.6,84.0,no_watering
Potato,seedling,32.0,50,clay,84.4,54.1,19.8,79.3,38.9,8.6,4.6,168.0,no_watering
Tomato,flowering,15.4,95,sandy,81.0,9.2,29.1,50.8,53.4,0.6,3.3,34.0,water_later
Pepper,vegetative,9.4,33,loam,47.6,17.0,34.4,53.6,23.2,3.7,11.3,9.0,water_now
Potato,fruiting,13.5,27,sandy,93.2,2.4,28.1,61.4,30.3,14.5,6.7,60.0,no_watering
Tomato,vegetative,21.0,104,sandy,81.4,16.1,28.6,82.7,28.1,16.4,9.3,12.0,water_now
Tomato,vegetative,19.9,94,clay,84.5,42.7,15.2,38.8,79.9,12.9,4.3,168.0,no_watering
Pepper,flowering,9.4,2,clay,66.6,15.3,31.1,30.8,41.8,11.0,5.6,168.0,no_watering
Potato,flowering,26.6,134,loam,72.1,9.2,23.7,33.0,58.7,9.7,11.5,13.0,water_later
Potato,flowering,16.8,34,clay,66.8,36.4,24.4,73.4,55.9,3.9,3.0,168.0,no_watering
Tomato,flowering,11.3,79,clay,98.0,2.6,17.8,82.7,55.5,6.6,4.0,168.0,no_watering
Potato,vegetative,24.0,101,loam,94.2,3.6,21.7,40.5,46.6,5.4,6.6,59.0,no_watering
Tomato,flowering,8.4,52,clay,72.8,26.2,18.1,66.6,32.7,2.0,5.7,85.0,no_watering
Potato,seedling,12.8,100,clay,82.9,34.3,12.2,55.5,3.3,16.2,10.8,103.0,no_watering
Pepper,fruiting,9.6,84,loam,79.1,13.1,17.0,45.8,32.3,15.4,7.7,33.0,water_later
Potato,seedling,15.1,53,sandy,59.8,62.3,17.7,46.7,68.3,6.1,10.6,18.0,water_later
Pepper,flowering,7.3,44,loam,51.7,14.7,29.2,54.0,18.1,14.1,8.0,14.0,water_later
Potato,flowering,19.1,33,sandy,39.8,29.5,19.4,71.4,4.8,18.5,5.7,11.0,water_now
Tomato,vegetative,19.8,25,clay,59.4,29.3,33.0,90.8,66.2,16.4,5.8,168.0,no_watering
Tomato,vegetative,10.7,10,sandy,52.4,16.3,28.9,45.0,60.1,0.1,7.0,13.0,water_later
Potato,seedling,10.7,66,clay,81.8,50.8,12.2,63.4,87.9,18.6,6.3,168.0,no_watering
Pepper,flowering,15.2,77,sandy,75.8,5.5,24.4,78.8,55.3,15.8,10.9,11.0,water_now
Tomato,fruiting,23.9,137,sandy,36.5,14.5,30.1,80.1,26.3,23.4,8.2,7.0,water_now
Potato,flowering,24.0,63,sandy,66.9,12.6,21.5,26.0,86.5,20.9,5.5,60.0,no_watering
Pepper,vegetative,12.6,133,clay,92.3,3.0,35.3,62.8,64.0,3.3,9.7,35.0,water_later
Tomato,flowering,14.2,66,loam,63.8,18.7,21.6,94.1,53.4,23.1,7.5,17.0,water_later
Potato,vegetative,31.5,93,loam,74.4,25.4,16.6,82.1,45.3,9.9,5.5,112.0,no_watering
Pepper,seedling,6.6,120,loam,88.9,14.8,15.9,85.2,85.7,4.1,8.4,168.0,no_watering
Tomato,flowering,20.4,16,sandy,56.4,31.3,19.4,42.6,32.0,0.8,6.1,15.0,water_later
Potato,fruiting,11.4,64,clay,55.2,50.9,20.9,28.2,81.4,14.7,5.3,168.0,no_watering
Tomato,fruiting,14.4,13,clay,72.9,10.6,23.4,57.2,7.3,4.4,9.3,42.0,water_later
Pepper,seedling,15.8,61,loam,80.4,27.6,20.0,65.2,45.2,23.2,8.8,168.0,no_watering
Potato,seedling,10.9,126,sandy,49.4,48.3,26.1,33.6,37.4,17.9,7.2,12.0,water_now
Tomato,seedling,21.0,118,sandy,91.1,15.9,24.8,47.1,43.4,19.7,2.0,168.0,no_watering
Tomato,seedling,9.1,56,clay,41.2,122.8,31.3,81.7,4.9,18.7,10.6,14.0,water_later
Tomato,flowering,17.7,131,clay,75.7,10.5,29.6,33.1,30.2,14.4,11.1,15.0,water_later
Potato,vegetative,28.3,72,clay,63.2,57.1,21.8,62.3,48.3,16.1,2.8,168.0,no_watering
Tomato,vegetative,19.3,137,loam,94.0,6.6,29.3,91.3,63.2,15.0,10.5,32.0,water_later
Tomato,vegetative,11.3,130,sandy,57.9,66.7,17.7,78.4,77.4,20.2,4.8,168.0,no_watering
Potato,seedling,30.8,78,loam,95.8,4.9,26.1,58.5,31.4,3.9,8.8,82.0,no_watering
Pepper,seedling,9.3,111,loam,98.8,1.4,17.2,73.3,64.9,16.2,11.0,168.0,no_watering
Tomato,fruiting,17.5,18,sandy,66.9,14.9,30.8,91.0,38.8,20.8,6.3,14.0,water_later
Potato,seedling,29.8,92,sandy,76.9,17.1,23.3,34.2,54.8,5.5,8.7,32.0,water_later
Tomato,flowering,13.7,118,sandy,81.8,10.6,31.6,60.6,19.9,19.8,7.0,12.0,water_now
Potato,flowering,23.2,132,sandy,99.8,0.1,21.4,73.1,63.4,15.8,9.0,21.0,water_later
Pepper,seedling,15.6,119,sandy,44.2,90.2,22.5,49.1,0.5,3.1,2.9,38.0,water_later
Pepper,seedling,15.4,131,loam,83.6,21.9,33.7,78.8,63.1,17.3,4.5,168.0,no_watering
Tomato,flowering,8.6,131,loam,71.7,21.0,29.7,83.9,2.7,10.1,4.7,34.0,water_later
Potato,flowering,28.2,60,loam,80.0,9.1,27.5,27.4,53.5,5.5,10.3,13.0,water_later
Potato,flowering,22.6,93,loam,52.8,52.0,12.7,43.1,1.4,15.5,8.1,13.0,water_later
Potato,fruiting,30.0,113,loam,75.8,17.6,15.0,84.4,54.4,22.0,8.7,33.0,water_later
Pepper,vegetative,5.5,70,clay,44.0,70.3,23.2,85.0,26.4,17.8,4.9,168.0,no_watering
Potato,flowering,22.8,143,clay,60.2,24.7,12.2,92.6,7.6,19.0,11.6,18.0,water_later
Tomato,fruiting,15.0,89,loam,52.6,13.6,29.6,46.6,56.8,19.7,7.2,11.0,water_now
Pepper,seedling,6.4,24,clay,66.9,54.8,22.8,36.0,80.7,20.5,7.0,168.0,no_watering
Tomato,vegetative,9.4,124,loam,97.5,2.6,32.8,47.6,35.1,0.8,4.7,58.0,no_watering
Pepper,flowering,11.6,23,sandy,97.1,1.4,33.4,56.7,56.3,22.7,3.1,168.0,no_watering
Tomato,flowering,11.2,92,loam,59.1,61.3,16.7,75.3,74.6,5.7,7.2,17.0,water_later
Tomato,vegetative,10.4,87,sandy,40.5,40.5,28.8,74.8,82.5,22.2,2.1,12.0,water_now
Potato,seedling,27.4,81,sandy,53.3,40.8,16.7,73.9,71.1,12.8,10.0,18.0,water_later
Potato,vegetative,25.0,46,sandy,84.5,7.1,22.8,86.3,68.1,2.4,6.8,34.0,water_later
Pepper,vegetative,7.5,75,clay,79.3,18.3,19.6,68.6,58.8,24.0,7.7,168.0,no_watering
Potato,fruiting,13.3,65,clay,65.1,34.4,17.3,93.1,19.5,8.3,5.4,84.0,no_watering
Pepper,fruiting,15.7,78,clay,62.1,15.5,31.3,86.0,48.0,4.9,10.7,12.0,water_now
Pepper,vegetative,8.5,70,sandy,48.2,43.1,21.2,38.0,47.4,13.9,8.4,9.0,water_now
Potato,seedling,17.3,144,clay,71.0,80.2,28.7,42.6,14.3,24.7,5.7,110.0,no_watering
Pepper,fruiting,9.8,106,loam,70.1,10.8,34.2,74.6,74.5,11.2,7.3,14.0,water_later
Potato,vegetative,11.2,83,clay,88.4,7.0,20.0,39.5,54.4,2.6,8.8,60.0,no_watering
Potato,vegetative,18.7,143,sandy,54.2,40.8,13.6,70.8,19.8,15.9,6.8,12.0,water_now
Tomato,fruiting,9.3,53,loam,91.4,2.0,32.5,49.9,41.5,6.8,7.9,17.0,water_later
Tomato,seedling,17.5,122,loam,79.4,32.0,26.6,58.5,79.8,19.6,10.1,168.0,no_watering
Tomato,fruiting,21.5,44,clay,83.5,9.0,23.9,31.5,54.0,12.4,9.5,41.0,water_later
Potato,flowering,27.9,71,sandy,69.0,8.4,24.2,68.9,36.3,23.7,9.3,10.0,water_now
Tomato,seedling,13.9,74,sandy,64.7,45.1,26.2,59.9,26.0,21.7,4.6,130.0,no_watering
Tomato,vegetative,9.9,66,sandy,52.2,19.9,18.2,41.0,26.1,5.2,8.0,10.0,water_now
Pepper,vegetative,13.8,3,loam,90.8,13.5,26.7,46.7,36.2,10.3,6.7,168.0,no_watering
Pepper,fruiting,5.1,18,clay,44.1,12.8,29.1,56.4,87.0,19.7,11.6,10.0,water_now
Potato,vegetative,12.7,83,clay,62.0,32.4,26.1,39.9,23.5,11.0,10.6,15.0,water_later
Pepper,vegetative,11.6,125,clay,85.7,14.8,19.1,25.8,51.3,16.6,5.0,168.0,no_watering
Pepper,fruiting,12.3,38,sandy,99.3,0.4,23.3,87.1,82.3,5.1,7.4,33.0,water_later
Potato,flowering,22.7,23,loam,77.8,7.4,29.0,31.4,23.5,3.0,11.7,16.0,water_later
Pepper,vegetative,10.1,34,clay,55.0,22.8,29.3,58.2,33.9,15.6,9.1,31.0,water_later
Tomato,seedling,19.0,106,clay,83.0,17.4,28.8,65.6,51.5,6.5,11.3,80.0,no_watering
Potato,vegetative,21.0,59,sandy,90.5,5.7,24.8,89.5,51.9,4.4,4.1,63.0,no_watering
Pepper,fruiting,10.7,125,loam,86.2,15.1,25.0,50.6,27.8,12.1,4.1,57.0,no_watering
Tomato,flowering,11.5,118,loam,77.4,9.9,30.5,63.9,76.9,4.8,11.6,12.0,water_now
Potato,seedling,25.0,34,sandy,36.8,165.5,20.3,53.4,9.6,7.7,5.6,13.0,water_later
Pepper,flowering,7.0,88,sandy,45.2,31.2,19.2,93.0,1.1,0.1,7.0,9.0,water_now
Potato,fruiting,12.1,3,loam,51.3,14.9,27.9,79.4,75.5,24.5,11.1,168.0,no_watering
Potato,seedling,17.5,86,loam,36.7,58.4,27.4,40.7,41.6,5.8,8.6,9.0,water_now
Tomato,seedling,17.3,34,sandy,47.6,85.6,22.5,28.2,15.6,9.1,3.8,39.0,water_later
Pepper,fruiting,15.8,97,clay,65.5,10.7,33.8,88.8,32.6,17.1,8.2,14.0,water_later
Tomato,vegetative,20.3,125,clay,56.8,51.7,24.3,25.5,42.0,12.5,3.2,168.0,no_watering
Tomato,fruiting,8.1,96,clay,68.0,12.9,33.4,54.7,49.5,18.9,5.4,75.0,no_watering
Potato,flowering,24.8,122,loam,99.1,0.5,20.1,90.9,74.8,7.3,7.0,59.0,no_watering
Potato,vegetative,31.8,59,sandy,45.9,47.0,19.0,44.0,44.4,10.6,7.0,10.0,water_now
Pepper,fruiting,13.9,39,loam,77.6,8.2,31.8,76.5,52.5,6.6,7.2,17.0,water_later
Potato,seedling,17.7,97,loam,90.5,15.9,26.3,81.6,64.5,3.2,4.4,168.0,no_watering
Pepper,vegetative,9.9,60,clay,52.7,44.4,18.6,70.3,79.1,16.0,7.6,89.0,no_watering
Pepper,seedling,7.6,56,loam,96.2,3.8,31.9,49.5,47.9,5.0,7.5,133.0,no_watering
Pepper,fruiting,11.4,79,loam,74.1,14.4,18.9,67.5,62.7,6.9,4.5,38.0,water_later
Tomato,fruiting,11.5,58,sandy,40.7,13.4,19.0,92.7,15.9,24.7,10.8,6.0,water_now
Tomato,flowering,9.7,87,clay,68.6,20.5,30.2,86.6,18.5,22.3,6.1,35.0,water_later
Pepper,fruiting,8.1,112,loam,97.0,0.7,24.0,73.4,22.3,21.3,12.0,13.0,water_later
Pepper,vegetative,14.0,113,sandy,73.7,15.7,27.0,58.2,25.5,20.4,3.1,36.0,water_later
Tomato,seedling,10.9,59,clay,42.2,96.4,24.3,28.1,87.9,6.6,10.0,89.0,no_watering
Pepper,fruiting,11.2,40,sandy,91.1,1.8,24.9,61.3,19.3,8.0,12.0,11.0,water_now
Potato,flowering,15.9,115,loam,57.2,23.6,28.1,62.0,61.8,10.2,4.1,19.0,water_later
Pepper,seedling,13.0,127,loam,65.6,80.5,33.1,57.9,63.0,17.0,6.3,40.0,water_later
Tomato,vegetative,11.8,69,sandy,72.0,14.1,28.7,89.6,32.8,16.1,10.6,13.0,water_later
Pepper,seedling,12.7,50,clay,61.7,78.8,35.3,88.6,62.4,19.5,4.5,168.0,no_watering
Pepper,seedling,13.3,40,sandy,58.6,26.2,28.2,77.8,44.6,24.1,10.5,15.0,water_later
Tomato,flowering,15.1,115,loam,35.7,39.9,28.9,60.9,41.6,10.8,4.0,10.0,water_now
Pepper,flowering,12.6,92,sandy,43.4,31.1,15.2,45.4,17.0,21.7,4.6,30.0,water_later
Potato,vegetative,27.4,111,sandy,83.1,11.6,25.4,81.3,29.3,15.6,4.6,62.0,no_watering
Pepper,flowering,15.9,4,clay,93.6,2.3,33.7,63.6,89.6,24.3,8.6,168.0,no_watering
Pepper,flowering,9.8,54,sandy,75.3,17.5,32.7,82.7,18.6,22.8,3.5,39.0,water_later
Tomato,fruiting,14.1,144,sandy,45.7,17.8,19.2,92.2,31.7,24.2,10.2,7.0,water_now
Tomato,fruiting,17.6,102,sandy,86.7,4.4,26.3,81.2,18.8,4.1,4.8,15.0,water_later
Tomato,flowering,11.4,142,sandy,54.0,64.7,25.6,89.5,12.6,1.0,2.0,17.0,water_later
Pepper,vegetative,13.9,145,clay,80.1,49.5,16.2,62.0,81.9,8.7,3.2,168.0,no_watering
Pepper,fruiting,7.4,79,sandy,74.0,4.5,25.8,56.0,67.4,6.8,10.2,9.0,water_now
Pepper,flowering,7.6,28,sandy,45.2,18.9,32.4,51.2,46.4,3.5,2.8,14.0,water_later
Tomato,flowering,21.9,116,loam,58.7,16.5,16.9,49.0,70.5,16.5,10.7,17.0,water_later
Pepper,flowering,11.5,93,clay,62.5,39.8,20.1,90.6,76.0,6.5,3.2,168.0,no_watering
Pepper,fruiting,6.1,111,clay,54.1,17.2,31.8,26.0,79.6,21.1,9.1,36.0,water_later
Tomato,vegetative,18.5,127,sandy,94.6,5.9,20.5,74.8,53.6,9.0,2.4,168.0,no_watering
Pepper,vegetative,9.1,23,clay,68.0,36.8,22.0,60.8,39.5,8.2,10.6,84.0,no_watering
Pepper,fruiting,15.3,33,clay,53.5,73.0,20.7,65.2,40.3,21.3,3.8,168.0,no_watering
Potato,vegetative,20.6,90,loam,81.2,11.1,20.0,27.7,25.6,20.8,6.9,56.0,no_watering
Potato,fruiting,20.2,84,sandy,63.4,21.0,16.5,75.4,70.9,16.5,10.9,10.0,water_now
Tomato,vegetative,13.3,40,loam,46.0,67.9,26.1,49.0,66.1,0.5,2.3,58.0,no_watering
Tomato,vegetative,22.6,141,sandy,60.8,10.1,33.7,59.4,73.5,23.7,8.8,15.0,water_later
Potato,vegetative,16.1,51,loam,38.6,30.4,20.4,90.0,21.7,7.2,10.2,8.0,water_now
Potato,flowering,29.5,99,clay,43.0,58.3,18.2,55.5,18.3,19.9,3.9,141.0,no_watering
Potato,fruiting,25.4,2,clay,71.4,23.8,26.6,54.0,89.0,18.6,7.1,168.0,no_watering
Tomato,fruiting,20.1,84,loam,59.1,18.8,16.0,39.1,68.9,2.3,6.7,14.0,water_later
Potato,fruiting,22.8,37,clay,85.6,8.6,15.8,63.9,6.2,17.0,10.9,60.0,no_watering
Potato,flowering,24.2,12,clay,86.4,22.2,12.4,31.2,9.7,21.0,5.7,168.0,no_watering
Tomato,vegetative,14.5,141,sandy,79.1,16.5,15.9,67.8,39.0,12.5,3.9,168.0,no_watering
Tomato,seedling,18.7,10,clay,68.7,36.0,31.9,63.0,47.9,5.3,8.4,168.0,no_watering
Pepper,fruiting,10.7,132,clay,61.3,14.3,30.8,53.9,72.4,18.5,6.5,15.0,water_later
Tomato,flowering,16.2,23,loam,61.3,19.8,16.8,45.6,73.5,7.7,9.4,36.0,water_later
Tomato,flowering,15.4,61,clay,84.5,7.4,25.6,78.7,39.8,19.6,9.6,60.0,no_watering
Potato,seedling,25.0,58,clay,52.7,115.3,21.3,56.1,40.1,2.2,10.5,41.0,water_later
Pepper,vegetative,15.8,61,loam,87.7,9.1,26.9,74.2,58.8,4.9,4.5,111.0,no_watering
Tomato,vegetative,18.0,40,clay,71.1,35.6,30.1,65.8,86.0,9.7,2.1,168.0,no_watering
Potato,seedling,31.1,116,sandy,44.0,168.0,14.1,94.0,56.7,22.0,3.8,168.0,no_watering
Pepper,fruiting,11.2,116,loam,48.5,31.9,17.9,88.2,4.8,9.7,4.3,14.0,water_later
Tomato,vegetative,16.2,37,loam,68.9,15.2,24.3,46.1,83.5,19.7,10.8,124.0,no_watering
Potato,fruiting,25.1,137,clay,78.1,9.8,27.5,47.8,88.3,20.6,9.8,32.0,water_later
Potato,fruiting,22.4,95,sandy,90.2,6.4,12.0,87.1,43.1,10.6,5.4,59.0,no_watering
Pepper,flowering,7.4,65,sandy,58.9,19.1,23.7,40.7,17.4,6.3,6.7,11.0,water_now
Tomato,seedling,9.0,129,loam,63.8,57.6,17.9,93.6,12.4,6.2,7.1,80.0,no_watering
Potato,seedling,22.6,16,loam,87.3,21.2,21.0,71.9,20.1,22.0,8.6,154.0,no_watering
Pepper,seedling,11.0,130,clay,89.1,13.4,28.1,94.2,42.8,10.6,11.1,104.0,no_watering
Tomato,vegetative,21.7,15,sandy,53.1,57.9,27.8,73.4,36.2,23.0,2.5,168.0,no_watering
Potato,seedling,26.2,69,clay,74.2,105.6,20.3,27.7,75.5,19.5,3.5,168.0,no_watering
Pepper,fruiting,9.0,93,sandy,36.2,28.7,27.6,48.4,8.6,2.8,3.3,10.0,water_now
Tomato,flowering,22.5,110,clay,91.4,7.2,24.6,38.6,66.8,9.2,5.1,116.0,no_watering
Tomato,fruiting,9.2,68,loam,44.1,13.0,26.3,35.7,30.5,23.4,10.9,7.0,water_now
Pepper,seedling,8.1,67,sandy,53.4,52.9,24.4,92.6,22.4,2.2,3.5,60.0,no_watering
Pepper,fruiting,8.9,51,loam,40.6,19.8,33.0,37.3,2.0,19.1,4.0,10.0,water_now
Pepper,flowering,8.6,133,sandy,38.5,41.7,18.1,57.0,67.3,3.6,3.4,12.0,water_now
Pepper,seedling,5.1,82,clay,89.7,8.8,33.7,49.9,3.8,14.5,9.5,63.0,no_watering
Pepper,seedling,13.5,90,loam,90.2,8.0,35.4,30.8,72.9,24.3,7.2,168.0,no_watering
Tomato,vegetative,20.2,105,loam,52.7,14.3,32.5,26.2,87.1,21.8,10.7,9.0,water_now
Pepper,fruiting,14.0,5,clay,90.9,4.7,33.8,65.7,24.4,9.9,3.9,168.0,no_watering
Pepper,flowering,11.9,128,sandy,44.3,20.0,29.4,76.7,58.7,1.6,7.7,8.0,water_now
Pepper,seedling,13.6,34,loam,60.4,96.0,17.1,67.5,37.5,19.1,3.9,168.0,no_watering
Pepper,fruiting,12.8,81,sandy,91.6,2.3,22.7,46.2,25.4,10.1,6.7,14.0,water_later
Tomato,fruiting,22.9,10,clay,65.1,57.1,15.6,70.3,73.7,8.5,3.0,168.0,no_watering
Potato,vegetative,22.1,111,clay,94.8,3.0,23.6,81.3,8.3,16.0,10.6,41.0,water_later
Potato,flowering,18.4,142,clay,37.4,113.6,13.8,51.5,21.3,17.2,6.4,11.0,water_now
Tomato,seedling,20.2,57,clay,58.6,168.0,16.3,29.0,69.2,4.7,5.5,168.0,no_watering
Potato,seedling,20.7,122,clay,67.5,95.1,15.6,87.3,65.0,1.1,4.9,168.0,no_watering
Potato,flowering,30.4,55,sandy,56.7,9.1,26.8,83.0,1.9,12.4,11.8,8.0,water_now
Pepper,seedling,11.3,98,loam,92.2,15.1,23.2,85.9,64.9,11.3,6.7,168.0,no_watering
Potato,vegetative,19.0,10,clay,77.7,13.1,24.9,93.5,50.5,12.8,10.3,134.0,no_watering
Tomato,seedling,8.4,88,clay,89.5,23.0,26.5,90.8,76.0,0.1,4.2,168.0,no_watering
Tomato,fruiting,8.8,52,sandy,61.4,8.6,31.6,94.6,76.0,16.7,7.0,13.0,water_later
Potato,fruiting,20.2,104,clay,53.0,72.1,20.3,59.7,45.6,22.0,2.5,168.0,no_watering
Tomato,flowering,14.8,67,sandy,54.9,9.4,27.5,76.5,57.2,24.0,11.1,10.0,water_now
Pepper,seedling,15.9,55,sandy,88.0,9.4,32.2,35.5,21.6,23.2,5.5,59.0,no_watering
Potato,fruiting,27.5,16,sandy,57.9,16.6,24.4,79.8,42.0,6.6,8.1,13.0,water_later
Potato,fruiting,24.1,40,loam,82.5,11.1,15.2,62.9,40.4,24.5,7.5,81.0,no_watering
Pepper,vegetative,9.1,33,clay,96.4,1.7,35.7,90.0,21.2,9.7,8.7,79.0,no_watering
Potato,fruiting,26.5,57,sandy,40.2,111.1,15.0,35.1,22.9,16.0,2.4,37.0,water_later
Tomato,fruiting,21.0,36,sandy,73.0,15.1,17.1,31.2,3.4,15.7,6.2,15.0,water_later
Potato,fruiting,22.2,72,clay,68.5,29.0,12.7,69.9,20.9,8.2,7.3,58.0,no_watering
Tomato,fruiting,19.0,76,loam,70.7,29.0,16.0,66.9,10.2,14.0,4.8,37.0,water_later
Potato,vegetative,16.4,33,sandy,45.7,45.6,18.3,56.6,39.6,11.5,7.7,11.0,water_now
Pepper,seedling,13.7,96,loam,89.9,9.9,26.9,44.4,5.0,8.1,9.2,59.0,no_watering
Potato,fruiting,25.9,32,sandy,48.2,19.3,25.3,64.4,57.7,5.2,6.6,12.0,water_now
Potato,seedling,11.5,93,loam,44.1,106.6,17.6,49.6,46.4,18.3,10.6,12.0,water_now
Pepper,flowering,10.0,61,sandy,51.7,11.1,22.4,54.2,34.0,20.7,10.8,7.0,water_now
Tomato,flowering,13.2,40,clay,95.0,4.5,22.6,78.1,9.6,19.6,4.3,168.0,no_watering
Tomato,flowering,10.3,88,loam,75.4,18.2,24.2,77.4,10.3,23.9,6.7,32.0,water_later
Potato,seedling,21.1,143,clay,96.0,11.7,26.9,68.0,68.6,21.6,8.1,168.0,no_watering
Tomato,flowering,15.2,14,clay,67.7,37.3,33.1,39.7,64.5,0.9,5.1,84.0,no_watering
Pepper,fruiting,9.1,28,clay,61.8,25.1,16.1,31.5,74.9,8.4,11.8,42.0,water_later
Pepper,fruiting,15.9,59,clay,50.0,71.9,15.1,37.5,63.8,4.2,3.2,87.0,no_watering
Tomato,flowering,8.1,58,sandy,78.3,7.7,30.9,30.8,5.6,23.8,6.4,12.0,water_now
Pepper,flowering,10.2,79,sandy,86.7,5.6,16.0,71.3,88.7,1.3,6.2,16.0,water_later
Pepper,seedling,9.3,136,clay,83.0,41.2,22.1,30.2,14.9,15.8,8.3,109.0,no_watering
Pepper,fruiting,5.7,143,sandy,51.5,15.1,25.8,88.4,30.2,3.0,5.4,10.0,water_now
Potato,vegetative,19.6,11,clay,57.1,60.1,18.1,81.3,81.4,17.4,3.4,168.0,no_watering
Pepper,seedling,9.8,50,clay,70.7,75.0,27.9,71.7,66.4,7.6,9.3,168.0,no_watering
Tomato,seedling,21.0,91,clay,53.4,107.5,31.4,70.0,45.3,7.3,3.0,168.0,no_watering
Tomato,seedling,11.5,19,clay,93.6,15.4,24.8,50.3,76.9,10.3,9.0,168.0,no_watering
Tomato,seedling,21.3,135,sandy,92.9,12.5,30.6,27.1,58.2,17.5,6.5,168.0,no_watering
Potato,fruiting,18.9,90,sandy,44.5,17.3,22.6,63.1,22.3,9.6,8.9,8.0,water_now
Potato,flowering,30.9,149,clay,52.8,34.9,28.2,88.9,87.0,4.8,5.1,39.0,water_later
Potato,seedling,22.3,54,sandy,68.6,90.2,12.4,31.7,74.6,13.3,3.9,168.0,no_watering
Tomato,flowering,10.9,138,clay,43.1,71.9,19.8,75.1,35.5,23.6,2.1,168.0,no_watering
Tomato,vegetative,24.0,80,loam,95.9,7.8,18.0,94.6,39.7,1.0,5.1,90.0,no_watering
Pepper,fruiting,5.3,99,clay,77.4,6.0,31.2,68.3,67.6,12.3,9.3,15.0,water_later
Pepper,fruiting,15.0,20,loam,93.2,2.7,21.4,93.0,3.6,16.3,9.0,39.0,water_later
Pepper,seedling,5.2,101,sandy,59.1,29.9,32.5,73.9,72.4,15.0,10.8,10.0,water_now
Pepper,vegetative,8.1,10,loam,46.9,58.9,24.7,93.2,67.0,16.7,5.4,168.0,no_watering
Potato,vegetative,23.1,87,clay,97.0,2.1,20.3,84.1,28.7,4.6,9.5,62.0,no_watering
Potato,seedling,27.7,100,clay,94.0,23.6,14.9,90.0,15.0,20.9,7.8,168.0,no_watering
Potato,fruiting,21.4,53,clay,52.8,26.4,20.1,93.9,82.3,19.3,11.2,65.0,no_watering
Tomato,flowering,17.3,97,sandy,72.6,11.1,16.3,30.6,28.7,7.8,6.3,13.0,water_later
Potato,seedling,17.6,108,loam,35.2,74.0,25.9,93.8,49.6,19.4,12.0,8.0,water_now
Potato,flowering,24.5,63,loam,85.8,11.0,22.4,80.5,86.2,3.1,6.0,59.0,no_watering
Tomato,seedling,21.0,54,clay,88.5,20.0,32.3,50.1,67.3,4.1,8.1,133.0,no_watering
Potato,flowering,17.4,53,loam,37.2,56.6,15.3,84.2,8.7,10.3,3.9,13.0,water_later
Potato,flowering,12.4,16,loam,73.8,29.6,24.7,89.7,20.7,21.5,3.0,168.0,no_watering
Tomato,fruiting,20.1,36,loam,82.7,8.5,28.9,25.7,79.5,22.6,10.5,14.0,water_later
Tomato,flowering,10.1,30,sandy,87.6,2.9,31.5,59.1,86.0,17.0,7.0,112.0,no_watering
Potato,seedling,13.1,85,clay,69.2,46.4,13.4,29.4,20.7,23.6,9.9,168.0,no_watering
Potato,fruiting,26.3,66,sandy,88.4,5.8,26.5,47.4,28.5,14.5,3.4,38.0,water_later
Pepper,vegetative,5.8,149,sandy,99.4,0.4,21.4,83.9,45.3,4.0,4.1,59.0,no_watering
Tomato,fruiting,19.7,122,sandy,78.8,12.0,21.4,93.0,47.9,12.7,10.9,9.0,water_now
Tomato,fruiting,12.8,23,sandy,94.7,2.0,33.1,75.1,6.8,6.3,8.8,13.0,water_later
Tomato,fruiting,8.7,96,loam,76.2,16.8,24.8,93.1,56.9,4.6,2.6,75.0,no_watering
Pepper,fruiting,14.5,99,sandy,36.3,17.0,32.9,39.7,23.0,18.1,3.3,9.0,water_now
Pepper,vegetative,6.1,2,loam,36.4,78.3,23.6,29.6,26.3,5.0,2.4,35.0,water_later
Pepper,flowering,8.7,20,sandy,81.8,6.6,30.6,65.0,20.9,24.0,3.3,39.0,water_later
Potato,fruiting,12.9,84,clay,81.2,12.0,13.4,51.4,52.4,12.4,9.8,108.0,no_watering
Pepper,fruiting,9.7,12,loam,49.2,13.1,30.4,89.2,71.1,15.2,10.6,10.0,water_now
Potato,vegetative,23.5,54,sandy,67.9,62.8,22.9,81.0,52.8,8.0,2.4,62.0,no_watering
Potato,fruiting,30.4,17,clay,64.7,28.8,25.7,30.9,50.0,17.1,9.4,90.0,no_watering
Potato,fruiting,27.1,120,loam,86.7,5.6,24.4,27.8,45.9,15.5,8.3,33.0,water_later
Potato,seedling,26.9,42,sandy,81.8,20.2,21.2,47.8,27.5,4.8,8.6,55.0,no_watering
Potato,vegetative,19.9,63,clay,61.7,73.8,23.5,47.1,41.0,3.5,2.3,132.0,no_watering
Potato,fruiting,31.2,134,sandy,77.7,27.0,13.3,49.9,32.3,16.2,6.6,16.0,water_later
Pepper,vegetative,12.4,101,clay,64.3,23.7,20.6,90.6,41.0,17.5,10.5,61.0,no_watering
Potato,vegetative,24.2,68,sandy,41.9,12.9,27.3,34.5,12.6,16.7,11.7,6.0,water_now
Pepper,seedling,13.5,16,sandy,99.2,0.7,28.0,59.6,39.9,16.7,11.7,104.0,no_watering
Potato,seedling,29.6,61,loam,80.1,67.5,16.8,91.0,7.4,10.5,2.2,168.0,no_watering
Tomato,fruiting,10.0,62,loam,38.9,17.9,20.6,82.7,7.4,20.1,11.6,7.0,water_now
Potato,fruiting,20.3,44,clay,85.5,24.0,12.2,42.0,70.7,0.7,5.3,160.0,no_watering
Tomato,flowering,21.4,39,loam,74.9,10.3,27.5,79.1,73.0,17.0,7.7,56.0,no_watering
Tomato,seedling,12.2,111,clay,65.2,69.7,33.2,60.9,84.0,14.3,3.0,168.0,no_watering
Pepper,vegetative,8.1,14,clay,95.4,9.7,15.5,84.9,38.3,24.4,3.2,168.0,no_watering
Tomato,vegetative,9.3,25,clay,59.2,38.3,20.0,50.0,33.0,2.0,5.8,105.0,no_watering
Pepper,seedling,5.2,57,sandy,47.9,38.2,20.7,88.2,61.4,7.4,6.6,16.0,water_later
Potato,flowering,14.6,51,sandy,45.1,42.0,14.3,31.4,9.8,1.7,8.5,9.0,water_now
Tomato,vegetative,8.4,5,sandy,77.2,21.1,15.2,32.2,78.4,4.4,9.4,37.0,water_later
Pepper,flowering,6.8,55,sandy,99.1,0.2,33.2,79.9,18.0,6.6,6.4,14.0,water_later
Pepper,fruiting,6.3,92,clay,78.4,5.6,32.5,32.6,24.3,3.5,8.9,14.0,water_later
Potato,seedling,21.7,23,loam,84.6,27.2,26.5,48.1,47.7,18.0,4.1,168.0,no_watering
Pepper,seedling,10.9,29,sandy,77.7,32.4,20.7,67.8,17.5,13.9,10.2,82.0,no_watering
Tomato,flowering,16.2,78,clay,75.9,20.5,28.2,91.4,30.2,23.2,9.4,32.0,water_later
Pepper,seedling,14.6,121,clay,92.4,10.1,30.0,60.6,32.5,19.7,7.9,168.0,no_watering
Pepper,vegetative,8.9,41,loam,66.4,22.0,20.9,74.1,35.1,19.9,6.9,168.0,no_watering
Tomato,flowering,14.8,59,clay,71.9,23.1,30.3,28.4,49.2,3.1,2.1,111.0,no_watering
Potato,fruiting,18.0,98,clay,49.8,52.9,18.2,39.6,26.1,20.1,6.6,29.0,water_later
Potato,seedling,13.1,146,loam,45.2,143.2,12.4,84.3,65.8,15.1,2.2,168.0,no_watering
Tomato,fruiting,9.0,70,clay,49.5,11.8,30.8,68.0,39.6,3.6,11.9,9.0,water_now
Pepper,seedling,12.8,97,sandy,38.7,89.7,21.2,33.7,20.8,17.0,5.9,12.0,water_now
Potato,flowering,15.4,86,sandy,96.6,1.3,22.8,60.6,14.0,23.1,7.3,15.0,water_later
Tomato,fruiting,17.5,112,loam,95.2,2.6,20.0,54.0,31.9,15.6,4.6,110.0,no_watering
Pepper,seedling,6.9,99,clay,91.8,11.5,30.2,75.8,12.9,18.2,6.9,168.0,no_watering
Tomato,vegetative,21.6,100,sandy,48.9,37.4,32.7,44.6,11.6,9.7,2.2,30.0,water_later
Pepper,flowering,12.8,55,loam,82.3,14.2,31.1,44.4,7.3,13.8,2.4,68.0,no_watering
Potato,seedling,31.1,90,sandy,81.0,10.8,28.4,49.5,3.4,19.4,11.4,15.0,water_later
Potato,flowering,22.9,139,sandy,81.7,10.1,14.9,91.2,37.8,12.0,7.3,39.0,water_later
Tomato,vegetative,18.0,69,clay,49.9,29.4,21.0,43.5,65.8,3.3,11.1,14.0,water_later
Potato,vegetative,23.4,21,sandy,97.3,4.5,25.1,65.5,0.1,11.0,2.8,130.0,no_watering
Tomato,flowering,11.1,58,clay,68.9,10.2,26.9,42.6,71.1,20.8,12.0,15.0,water_later
Pepper,seedling,9.0,84,sandy,58.1,27.7,22.5,42.4,5.9,11.3,11.7,12.0,water_now
Potato,flowering,11.1,20,sandy,90.2,7.2,22.6,83.9,42.9,4.8,6.7,36.0,water_later
Tomato,flowering,16.3,56,clay,79.9,24.9,16.0,93.5,57.5,22.4,3.6,168.0,no_watering
Potato,vegetative,19.1,94,sandy,44.8,37.1,24.2,25.0,7.7,3.9,2.6,12.0,water_now
Tomato,flowering,13.6,32,sandy,72.1,18.6,19.7,94.7,73.2,20.3,9.0,14.0,water_later
Potato,fruiting,30.8,123,sandy,36.9,40.5,14.0,50.3,49.6,13.5,9.9,9.0,water_now
Pepper,seedling,14.7,142,clay,46.0,168.0,20.9,29.7,83.9,1.2,5.4,78.0,no_watering
Potato,fruiting,20.9,148,clay,57.1,50.2,17.9,74.0,52.9,14.4,6.8,62.0,no_watering
Pepper,flowering,5.5,101,loam,51.1,26.4,28.0,88.6,11.5,4.4,3.8,15.0,water_later
Pepper,seedling,10.9,41,sandy,55.1,68.9,17.6,78.7,59.6,22.8,3.3,168.0,no_watering
Potato,flowering,29.9,30,loam,78.1,15.5,14.5,59.1,51.7,7.2,5.9,155.0,no_watering
Potato,fruiting,19.9,77,clay,71.4,14.2,28.5,55.9,75.1,23.4,10.9,31.0,water_later
Pepper,flowering,9.9,23,loam,60.7,31.7,28.0,92.0,38.6,23.7,2.9,168.0,no_watering
Pepper,vegetative,12.2,24,sandy,64.5,41.8,24.5,67.8,51.7,22.0,5.2,168.0,no_watering
Pepper,flowering,8.9,66,sandy,93.1,2.6,29.1,61.5,1.3,11.0,3.5,36.0,water_later
Tomato,fruiting,18.1,87,loam,89.5,4.4,18.8,49.1,88.7,22.5,10.0,18.0,water_later
Potato,vegetative,26.7,142,clay,49.3,48.4,26.2,79.1,86.8,19.4,11.4,12.0,water_now
Tomato,flowering,14.2,117,sandy,90.4,12.9,24.2,37.9,41.2,12.6,2.7,78.0,no_watering
Pepper,seedling,9.0,81,sandy,60.2,50.3,18.0,46.3,65.2,0.0,5.4,37.0,water_later
Pepper,fruiting,13.9,136,sandy,97.0,2.7,19.5,70.7,6.6,22.8,2.5,55.0,no_watering
Potato,fruiting,17.4,133,clay,82.6,28.3,15.2,66.2,54.2,21.5,5.2,168.0,no_watering
Potato,fruiting,28.0,57,loam,37.9,124.4,12.5,59.9,74.8,19.7,2.4,168.0,no_watering
Pepper,seedling,15.9,133,loam,91.4,15.7,31.5,76.3,25.5,9.7,2.8,168.0,no_watering
Tomato,fruiting,11.8,106,loam,40.2,22.7,32.3,57.1,72.0,20.8,3.9,11.0,water_now
Pepper,flowering,15.7,46,clay,44.7,35.4,32.5,55.6,24.7,12.2,3.2,168.0,no_watering
Tomato,seedling,12.0,103,sandy,46.3,41.8,28.8,67.3,15.5,15.8,7.0,12.0,water_now
Tomato,vegetative,17.2,84,sandy,88.1,7.4,26.1,81.1,2.1,11.5,11.0,12.0,water_now
Tomato,vegetative,21.8,117,clay,52.8,96.4,17.6,73.7,37.8,23.1,4.9,168.0,no_watering
Tomato,flowering,21.3,45,loam,77.2,7.8,27.7,32.7,37.6,14.7,11.5,16.0,water_later
Potato,seedling,29.6,118,loam,63.6,82.3,18.8,82.3,60.1,11.3,5.1,86.0,no_watering
Pepper,flowering,14.0,53,loam,66.2,20.3,30.1,51.9,0.8,16.8,10.6,11.0,water_now
Pepper,vegetative,11.4,86,loam,39.6,65.8,21.5,86.6,48.4,12.4,11.3,11.0,water_now
Potato,fruiting,31.9,105,loam,45.8,88.9,20.0,45.9,32.6,1.0,4.8,14.0,water_later
Potato,vegetative,23.1,10,clay,69.2,55.3,21.1,79.9,72.0,3.5,4.3,168.0,no_watering
Pepper,vegetative,11.4,104,sandy,51.1,78.3,20.2,81.0,90.0,20.5,2.9,168.0,no_watering
Tomato,seedling,22.3,38,sandy,52.1,47.4,17.1,32.8,47.9,8.6,10.7,14.0,water_later
Pepper,flowering,6.5,91,loam,57.3,35.4,21.1,35.7,84.3,8.7,5.9,14.0,water_later
Potato,vegetative,17.0,138,clay,48.0,30.7,27.9,92.0,59.1,8.2,10.8,11.0,water_now
Pepper,fruiting,15.7,132,clay,70.3,17.5,20.2,94.1,48.3,16.6,10.1,59.0,no_watering
Pepper,vegetative,8.6,17,clay,74.0,14.8,29.3,88.3,74.0,18.4,8.9,168.0,no_watering
Pepper,fruiting,15.3,132,sandy,45.9,15.6,21.4,57.9,84.2,7.1,9.0,8.0,water_now
Potato,flowering,28.4,133,clay,66.3,33.4,20.2,66.3,4.4,20.3,3.9,84.0,no_watering
Tomato,fruiting,21.0,129,clay,75.3,7.9,26.5,29.1,75.3,4.7,9.9,17.0,water_later
Pepper,vegetative,6.1,41,clay,76.4,37.5,17.7,79.3,31.7,19.9,10.0,168.0,no_watering
Pepper,flowering,9.6,36,sandy,62.6,13.3,18.8,27.5,19.1,17.0,5.9,14.0,water_later
Potato,vegetative,16.3,3,sandy,78.8,9.8,24.4,51.8,4.8,12.4,5.2,107.0,no_watering
Potato,flowering,11.4,142,loam,53.4,64.1,16.7,36.2,4.4,7.0,3.4,38.0,water_later
Potato,vegetative,26.2,70,clay,73.0,41.9,16.2,37.9,12.6,6.7,2.5,168.0,no_watering
Tomato,seedling,8.4,105,sandy,71.2,33.8,26.8,57.8,21.7,23.2,3.0,168.0,no_watering
Pepper,fruiting,11.9,67,sandy,63.7,14.8,19.6,55.5,42.8,5.6,5.4,14.0,water_later
Pepper,seedling,8.2,37,loam,62.8,35.2,34.7,37.6,19.5,19.3,5.9,108.0,no_watering
Tomato,flowering,10.9,132,clay,57.5,32.5,28.4,83.3,74.7,5.6,11.6,13.0,water_later
Potato,seedling,19.6,133,loam,74.8,41.8,20.0,84.8,73.1,11.8,7.4,168.0,no_watering
Potato,seedling,28.3,17,sandy,64.2,61.7,22.3,67.3,88.8,8.7,2.4,168.0,no_watering
Potato,flowering,16.9,141,clay,46.7,84.6,23.4,31.1,16.8,4.4,4.9,25.0,water_later
Potato,fruiting,28.8,29,loam,35.3,54.0,24.3,47.8,22.6,5.4,2.9,13.0,water_later
Pepper,flowering,7.3,24,sandy,62.2,16.3,18.4,79.5,68.4,23.1,10.1,11.0,water_now
Potato,seedling,20.2,24,clay,60.9,101.2,14.6,89.4,45.8,21.2,11.6,168.0,no_watering
Pepper,flowering,12.4,3,loam,70.1,37.5,17.2,67.1,52.9,22.5,4.2,168.0,no_watering
Pepper,vegetative,12.0,132,loam,77.0,11.5,18.0,61.0,25.5,9.2,10.6,17.0,water_later
Tomato,fruiting,10.7,96,loam,50.7,14.7,27.5,92.5,19.8,17.8,8.5,9.0,water_now
Pepper,flowering,12.1,112,sandy,69.3,6.5,35.4,71.9,66.1,8.3,10.6,8.0,water_now
Pepper,fruiting,7.2,126,sandy,68.5,3.9,35.4,77.9,45.0,14.2,10.2,7.0,water_now
Pepper,flowering,15.0,137,clay,86.1,15.7,23.6,80.2,20.6,5.5,2.1,164.0,no_watering
Pepper,vegetative,7.0,24,sandy,76.4,18.6,32.7,76.6,87.4,3.2,7.2,16.0,water_later
Potato,flowering,17.4,35,loam,81.8,10.8,20.2,66.2,35.7,1.1,5.7,62.0,no_watering
Pepper,vegetative,15.3,118,clay,65.7,53.1,21.4,29.0,14.0,14.8,8.2,35.0,water_later
Tomato,seedling,17.9,23,clay,93.0,32.6,18.8,69.7,54.7,9.2,3.5,168.0,no_watering
Potato,flowering,22.5,89,clay,87.3,12.7,27.3,64.0,29.6,15.1,2.3,168.0,no_watering
Potato,fruiting,21.8,4,loam,67.4,29.2,15.6,94.9,85.6,11.0,4.9,168.0,no_watering
Pepper,flowering,9.4,123,loam,71.5,9.5,35.6,51.4,61.2,14.1,5.1,15.0,water_later
Tomato,fruiting,16.1,27,loam,36.1,18.5,31.7,77.0,70.8,10.7,11.1,10.0,water_now
Pepper,vegetative,9.1,110,sandy,94.4,4.4,26.9,84.5,14.3,6.1,4.1,57.0,no_watering
Potato,fruiting,30.3,70,clay,97.5,2.5,25.9,67.4,17.3,16.8,3.7,168.0,no_watering
Pepper,flowering,14.6,111,loam,58.0,19.4,35.5,54.1,7.8,1.2,3.1,15.0,water_later
Potato,fruiting,13.7,141,clay,68.8,14.7,25.8,52.0,55.4,4.2,9.4,33.0,water_later
Potato,flowering,29.6,78,clay,77.3,14.9,24.8,72.6,38.5,17.7,10.0,35.0,water_later
Tomato,vegetative,18.7,16,clay,49.8,53.1,20.2,84.5,22.3,0.7,11.8,32.0,water_later
Potato,vegetative,15.9,74,sandy,89.1,7.9,19.2,29.8,87.2,6.2,3.4,63.0,no_watering
Potato,seedling,12.0,75,loam,36.8,85.5,23.4,36.0,33.0,0.8,11.3,8.0,water_now
Tomato,vegetative,17.3,103,loam,50.8,21.2,21.9,40.1,61.1,7.3,11.3,11.0,water_now
Potato,vegetative,11.8,6,loam,73.7,26.8,20.2,37.9,10.1,15.6,3.2,159.0,no_watering
Tomato,vegetative,9.6,2,clay,93.8,4.7,29.7,59.0,0.5,2.6,5.2,168.0,no_watering
Potato,seedling,30.9,127,sandy,48.8,35.1,18.4,49.0,47.7,6.4,11.6,10.0,water_now
Potato,fruiting,12.5,70,clay,54.8,41.3,27.5,46.9,56.4,22.4,9.2,14.0,water_later
Potato,fruiting,10.2,93,loam,37.2,113.7,20.2,62.3,59.1,18.3,3.9,168.0,no_watering
Tomato,vegetative,12.5,102,sandy,48.3,37.1,28.6,69.9,2.3,21.5,3.8,13.0,water_later
Potato,vegetative,13.9,68,loam,82.8,26.6,23.9,63.2,14.4,3.7,3.4,87.0,no_watering
Tomato,vegetative,9.4,135,sandy,82.2,9.0,17.1,55.6,19.4,22.3,7.6,16.0,water_later
Potato,seedling,12.2,70,loam,42.3,66.8,24.9,53.1,74.6,13.4,7.1,14.0,water_later
Tomato,seedling,10.9,35,sandy,51.7,69.2,16.8,38.2,1.4,4.3,6.0,36.0,water_later
Potato,flowering,11.8,101,sandy,76.6,14.4,23.7,90.2,32.5,4.9,5.4,15.0,water_later
Potato,flowering,27.1,75,sandy,86.7,6.8,13.0,49.0,14.7,7.3,6.5,24.0,water_later
Pepper,fruiting,5.7,84,sandy,74.6,4.7,31.4,60.3,65.3,24.9,6.4,10.0,water_now
Pepper,fruiting,8.0,2,loam,50.1,11.7,21.2,27.8,44.8,4.1,11.3,12.0,water_now
Pepper,fruiting,7.7,36,clay,42.7,20.8,30.2,63.4,1.0,2.7,7.6,12.0,water_now
Tomato,seedling,21.2,93,sandy,59.9,119.1,19.9,54.9,3.6,0.7,4.0,55.0,no_watering
Tomato,fruiting,13.0,108,loam,52.8,17.4,16.3,57.8,41.5,16.7,9.1,11.0,water_now
Potato,flowering,30.7,14,sandy,71.1,6.1,26.6,64.7,80.5,19.6,11.1,12.0,water_now
Tomato,fruiting,19.8,98,sandy,79.5,6.6,26.5,46.6,10.8,1.6,5.0,13.0,water_later
Tomato,flowering,21.1,11,loam,61.1,18.7,21.4,53.5,77.4,3.2,10.0,32.0,water_later
Pepper,seedling,6.1,135,loam,62.4,45.5,15.8,35.7,78.3,11.7,2.9,168.0,no_watering
Tomato,vegetative,22.1,76,sandy,99.0,0.7,27.6,63.9,14.6,11.5,4.5,37.0,water_later
Pepper,vegetative,13.0,79,sandy,76.9,12.3,16.2,89.2,50.0,19.6,8.4,55.0,no_watering
Potato,fruiting,13.8,51,sandy,96.7,1.1,19.8,37.0,42.5,17.1,8.1,16.0,water_later
Tomato,flowering,8.5,120,sandy,78.3,4.9,30.5,42.0,27.8,9.6,7.0,11.0,water_now
Pepper,flowering,6.5,52,loam,82.0,10.0,24.6,66.0,63.9,15.1,4.3,168.0,no_watering
Potato,fruiting,24.6,128,sandy,51.2,32.2,18.9,80.2,80.5,23.5,3.6,14.0,water_later
Tomato,seedling,21.6,20,loam,38.8,105.0,22.8,38.6,33.7,17.2,4.7,168.0,no_watering
Potato,flowering,13.9,133,clay,91.5,7.9,26.9,39.8,17.5,11.5,3.7,154.0,no_watering
Pepper,flowering,9.0,130,loam,77.4,8.2,31.8,33.2,84.1,2.1,11.1,10.0,water_now
Pepper,flowering,7.9,122,loam,66.1,21.6,27.1,45.5,56.9,13.3,7.7,35.0,water_later
Tomato,flowering,14.1,61,sandy,75.6,14.3,24.6,87.9,67.7,16.0,2.7,168.0,no_watering
Pepper,fruiting,8.2,49,loam,46.3,11.6,27.3,86.5,58.7,15.5,11.9,8.0,water_now
Pepper,flowering,13.4,18,loam,35.1,46.8,27.0,33.3,33.2,23.6,4.4,11.0,water_now
Potato,vegetative,28.8,70,sandy,93.3,2.9,20.2,64.8,80.0,4.3,11.2,14.0,water_later
Potato,vegetative,31.9,36,loam,61.3,47.8,12.4,60.2,43.1,16.0,3.4,168.0,no_watering
Pepper,vegetative,8.4,64,clay,94.9,3.6,30.6,94.1,66.3,14.8,8.4,87.0,no_watering
Potato,seedling,18.3,132,loam,64.0,58.2,26.7,68.9,13.2,21.5,4.4,83.0,no_watering
Potato,fruiting,23.1,53,loam,62.6,26.5,23.9,27.6,0.8,2.7,5.4,35.0,water_later
Pepper,seedling,6.5,147,sandy,94.1,5.4,35.8,30.7,14.9,23.2,2.4,168.0,no_watering
Potato,fruiting,27.4,59,sandy,43.7,57.0,28.4,60.8,7.2,18.7,4.3,11.0,water_now
Potato,flowering,13.1,113,clay,59.7,35.5,12.6,57.3,40.7,21.9,6.0,168.0,no_watering
Tomato,seedling,18.4,34,sandy,51.7,62.3,20.4,44.5,44.0,6.2,4.7,168.0,no_watering
Potato,fruiting,11.5,106,loam,80.8,11.5,28.7,65.5,54.0,11.4,3.7,135.0,no_watering
Potato,fruiting,25.3,35,clay,84.7,25.7,15.6,77.7,30.6,12.5,6.9,168.0,no_watering
Pepper,vegetative,9.3,91,loam,41.5,28.4,24.1,57.8,65.7,13.4,9.2,13.0,water_later
Tomato,flowering,21.1,131,loam,98.3,1.2,19.4,28.9,47.8,19.2,4.4,134.0,no_watering
Pepper,fruiting,9.7,59,loam,55.0,28.7,15.3,68.2,81.6,8.2,4.1,156.0,no_watering
Tomato,seedling,8.9,43,loam,43.9,96.3,24.5,34.1,9.3,0.6,3.7,59.0,no_watering
Tomato,flowering,13.5,56,sandy,74.4,8.6,20.6,60.1,30.3,20.0,11.8,10.0,water_now
Tomato,fruiting,20.4,138,clay,88.5,6.0,29.5,91.2,83.4,19.3,5.3,168.0,no_watering
Pepper,vegetative,10.3,24,clay,82.2,7.7,33.1,64.2,6.8,4.3,9.5,56.0,no_watering
Potato,flowering,19.2,127,loam,77.9,18.4,25.5,84.2,76.7,14.7,2.5,168.0,no_watering
Tomato,flowering,17.0,38,clay,45.5,46.9,29.5,94.4,78.6,23.8,5.3,168.0,no_watering
Potato,seedling,13.1,40,sandy,37.5,114.9,25.9,71.5,8.1,14.3,5.4,12.0,water_now
Tomato,flowering,10.3,11,clay,49.4,20.7,25.7,47.4,89.4,16.9,10.9,168.0,no_watering
Pepper,fruiting,12.8,25,clay,55.3,30.4,22.0,68.1,24.4,12.8,6.2,38.0,water_later
Tomato,fruiting,20.6,29,loam,69.3,26.8,18.9,87.0,13.0,4.5,2.8,123.0,no_watering
Pepper,vegetative,12.2,120,sandy,97.0,1.7,29.5,27.9,72.5,1.2,3.0,55.0,no_watering
Tomato,vegetative,9.0,120,sandy,77.3,14.6,30.5,45.4,38.7,16.6,2.9,112.0,no_watering
Tomato,vegetative,9.4,36,sandy,45.3,72.0,24.0,63.7,37.4,18.1,2.5,168.0,no_watering
Pepper,fruiting,15.3,54,loam,57.2,11.2,31.4,56.8,26.9,15.4,10.5,9.0,water_now
Tomato,flowering,22.4,111,sandy,80.2,6.9,24.6,67.9,10.0,22.5,10.1,10.0,water_now
Pepper,vegetative,11.3,38,sandy,75.2,31.7,22.8,41.5,58.8,22.0,2.5,168.0,no_watering
Pepper,seedling,8.4,38,sandy,36.9,74.5,28.8,47.0,38.9,20.0,9.5,9.0,water_now
Tomato,fruiting,15.0,76,loam,83.5,4.8,28.6,47.4,39.3,2.7,12.0,11.0,water_now
Pepper,flowering,11.2,9,clay,64.5,25.1,20.1,94.2,52.5,1.3,8.6,82.0,no_watering
Pepper,fruiting,15.1,31,loam,83.1,11.2,22.2,71.7,41.6,2.8,3.6,110.0,no_watering
Potato,vegetative,21.8,108,clay,40.5,45.6,21.0,78.7,85.8,7.5,8.0,14.0,water_later
Pepper,seedling,9.2,125,clay,80.9,45.7,30.2,68.7,35.4,25.0,2.7,168.0,no_watering
Pepper,flowering,13.4,131,loam,51.8,92.1,18.0,82.7,88.0,22.0,2.1,168.0,no_watering
Potato,fruiting,20.9,114,clay,86.2,7.5,18.2,42.9,53.9,8.7,10.9,59.0,no_watering
Tomato,flowering,14.0,114,loam,84.0,5.8,32.8,77.4,85.8,22.6,8.2,14.0,water_later
Tomato,seedling,8.9,74,sandy,93.5,5.2,28.1,71.6,24.3,21.3,6.6,105.0,no_watering
Potato,vegetative,12.3,103,clay,66.7,106.8,13.7,71.5,7.9,22.1,2.1,168.0,no_watering
Pepper,flowering,14.3,130,clay,67.7,24.9,25.2,45.2,68.4,18.9,3.8,168.0,no_watering
Potato,flowering,30.2,11,clay,92.5,4.4,28.3,72.6,32.3,11.7,6.2,168.0,no_watering
Pepper,flowering,14.2,147,clay,71.4,13.5,29.2,30.7,50.9,10.5,6.2,40.0,water_later
Tomato,fruiting,12.0,129,clay,55.4,16.6,27.1,48.9,6.5,5.2,10.8,11.0,water_now
Pepper,vegetative,7.1,11,loam,44.7,56.8,20.5,51.0,11.6,23.7,2.7,62.0,no_watering
Potato,fruiting,29.9,87,clay,89.6,10.2,19.7,76.7,49.8,13.1,5.1,120.0,no_watering
Potato,fruiting,26.3,39,loam,57.6,40.1,13.4,54.7,18.4,14.3,4.2,59.0,no_watering
Tomato,vegetative,20.2,20,sandy,43.7,22.1,30.5,76.2,25.3,14.7,6.2,11.0,water_now
Tomato,seedling,15.8,37,clay,72.1,46.7,18.9,32.6,89.7,16.3,8.1,168.0,no_watering
Potato,flowering,24.7,29,sandy,44.7,65.5,15.8,52.2,37.5,5.2,6.2,11.0,water_now
Pepper,fruiting,10.0,1,loam,74.5,14.3,23.2,76.2,26.8,0.2,3.7,121.0,no_watering
Tomato,vegetative,21.7,67,clay,43.3,133.0,18.0,39.2,77.8,24.7,4.2,168.0,no_watering
Potato,flowering,12.8,113,clay,40.3,29.7,24.3,80.1,1.2,6.1,10.4,9.0,water_now
Tomato,fruiting,21.7,99,loam,78.3,9.0,27.8,75.4,50.6,5.0,5.3,33.0,water_later
Potato,seedling,25.6,5,loam,40.1,112.8,13.6,90.1,84.5,15.9,7.0,168.0,no_watering
Pepper,fruiting,7.5,24,sandy,46.4,14.6,28.7,90.7,85.6,8.2,5.0,40.0,water_later
Pepper,flowering,5.1,42,clay,81.6,9.8,19.2,72.9,89.4,20.8,8.1,168.0,no_watering
Pepper,vegetative,8.8,52,clay,48.1,84.9,29.5,71.6,76.1,11.2,3.1,168.0,no_watering
Pepper,fruiting,10.0,56,clay,87.4,20.4,17.1,69.2,45.1,13.9,2.5,168.0,no_watering
Tomato,vegetative,19.2,90,loam,90.5,6.0,29.7,48.1,45.0,4.0,4.8,60.0,no_watering
Potato,vegetative,21.2,70,sandy,39.8,25.0,27.3,88.7,44.7,6.7,11.1,6.0,water_now
Tomato,fruiting,19.6,25,clay,57.5,23.1,22.8,49.6,12.0,23.7,6.1,39.0,water_later
Pepper,seedling,14.2,143,sandy,71.6,19.4,28.8,71.0,50.6,14.0,9.1,17.0,water_later
Potato,flowering,14.2,148,loam,55.8,15.4,26.5,82.0,77.7,1.9,9.4,12.0,water_now
Tomato,fruiting,13.5,127,clay,94.5,2.0,21.5,79.4,62.8,14.9,11.6,34.0,water_later
Pepper,fruiting,10.7,113,loam,98.2,0.6,18.0,39.6,68.1,9.6,9.0,31.0,water_later
Tomato,flowering,9.4,62,loam,71.5,11.7,27.1,27.1,63.5,12.3,5.8,36.0,water_later
Pepper,vegetative,5.0,141,clay,95.2,5.0,17.9,88.2,9.0,1.7,11.0,41.0,water_later
Potato,fruiting,18.7,34,sandy,96.4,1.7,20.1,93.5,69.7,12.6,6.4,108.0,no_watering
Pepper,flowering,9.6,128,loam,80.3,13.2,15.0,69.8,44.1,7.2,7.8,34.0,water_later
Tomato,fruiting,15.8,38,sandy,48.1,27.9,15.6,43.2,53.7,14.8,10.2,15.0,water_later
Pepper,flowering,15.9,113,clay,97.8,0.9,33.8,70.8,46.6,12.6,7.0,60.0,no_watering
Tomato,seedling,21.6,132,sandy,73.3,57.8,21.3,93.7,11.5,6.8,3.4,89.0,no_watering
Potato,seedling,25.1,124,loam,90.2,22.3,21.6,61.1,54.8,11.7,5.1,168.0,no_watering
Tomato,seedling,8.4,76,loam,95.1,5.2,32.4,72.0,28.8,9.8,11.7,42.0,water_later
Potato,vegetative,23.9,95,sandy,84.0,4.5,24.4,44.8,2.9,15.1,10.4,11.0,water_now
Tomato,seedling,17.2,143,sandy,69.0,67.9,21.0,65.3,31.5,3.1,7.0,36.0,water_later
Potato,flowering,24.4,30,clay,40.6,60.8,24.1,50.1,31.8,7.5,2.7,43.0,water_later
Tomato,flowering,10.7,123,clay,71.7,20.8,26.0,29.4,3.3,17.1,3.8,65.0,no_watering
Tomato,vegetative,16.9,95,loam,60.3,35.9,28.5,72.6,74.8,21.0,11.9,14.0,water_later
Potato,flowering,29.7,85,sandy,89.0,2.8,26.2,87.6,73.6,11.8,9.8,13.0,water_later
Potato,fruiting,16.3,25,sandy,41.5,50.8,23.4,70.7,68.1,16.6,2.2,168.0,no_watering
Potato,fruiting,25.5,52,sandy,45.8,41.8,15.1,77.6,27.8,2.0,4.4,13.0,water_later
Tomato,vegetative,11.6,67,loam,62.0,20.5,31.5,30.4,75.8,12.3,6.7,35.0,water_later
Tomato,vegetative,20.2,66,loam,98.1,1.9,31.6,29.1,3.0,12.6,3.6,99.0,no_watering
Tomato,vegetative,18.9,130,loam,66.8,63.2,15.2,54.2,15.3,19.0,5.8,40.0,water_later
Potato,vegetative,18.3,62,loam,95.0,6.4,17.8,86.6,85.3,17.5,2.6,168.0,no_watering
Potato,flowering,17.0,142,loam,81.7,11.5,19.7,78.6,46.6,3.7,5.6,60.0,no_watering
Pepper,vegetative,12.9,55,sandy,38.2,21.7,28.7,91.4,9.4,23.1,7.7,8.0,water_now
Tomato,flowering,19.8,64,sandy,91.2,5.5,24.1,42.5,66.2,12.4,4.3,81.0,no_watering
Potato,flowering,11.3,76,clay,35.6,31.3,19.0,85.6,18.9,1.7,11.9,7.0,water_now
Tomato,flowering,14.9,138,loam,68.1,29.5,28.3,37.4,26.9,18.6,6.8,14.0,water_later
Pepper,vegetative,12.6,54,clay,50.9,26.2,32.9,79.4,25.1,8.0,7.8,16.0,water_later
Pepper,seedling,8.5,29,clay,69.5,67.3,33.5,48.6,49.0,20.6,6.7,168.0,no_watering
Tomato,flowering,23.9,101,clay,59.5,25.7,29.0,88.6,69.6,17.9,6.6,168.0,no_watering
Potato,fruiting,22.8,149,sandy,82.0,7.7,19.9,76.5,56.9,0.6,6.8,15.0,water_later
Potato,flowering,24.3,15,sandy,91.6,4.6,16.7,64.2,89.2,4.7,6.4,84.0,no_watering
Potato,vegetative,13.9,105,sandy,81.3,5.7,21.7,44.6,12.6,18.8,9.7,12.0,water_now
Pepper,vegetative,8.8,55,loam,94.2,3.2,29.4,42.5,5.8,13.5,9.3,35.0,water_later
Pepper,vegetative,5.9,137,sandy,61.2,25.0,31.1,28.6,45.5,10.8,4.3,15.0,water_later
Pepper,flowering,14.6,15,loam,84.1,12.3,15.2,93.9,74.5,12.6,7.8,168.0,no_watering
Pepper,vegetative,6.0,61,sandy,69.1,16.6,18.1,76.7,48.3,9.6,5.7,25.0,water_later
Tomato,flowering,15.0,86,sandy,96.3,2.0,16.0,72.6,76.6,13.6,10.2,13.0,water_later
Potato,flowering,18.7,127,sandy,40.1,32.0,27.9,71.5,26.4,1.0,5.9,9.0,water_now
Tomato,fruiting,23.5,8,loam,48.5,48.0,17.9,78.9,74.3,7.1,4.4,168.0,no_watering
Potato,fruiting,16.2,128,clay,50.6,30.5,13.4,31.3,61.2,5.7,10.1,14.0,water_later
Tomato,seedling,14.2,55,sandy,83.9,26.7,19.5,51.3,28.6,1.8,3.8,157.0,no_watering
Tomato,flowering,15.3,114,clay,45.6,40.6,32.4,84.7,9.4,0.0,5.8,14.0,water_later
Potato,fruiting,11.8,28,clay,37.8,53.7,18.5,93.8,35.1,0.2,6.1,15.0,water_later
Potato,seedling,24.0,136,clay,68.2,73.7,19.5,67.9,64.7,22.3,5.4,168.0,no_watering
Pepper,flowering,5.8,131,loam,70.4,14.7,15.5,52.2,19.9,20.7,6.9,81.0,no_watering
Tomato,fruiting,13.6,52,clay,93.3,3.5,31.6,88.8,66.8,21.2,4.7,168.0,no_watering
Pepper,seedling,13.8,26,clay,46.1,104.8,28.5,26.1,59.5,0.6,6.6,67.0,no_watering
Potato,seedling,28.5,116,sandy,50.2,45.9,19.4,31.6,45.0,2.0,7.4,14.0,water_later
Potato,flowering,17.9,44,clay,87.0,6.7,24.5,29.6,68.3,4.4,7.6,64.0,no_watering
Tomato,seedling,13.7,126,loam,100.0,0.1,27.4,28.3,78.6,13.7,7.9,168.0,no_watering
Tomato,fruiting,17.7,148,loam,84.4,5.5,18.2,92.5,12.2,18.7,10.5,15.0,water_later
Tomato,vegetative,22.2,111,sandy,79.7,9.2,20.6,28.8,15.2,6.3,10.2,12.0,water_now
Tomato,vegetative,17.0,72,clay,94.3,7.8,24.6,44.7,35.4,6.4,2.5,168.0,no_watering
Potato,flowering,13.4,78,sandy,36.2,16.5,24.4,78.0,57.7,20.5,9.4,7.0,water_now
Potato,fruiting,24.4,9,sandy,55.8,38.4,26.1,66.4,74.7,23.4,2.5,58.0,no_watering
Pepper,seedling,8.7,16,loam,94.2,10.0,15.6,47.0,55.3,12.1,7.6,168.0,no_watering
Pepper,fruiting,11.3,2,loam,43.1,35.8,19.9,32.5,18.0,6.4,2.7,38.0,water_later
Potato,flowering,30.1,42,loam,84.0,8.2,21.0,48.1,34.1,9.4,11.3,29.0,water_later
Pepper,vegetative,7.4,23,loam,92.3,8.3,22.9,29.1,50.2,13.6,4.9,168.0,no_watering
Pepper,vegetative,10.5,1,clay,69.7,44.3,18.2,83.8,19.4,6.2,3.3,168.0,no_watering
Tomato,fruiting,8.3,137,loam,98.3,1.5,22.5,79.2,37.7,7.2,5.3,60.0,no_watering
Tomato,vegetative,18.7,125,loam,39.5,87.9,16.9,38.7,49.8,6.2,6.7,11.0,water_now
Pepper,fruiting,14.8,32,clay,50.0,33.3,18.3,83.1,56.2,24.5,11.5,14.0,water_later
Potato,flowering,13.0,90,loam,77.5,34.4,23.9,84.4,50.3,11.7,2.4,168.0,no_watering
Pepper,seedling,6.0,41,loam,81.8,21.9,20.3,81.7,44.0,16.8,6.9,168.0,no_watering
Pepper,fruiting,5.4,90,loam,98.9,0.6,31.0,91.7,32.8,19.8,2.4,168.0,no_watering
Pepper,fruiting,15.4,38,sandy,37.0,13.3,19.9,51.9,30.9,5.1,9.8,7.0,water_now
Pepper,seedling,15.1,132,clay,42.1,148.2,25.9,77.2,38.6,16.0,4.9,168.0,no_watering
Tomato,seedling,15.6,68,clay,79.5,45.8,28.6,36.3,40.9,1.7,3.0,168.0,no_watering
Pepper,seedling,9.3,40,sandy,55.0,58.3,25.6,37.7,77.3,11.0,6.1,168.0,no_watering
Potato,fruiting,19.9,124,clay,87.6,17.1,27.5,90.9,49.8,3.6,5.9,90.0,no_watering
Potato,seedling,13.7,25,loam,69.7,36.0,20.3,64.4,52.0,16.8,8.4,168.0,no_watering
Potato,fruiting,10.6,131,clay,79.0,10.7,21.0,32.0,17.4,17.8,9.0,40.0,water_later
Potato,flowering,14.7,4,loam,58.9,15.2,27.3,39.2,73.9,10.9,7.3,87.0,no_watering
Pepper,flowering,11.0,41,sandy,35.1,9.8,34.4,31.7,70.6,9.2,9.5,8.0,water_now
Tomato,vegetative,20.4,148,sandy,98.0,0.8,33.9,28.6,43.8,14.6,6.2,38.0,water_later
Potato,vegetative,13.9,31,sandy,86.5,8.3,21.6,71.3,24.1,24.9,5.3,108.0,no_watering
Pepper,vegetative,14.9,62,clay,73.8,34.3,22.9,80.8,56.8,21.9,8.4,168.0,no_watering
Pepper,flowering,10.6,100,clay,96.1,2.3,32.6,83.5,81.9,22.8,9.0,34.0,water_later
Potato,flowering,14.1,104,sandy,81.4,7.5,22.0,73.7,44.6,3.0,5.5,27.0,water_later
Tomato,fruiting,8.0,138,loam,80.5,9.7,27.1,58.3,31.5,23.9,11.3,11.0,water_now
Tomato,flowering,9.9,116,loam,67.1,23.1,32.1,53.6,0.1,2.8,6.0,14.0,water_later
Pepper,fruiting,6.1,104,loam,61.7,29.9,24.0,76.9,14.2,18.0,5.3,15.0,water_later
Tomato,flowering,11.4,129,loam,61.5,21.8,25.4,32.0,76.3,11.0,11.1,13.0,water_later
Potato,flowering,16.9,47,sandy,50.1,12.9,28.2,52.7,37.9,22.1,11.8,7.0,water_now
Pepper,fruiting,5.6,31,clay,68.3,25.0,20.9,81.5,55.8,9.8,11.9,63.0,no_watering
Tomato,flowering,19.4,5,sandy,60.5,12.7,28.4,27.3,56.1,24.8,10.1,11.0,water_now
Tomato,vegetative,10.5,145,loam,63.1,15.3,29.6,28.9,25.8,0.1,10.1,11.0,water_now
Potato,vegetative,16.1,50,clay,61.8,38.2,22.7,70.6,63.1,23.6,8.9,58.0,no_watering
Potato,fruiting,30.1,78,sandy,92.8,3.5,19.9,71.6,85.8,11.3,5.7,88.0,no_watering
Tomato,vegetative,14.1,54,clay,94.3,4.0,30.3,85.0,74.9,3.3,9.6,62.0,no_watering
Pepper,seedling,5.3,143,sandy,98.8,0.9,15.2,76.5,56.1,9.3,8.7,128.0,no_watering
Pepper,fruiting,14.8,125,clay,57.3,16.4,20.6,31.5,87.1,13.7,9.7,15.0,water_later
Potato,vegetative,30.5,6,loam,60.9,49.9,17.4,52.8,58.3,8.4,3.5,168.0,no_watering
Tomato,flowering,9.4,88,loam,64.0,22.3,30.2,91.6,42.7,13.0,10.7,10.0,water_now
Pepper,vegetative,5.7,50,loam,84.7,7.5,35.6,56.8,58.2,16.7,4.0,111.0,no_watering
Pepper,fruiting,12.6,12,loam,40.8,30.1,17.4,90.7,13.4,17.5,6.2,13.0,water_later
Pepper,flowering,7.7,101,loam,52.0,29.3,32.1,33.9,8.5,24.7,8.8,9.0,water_now
Pepper,seedling,6.8,145,clay,52.7,56.7,30.1,30.1,22.6,11.2,7.6,38.0,water_later
Pepper,seedling,13.9,3,sandy,95.2,8.9,33.8,61.1,76.7,8.1,6.9,168.0,no_watering
Potato,seedling,17.3,43,sandy,42.8,138.0,23.1,94.2,75.5,8.5,2.4,168.0,no_watering
Potato,seedling,25.3,78,loam,81.2,14.0,27.2,48.7,74.1,10.8,11.8,34.0,water_later
Potato,seedling,24.0,46,clay,41.3,73.1,28.3,79.5,2.0,3.4,12.0,15.0,water_later
Tomato,vegetative,22.6,18,loam,88.9,7.4,31.7,88.4,63.5,18.1,11.6,92.0,no_watering
Potato,vegetative,18.7,40,clay,75.4,17.5,14.7,57.0,81.1,18.1,10.1,161.0,no_watering
Tomato,vegetative,14.2,56,loam,40.1,35.2,31.4,35.4,87.2,8.8,4.4,12.0,water_now
Tomato,fruiting,14.3,86,sandy,41.3,24.6,24.3,85.2,31.1,1.4,7.1,8.0,water_now
Potato,fruiting,16.4,84,clay,60.1,59.5,13.7,43.9,29.1,19.9,2.4,168.0,no_watering
Tomato,vegetative,8.4,58,clay,98.6,0.5,33.9,94.5,8.5,4.7,10.9,37.0,water_later
Tomato,flowering,21.0,2,sandy,70.4,10.4,32.7,50.4,29.1,12.6,4.5,63.0,no_watering
Tomato,flowering,22.2,101,loam,88.0,8.8,15.7,40.3,42.6,13.3,4.7,111.0,no_watering
Potato,seedling,23.0,137,sandy,74.9,50.3,12.3,67.8,37.3,3.6,5.7,63.0,no_watering
Pepper,vegetative,6.5,19,sandy,65.6,9.7,23.7,41.5,18.5,18.5,10.1,13.0,water_later
Pepper,flowering,12.0,117,sandy,96.8,0.8,24.9,64.3,74.0,21.1,9.5,15.0,water_later
Potato,seedling,11.9,130,clay,62.3,60.7,19.7,30.6,1.6,18.7,11.7,38.0,water_later
Potato,flowering,15.9,37,clay,41.2,90.8,15.8,50.5,6.6,18.6,4.1,35.0,water_later
Tomato,seedling,21.2,133,clay,65.5,69.3,23.2,71.4,38.0,12.2,6.3,168.0,no_watering
Pepper,fruiting,10.3,44,clay,41.3,19.8,28.3,77.6,49.6,12.7,9.1,10.0,water_now
Potato,fruiting,28.6,118,loam,70.5,30.1,14.9,26.2,67.8,16.1,2.8,168.0,no_watering
Potato,flowering,13.1,132,loam,43.4,41.8,17.5,66.4,44.3,11.3,11.4,12.0,water_now
Pepper,fruiting,7.8,52,clay,41.9,41.4,24.4,48.7,8.4,23.4,3.6,16.0,water_later
Potato,flowering,19.5,80,loam,50.0,48.0,12.6,74.8,48.8,12.6,3.9,36.0,water_later
Tomato,seedling,20.1,116,clay,79.7,32.8,30.1,45.0,22.2,16.6,5.3,168.0,no_watering
Potato,flowering,19.8,27,sandy,96.9,1.1,20.1,86.6,30.6,3.3,7.8,37.0,water_later
Tomato,vegetative,23.9,71,clay,62.3,36.0,32.7,46.7,85.5,10.3,2.8,168.0,no_watering
Potato,fruiting,21.6,62,loam,68.6,21.1,25.5,61.4,82.8,21.8,9.6,15.0,water_later
Potato,flowering,23.6,18,clay,73.1,13.4,16.9,69.6,50.4,18.7,11.8,113.0,no_watering
Tomato,flowering,23.4,60,clay,67.1,33.7,16.0,68.3,17.7,22.9,6.6,83.0,no_watering
Pepper,flowering,8.2,72,clay,79.1,13.0,35.2,91.1,56.4,3.8,10.8,15.0,water_later
Tomato,seedling,8.7,122,loam,41.3,81.0,28.6,33.6,60.1,14.9,9.9,17.0,water_later
Tomato,flowering,9.4,60,sandy,91.4,4.6,24.3,66.0,8.8,17.4,3.1,39.0,water_later
Tomato,seedling,8.0,99,sandy,66.4,37.7,20.0,90.8,43.5,16.8,7.1,168.0,no_watering
Pepper,fruiting,9.7,52,sandy,68.6,7.3,29.8,34.0,41.1,14.7,5.0,12.0,water_now
Potato,flowering,11.4,141,sandy,84.3,9.9,23.1,85.5,41.7,16.9,4.6,37.0,water_later
Pepper,fruiting,9.9,72,loam,60.2,13.3,20.3,75.6,4.3,16.6,10.2,10.0,water_now
Pepper,fruiting,11.6,130,clay,75.9,12.5,20.4,57.9,2.7,19.7,6.8,37.0,water_later
Potato,seedling,20.6,125,clay,98.7,1.9,16.5,52.6,24.6,3.8,10.9,131.0,no_watering
Potato,seedling,20.1,121,loam,58.9,43.6,24.8,36.9,70.4,18.4,9.7,168.0,no_watering
Tomato,flowering,20.1,49,sandy,59.2,10.7,22.4,94.2,40.1,18.4,11.2,9.0,water_now
Pepper,vegetative,8.5,78,clay,83.5,15.3,15.2,92.9,20.2,14.9,9.6,66.0,no_watering
Pepper,fruiting,7.9,39,clay,39.7,19.9,30.2,77.4,62.8,19.7,11.7,8.0,water_now
Potato,fruiting,24.7,105,loam,90.9,9.8,16.0,79.0,23.0,14.5,5.9,62.0,no_watering
Tomato,flowering,9.0,59,sandy,61.1,17.8,26.5,48.6,35.1,17.8,10.9,8.0,water_now
Tomato,flowering,18.9,9,clay,91.6,5.0,22.4,29.0,27.0,22.7,7.1,168.0,no_watering
Tomato,vegetative,19.9,112,clay,91.8,6.0,21.9,85.4,89.4,15.8,9.5,168.0,no_watering
Pepper,flowering,15.2,82,loam,87.1,8.7,25.1,69.0,39.7,11.7,3.6,61.0,no_watering
Pepper,flowering,8.3,138,sandy,40.8,28.7,27.4,75.0,34.6,19.1,2.4,11.0,water_now
Tomato,flowering,12.7,37,clay,35.6,55.8,25.4,93.2,69.8,20.6,11.4,15.0,water_later
Tomato,fruiting,16.1,82,sandy,45.2,23.7,18.7,82.1,48.2,1.9,6.2,10.0,water_now
Pepper,seedling,12.6,10,clay,46.2,80.3,30.6,94.4,53.1,19.9,7.3,168.0,no_watering
Tomato,fruiting,15.0,54,sandy,45.2,9.1,33.8,50.5,11.7,13.7,7.6,8.0,water_now
Pepper,seedling,14.6,130,sandy,44.8,29.0,33.9,38.6,16.0,23.2,9.8,9.0,water_now
Tomato,flowering,23.2,53,clay,41.8,30.8,25.3,55.7,81.5,16.2,8.1,11.0,water_now
Pepper,vegetative,9.5,6,clay,61.8,35.1,28.9,84.5,61.6,22.4,7.0,168.0,no_watering
Tomato,seedling,22.8,140,clay,79.5,55.4,17.3,63.5,43.2,10.1,5.5,168.0,no_watering
Pepper,seedling,13.2,135,sandy,69.4,56.6,22.1,32.8,50.0,17.0,2.1,168.0,no_watering
Pepper,fruiting,13.8,109,clay,48.8,44.0,20.5,60.0,85.9,9.4,2.8,168.0,no_watering
Pepper,flowering,9.3,86,loam,88.1,12.2,21.9,90.5,87.7,5.0,4.3,133.0,no_watering
Potato,vegetative,13.4,12,sandy,46.1,13.4,26.7,73.5,0.0,5.5,11.2,9.0,water_now
Tomato,fruiting,11.9,136,loam,42.5,24.2,33.8,28.5,0.4,11.8,11.6,6.0,water_now
Pepper,seedling,11.9,88,loam,73.7,39.1,33.2,69.9,40.6,24.4,6.3,59.0,no_watering
Pepper,seedling,11.3,45,sandy,74.4,23.5,30.8,90.5,87.9,5.8,7.8,37.0,water_later
Pepper,vegetative,11.8,102,clay,87.4,8.0,28.6,61.9,31.2,16.4,7.2,58.0,no_watering
Pepper,seedling,7.7,59,clay,52.1,84.5,31.8,67.8,82.7,6.1,4.5,168.0,no_watering
Pepper,vegetative,8.7,34,sandy,63.5,44.6,20.3,58.4,24.7,11.4,4.8,57.0,no_watering
Pepper,seedling,13.6,56,clay,71.6,36.4,34.3,30.7,53.3,16.7,7.5,168.0,no_watering
Tomato,vegetative,19.7,48,loam,94.7,1.9,30.5,27.8,31.6,2.8,9.8,35.0,water_later
Pepper,flowering,11.1,28,loam,72.2,17.6,21.0,47.6,36.8,21.5,7.7,161.0,no_watering
Pepper,seedling,15.8,31,loam,94.2,8.4,19.0,41.4,79.0,4.9,11.4,168.0,no_watering
Pepper,fruiting,8.5,109,sandy,72.1,5.2,34.0,66.0,10.8,10.1,7.4,10.0,water_now
Potato,fruiting,22.3,105,clay,77.4,29.3,25.0,47.8,42.8,4.8,6.7,61.0,no_watering
Pepper,vegetative,5.5,66,clay,87.8,8.5,34.6,56.9,34.6,0.7,7.8,38.0,water_later
Potato,fruiting,21.1,44,sandy,92.2,6.1,17.5,48.4,89.6,16.5,2.1,168.0,no_watering
Potato,vegetative,23.2,13,clay,99.3,1.1,14.7,67.7,83.6,15.3,11.7,168.0,no_watering
Tomato,vegetative,14.5,46,sandy,60.1,34.5,17.8,61.2,7.1,8.8,5.5,27.0,water_later
Tomato,seedling,15.3,120,loam,97.2,5.6,21.1,65.9,28.4,2.3,10.4,63.0,no_watering
Potato,fruiting,24.8,30,clay,67.2,34.9,28.7,72.0,49.6,0.1,5.0,84.0,no_watering
Potato,fruiting,17.5,68,loam,91.6,10.3,22.7,34.9,62.8,0.6,7.2,37.0,water_later
Tomato,seedling,14.5,37,loam,69.8,39.8,22.9,37.7,40.5,0.7,9.8,60.0,no_watering
Tomato,fruiting,21.8,17,clay,92.0,4.0,24.9,48.4,88.1,18.1,6.5,168.0,no_watering
Pepper,seedling,7.4,124,sandy,62.7,29.8,17.2,41.9,47.6,13.3,10.7,14.0,water_later
Pepper,flowering,12.5,64,clay,95.7,2.8,25.5,93.4,14.6,13.4,6.3,86.0,no_watering
Pepper,fruiting,5.5,37,loam,57.7,11.1,23.4,58.7,82.3,19.8,12.0,14.0,water_later
Tomato,seedling,13.1,146,clay,66.3,69.6,29.2,69.7,26.4,4.5,10.9,59.0,no_watering
Potato,seedling,10.6,76,sandy,64.1,52.4,21.2,47.4,68.0,19.6,5.3,63.0,no_watering
Tomato,seedling,16.4,70,loam,53.6,152.4,17.9,90.9,85.5,19.1,2.2,168.0,no_watering
Tomato,seedling,14.5,95,sandy,79.2,42.1,15.3,72.0,56.7,24.2,6.3,168.0,no_watering
Tomato,flowering,8.3,45,loam,37.7,50.5,20.2,71.4,85.4,13.8,5.6,168.0,no_watering
Tomato,fruiting,8.4,118,loam,95.2,1.5,31.6,64.9,56.1,8.3,8.8,14.0,water_later
Pepper,seedling,15.1,130,loam,49.1,130.9,19.7,70.9,27.4,8.1,4.1,61.0,no_watering
Potato,seedling,20.7,100,loam,85.9,22.1,20.9,40.5,23.5,16.2,5.5,168.0,no_watering
Potato,fruiting,18.8,89,loam,82.4,12.1,16.2,67.5,85.3,13.7,9.7,34.0,water_later
Potato,fruiting,20.9,66,loam,79.7,34.4,14.8,47.1,50.8,12.5,5.0,85.0,no_watering
Tomato,seedling,16.0,136,loam,92.7,8.4,15.3,66.3,9.2,22.3,11.7,83.0,no_watering
Potato,flowering,18.4,39,loam,38.6,94.1,13.8,37.6,36.8,24.9,3.0,15.0,water_later
Pepper,vegetative,6.2,59,clay,63.7,32.0,33.2,40.3,69.3,4.0,3.1,168.0,no_watering
Potato,flowering,30.4,9,loam,66.7,26.5,25.5,69.7,50.8,12.6,11.4,19.0,water_later
Pepper,seedling,10.1,6,sandy,85.3,11.6,19.9,40.4,25.0,9.6,9.6,127.0,no_watering
Tomato,flowering,21.3,16,loam,56.6,18.3,29.6,56.3,16.7,6.5,11.0,14.0,water_later
Potato,vegetative,23.2,101,loam,99.1,1.5,25.5,76.7,51.6,22.1,4.9,168.0,no_watering
Tomato,fruiting,16.9,82,clay,43.8,41.0,19.8,60.4,17.3,6.2,10.3,10.0,water_now
Pepper,vegetative,8.4,101,loam,80.8,21.2,18.6,58.3,28.0,6.5,6.2,59.0,no_watering
Pepper,seedling,13.8,58,loam,53.4,97.9,24.1,33.7,50.1,3.6,5.5,84.0,no_watering
Potato,vegetative,28.3,2,loam,79.7,51.4,15.5,42.9,60.0,6.8,3.2,168.0,no_watering
Potato,flowering,27.0,77,clay,93.7,4.0,26.7,48.7,24.6,21.9,5.7,134.0,no_watering
Tomato,seedling,15.0,98,clay,54.9,106.0,23.9,35.6,19.1,13.2,3.9,168.0,no_watering
Potato,vegetative,13.3,137,sandy,92.1,5.4,20.0,56.6,38.7,7.3,4.4,40.0,water_later
Potato,flowering,30.1,67,loam,89.9,5.0,25.5,85.2,63.6,18.8,7.8,87.0,no_watering
Potato,vegetative,31.5,95,loam,39.7,71.2,16.9,67.5,44.5,24.7,3.9,14.0,water_later
Potato,fruiting,19.0,61,clay,35.3,53.1,16.4,82.0,38.0,11.0,11.6,8.0,water_now
Tomato,vegetative,8.5,89,sandy,85.5,6.4,16.4,33.6,30.7,7.6,9.1,14.0,water_later
Tomato,vegetative,11.0,3,clay,96.2,5.0,16.9,47.3,35.8,7.0,11.7,131.0,no_watering
Tomato,vegetative,12.0,104,clay,73.8,39.7,17.6,29.1,82.3,16.1,3.2,168.0,no_watering
Tomato,seedling,9.8,54,clay,71.6,38.8,20.2,87.0,22.1,20.2,10.9,118.0,no_watering
Pepper,seedling,5.2,53,sandy,90.0,7.3,22.9,54.8,26.1,0.9,7.0,59.0,no_watering
Pepper,vegetative,13.9,143,sandy,74.3,11.7,21.5,91.6,9.4,19.5,7.5,15.0,water_later
Tomato,fruiting,23.4,9,loam,37.8,82.5,16.9,80.4,26.0,1.9,4.4,14.0,water_later
Pepper,fruiting,15.2,92,sandy,69.0,8.8,15.4,34.5,57.8,4.6,8.2,10.0,water_now
Potato,fruiting,19.2,121,loam,70.9,28.1,18.4,93.6,84.0,2.8,4.1,62.0,no_watering
Pepper,vegetative,10.2,87,loam,40.4,26.2,19.1,61.8,17.6,0.3,11.7,8.0,water_now
Tomato,seedling,22.6,95,sandy,46.5,57.0,21.5,80.3,88.6,23.4,8.6,168.0,no_watering
Pepper,flowering,14.8,26,sandy,69.4,21.2,24.4,61.6,20.6,2.9,7.3,15.0,water_later
Tomato,vegetative,17.5,49,sandy,78.6,6.4,30.7,37.1,3.3,7.4,7.7,14.0,water_later
Potato,vegetative,22.1,13,loam,92.4,6.8,28.2,87.5,48.3,19.7,6.9,168.0,no_watering
Potato,flowering,20.0,41,sandy,89.0,4.3,12.9,58.3,38.6,10.0,8.3,31.0,water_later
Potato,vegetative,20.5,51,loam,77.1,14.5,18.0,93.5,22.0,12.3,8.5,37.0,water_later
Tomato,fruiting,20.0,15,loam,47.2,24.9,33.4,68.2,79.1,19.8,2.5,168.0,no_watering
Pepper,seedling,8.1,3,clay,78.8,38.3,19.4,32.7,4.4,7.8,9.6,168.0,no_watering
Tomato,vegetative,23.8,121,sandy,95.8,2.4,32.5,47.9,34.5,17.2,2.1,77.0,no_watering
Tomato,fruiting,19.9,44,sandy,49.7,15.2,17.5,52.0,81.4,23.8,10.4,11.0,water_now
Tomato,seedling,9.0,111,loam,72.8,44.2,16.6,56.4,4.2,19.1,8.0,60.0,no_watering
Potato,flowering,10.6,66,loam,89.7,15.2,13.3,87.7,72.8,15.9,2.1,168.0,no_watering
Pepper,vegetative,9.0,98,loam,58.5,56.1,22.8,58.0,2.5,17.6,6.3,16.0,water_later
Potato,fruiting,20.5,25,sandy,62.5,32.2,13.7,52.8,17.4,22.1,5.3,168.0,no_watering
Pepper,flowering,5.9,107,sandy,67.4,18.1,21.3,28.1,77.7,15.6,6.7,32.0,water_later
Pepper,flowering,6.8,126,clay,94.3,2.0,35.7,47.1,47.2,20.2,6.6,88.0,no_watering
Pepper,vegetative,6.1,40,loam,41.1,25.8,35.4,47.2,14.1,17.5,11.6,7.0,water_now
Pepper,flowering,14.8,138,sandy,78.7,8.7,35.3,55.8,42.3,21.0,2.7,24.0,water_later
Pepper,seedling,11.3,81,loam,55.9,47.0,34.4,72.8,42.8,20.4,6.0,168.0,no_watering
Pepper,seedling,14.8,58,sandy,61.2,27.2,28.6,80.7,18.6,21.9,11.3,13.0,water_later
Tomato,vegetative,15.2,25,clay,69.0,49.8,25.1,85.0,84.4,24.1,8.6,168.0,no_watering
Potato,fruiting,17.9,97,clay,72.0,29.7,26.3,43.2,66.2,7.9,2.3,168.0,no_watering
Tomato,fruiting,19.6,63,loam,97.4,2.0,28.5,86.1,25.2,6.8,7.5,34.0,water_later
Tomato,flowering,23.4,44,loam,51.5,22.3,28.4,84.0,35.6,10.9,10.4,10.0,water_now
Potato,vegetative,12.8,11,loam,99.5,0.4,28.2,29.4,7.1,23.0,6.3,86.0,no_watering
Pepper,seedling,7.5,23,clay,41.4,85.9,31.9,90.9,25.1,17.2,10.1,168.0,no_watering
Pepper,vegetative,5.7,65,sandy,47.2,42.2,30.8,45.1,78.0,14.5,4.6,15.0,water_later
Tomato,fruiting,8.5,149,sandy,79.9,10.6,21.1,82.5,58.8,23.3,3.0,120.0,no_watering
Potato,flowering,24.1,81,sandy,84.2,4.8,24.6,80.3,76.3,1.1,8.3,12.0,water_now
Potato,fruiting,22.7,79,clay,38.5,32.2,23.6,47.5,88.6,6.9,9.5,9.0,water_now
Potato,flowering,23.9,105,sandy,89.5,5.1,28.4,69.7,33.4,16.4,6.9,16.0,water_later
Potato,fruiting,15.5,142,loam,62.7,57.5,24.9,58.4,75.3,1.9,2.9,64.0,no_watering
Potato,fruiting,27.5,136,loam,71.6,84.2,17.4,42.8,10.4,8.2,2.0,86.0,no_watering
Potato,fruiting,15.9,140,clay,36.4,87.1,12.3,68.4,2.9,8.8,3.7,15.0,water_later
Potato,vegetative,21.0,31,sandy,60.9,32.9,21.0,56.3,79.1,15.1,3.5,62.0,no_watering
Tomato,flowering,9.2,108,sandy,91.0,1.7,32.9,31.6,83.0,15.9,8.0,12.0,water_now
Pepper,vegetative,13.1,112,clay,68.2,22.4,25.8,87.4,4.9,12.6,8.1,37.0,water_later
Tomato,seedling,10.4,23,sandy,56.6,21.5,27.7,33.2,74.3,4.0,11.4,14.0,water_later
Tomato,vegetative,13.3,52,sandy,79.9,17.2,24.2,34.6,68.1,10.7,2.0,168.0,no_watering
Tomato,fruiting,19.2,74,loam,86.4,5.0,33.2,43.3,13.0,7.9,3.9,36.0,water_later
Tomato,fruiting,21.8,38,sandy,55.1,33.2,18.4,79.9,3.1,14.8,8.8,10.0,water_now
Pepper,flowering,6.2,146,sandy,75.1,7.4,28.6,56.9,59.6,24.9,8.2,10.0,water_now
Potato,flowering,15.0,103,clay,91.1,4.6,26.8,69.9,66.5,13.7,11.1,31.0,water_later
Potato,vegetative,18.7,78,loam,73.0,40.1,23.4,37.7,56.4,10.6,4.1,135.0,no_watering
Tomato,vegetative,17.3,31,sandy,92.7,10.1,16.6,47.4,9.6,11.9,3.0,134.0,no_watering
Pepper,seedling,7.0,131,loam,69.1,42.9,20.5,93.2,15.3,3.5,4.8,132.0,no_watering
Tomato,vegetative,11.7,129,loam,51.2,32.2,18.2,27.3,42.7,23.5,6.8,14.0,water_later
Potato,flowering,14.6,66,loam,99.0,0.4,26.1,32.3,46.7,12.0,6.8,56.0,no_watering
Tomato,vegetative,23.2,77,loam,47.1,34.0,17.1,82.1,55.6,20.2,9.4,85.0,no_watering
Pepper,seedling,9.1,82,loam,70.3,33.6,28.1,30.2,70.8,20.1,6.5,168.0,no_watering
Tomato,vegetative,15.1,34,clay,87.3,16.9,20.3,70.5,18.8,1.5,10.9,65.0,no_watering
Potato,flowering,18.7,3,loam,63.6,24.4,17.2,50.6,28.9,5.8,5.1,133.0,no_watering
Pepper,vegetative,14.4,83,clay,43.1,126.1,34.3,63.6,16.1,16.3,3.0,31.0,water_later
Potato,flowering,11.3,114,clay,67.0,16.3,27.8,76.0,86.5,12.9,7.3,40.0,water_later
Pepper,vegetative,10.1,5,sandy,55.9,24.6,35.8,54.8,69.5,9.5,4.9,168.0,no_watering
Potato,fruiting,11.3,118,sandy,93.9,5.7,27.1,73.9,6.2,10.8,4.1,46.0,water_later
Tomato,flowering,13.4,9,sandy,82.2,10.8,19.2,66.6,43.9,15.6,6.9,38.0,water_later
Tomato,vegetative,15.8,8,clay,87.7,18.7,27.0,39.8,1.3,24.6,6.1,168.0,no_watering
Potato,vegetative,11.0,45,clay,52.6,85.5,14.4,31.8,50.3,23.3,3.8,168.0,no_watering
Tomato,flowering,22.1,91,sandy,56.4,11.1,32.5,29.2,30.2,22.3,6.2,10.0,water_now
Pepper,seedling,6.4,72,sandy,83.6,8.3,32.1,94.1,73.1,24.2,11.1,88.0,no_watering
Tomato,flowering,19.1,118,clay,41.4,18.5,28.3,25.8,76.5,13.5,11.8,10.0,water_now
Potato,flowering,16.1,117,clay,99.8,0.2,19.4,91.6,74.2,11.2,6.5,158.0,no_watering
Tomato,seedling,23.5,100,loam,93.8,8.9,19.9,89.9,37.8,19.9,8.4,168.0,no_watering
Tomato,vegetative,8.8,6,clay,74.1,12.7,28.9,70.2,88.3,1.8,10.0,81.0,no_watering
Pepper,seedling,8.3,11,loam,60.2,66.4,15.7,76.6,22.9,19.6,7.4,168.0,no_watering
Pepper,flowering,10.7,62,sandy,54.1,43.9,15.1,28.4,76.4,6.3,2.4,59.0,no_watering
Pepper,vegetative,8.3,134,sandy,58.5,20.8,35.3,81.7,52.3,3.5,5.5,12.0,water_now
Pepper,fruiting,6.5,50,clay,69.5,9.7,24.3,29.2,7.1,24.7,11.7,14.0,water_later
Tomato,seedling,20.7,85,clay,38.9,168.0,22.3,37.4,54.1,7.7,8.6,15.0,water_later
Pepper,seedling,9.8,41,clay,51.7,63.1,32.6,84.5,85.4,12.1,9.8,168.0,no_watering
Potato,fruiting,29.3,24,sandy,37.6,37.1,25.9,83.3,22.3,14.6,3.0,12.0,water_now
Pepper,seedling,6.8,89,loam,51.5,65.8,21.5,51.3,25.5,19.0,6.1,37.0,water_later
Potato,vegetative,15.5,128,sandy,47.0,25.7,17.2,90.9,71.6,21.6,7.4,10.0,water_now
Tomato,flowering,23.1,87,clay,81.3,18.6,28.0,44.5,67.3,8.1,6.9,61.0,no_watering
Tomato,flowering,22.6,86,sandy,99.5,0.1,20.7,62.1,27.9,8.5,11.2,13.0,water_later
Potato,flowering,29.7,126,loam,76.9,14.7,16.0,92.9,45.3,14.0,7.8,35.0,water_later
Pepper,vegetative,10.3,31,clay,87.2,10.1,29.0,72.2,47.8,8.0,6.8,168.0,no_watering
Tomato,flowering,9.8,46,clay,43.2,66.0,16.9,62.7,39.2,11.4,3.2,168.0,no_watering
Potato,fruiting,26.6,125,loam,47.3,77.0,23.8,30.7,11.4,14.4,3.2,20.0,water_later
Potato,vegetative,12.5,63,clay,90.0,5.8,19.4,65.6,77.2,8.0,10.5,89.0,no_watering
Tomato,flowering,21.5,147,clay,82.7,8.7,23.3,80.0,43.6,16.5,10.0,41.0,water_later
Pepper,fruiting,10.3,70,loam,37.2,37.0,25.1,82.7,83.3,3.4,3.1,11.0,water_now
Potato,seedling,25.3,93,clay,53.3,132.6,18.1,92.4,56.1,13.5,4.6,168.0,no_watering
Pepper,vegetative,9.1,54,clay,93.9,4.0,35.9,40.2,65.9,17.7,4.6,168.0,no_watering
Pepper,fruiting,15.4,28,clay,88.8,7.9,34.7,72.1,63.8,24.6,4.1,168.0,no_watering
Potato,flowering,30.9,94,loam,95.4,6.7,25.3,73.0,62.6,3.6,3.6,98.0,no_watering
Potato,flowering,24.8,129,loam,71.1,8.3,27.0,59.9,66.2,16.1,11.5,11.0,water_now
Pepper,seedling,7.6,65,sandy,86.2,8.7,34.4,81.8,78.8,6.6,7.4,58.0,no_watering
Potato,flowering,14.3,34,sandy,89.0,4.7,18.1,29.0,44.6,19.5,6.8,104.0,no_watering
Potato,flowering,13.1,29,clay,99.7,0.5,20.3,54.4,61.2,14.5,4.9,168.0,no_watering
Potato,fruiting,27.7,92,sandy,60.2,40.3,17.8,37.3,47.7,12.0,2.4,43.0,water_later
Tomato,vegetative,8.9,110,clay,49.0,78.6,27.7,26.5,1.7,5.2,2.6,61.0,no_watering
Pepper,flowering,7.5,15,loam,46.4,11.5,32.5,55.3,0.3,17.4,10.6,9.0,water_now
Potato,flowering,30.0,40,loam,72.2,13.5,22.4,33.3,22.3,24.8,8.9,41.0,water_later
Tomato,fruiting,23.9,98,sandy,73.4,3.4,32.2,43.4,2.5,4.7,11.1,8.0,water_now
Potato,seedling,31.8,33,clay,63.1,111.1,22.2,51.9,85.3,7.3,6.3,168.0,no_watering
Potato,vegetative,25.9,45,sandy,99.8,0.1,18.1,85.3,21.8,18.0,9.5,32.0,water_later
Pepper,flowering,5.6,102,loam,91.8,3.1,20.1,82.1,7.1,11.3,9.3,18.0,water_later
Tomato,fruiting,10.5,22,loam,45.3,30.7,15.9,83.9,77.6,16.4,5.5,168.0,no_watering
Potato,vegetative,25.2,36,loam,84.5,10.7,14.4,91.8,45.9,16.7,9.2,64.0,no_watering
Pepper,seedling,13.8,118,loam,67.9,58.8,33.0,92.7,34.5,15.4,6.4,104.0,no_watering
Pepper,seedling,9.9,57,clay,59.5,91.0,29.8,85.0,16.4,18.7,3.7,168.0,no_watering
Potato,flowering,20.7,134,loam,53.6,102.8,13.3,61.0,41.4,2.6,3.4,37.0,water_later
Tomato,flowering,12.0,138,loam,46.7,16.7,28.1,56.9,26.2,9.9,11.9,8.0,water_now
Pepper,flowering,5.3,108,sandy,78.0,3.7,27.2,50.9,46.0,9.2,11.0,9.0,water_now
Tomato,seedling,21.0,42,clay,81.5,27.3,24.1,73.6,17.2,22.6,9.2,168.0,no_watering
Pepper,fruiting,15.5,149,clay,96.3,2.6,31.8,94.9,76.5,11.1,2.1,168.0,no_watering
Tomato,vegetative,21.3,132,sandy,89.7,18.0,24.1,69.4,26.0,4.3,2.4,96.0,no_watering
Tomato,vegetative,22.7,32,sandy,36.0,30.8,18.0,75.8,34.3,6.7,11.0,7.0,water_now
Potato,fruiting,30.4,81,loam,40.5,91.5,12.9,89.1,3.7,6.9,5.1,13.0,water_later
Tomato,seedling,21.3,134,loam,97.2,5.5,28.5,27.2,67.2,23.1,9.9,168.0,no_watering
Tomato,flowering,17.8,90,sandy,61.4,8.9,32.3,92.3,17.1,22.2,10.1,8.0,water_now
Pepper,fruiting,16.0,50,clay,51.7,14.2,27.7,54.2,13.5,11.8,10.5,11.0,water_now
Pepper,vegetative,7.0,104,loam,73.4,25.1,23.4,43.3,37.4,2.7,2.6,109.0,no_watering
Pepper,flowering,14.4,45,sandy,85.5,4.8,33.5,76.7,50.2,19.7,3.6,48.0,water_later
Tomato,flowering,23.4,74,loam,86.1,10.7,15.4,30.3,50.1,10.0,7.0,39.0,water_later
Potato,fruiting,28.7,42,loam,53.8,34.2,17.5,28.3,12.4,24.3,4.7,63.0,no_watering
Tomato,fruiting,15.9,123,sandy,57.5,40.9,27.0,62.1,20.5,16.7,2.6,13.0,water_later
Pepper,vegetative,9.5,62,sandy,37.8,29.7,20.3,68.2,50.7,12.6,11.9,6.0,water_now
Tomato,seedling,15.1,135,loam,35.7,105.9,22.3,62.7,19.8,9.0,6.4,11.0,water_now
Tomato,vegetative,17.5,19,sandy,41.8,36.4,27.4,57.7,41.3,2.1,6.1,11.0,water_now
Tomato,fruiting,14.9,80,sandy,84.3,5.6,16.5,83.2,0.5,22.5,6.6,14.0,water_later
Pepper,flowering,7.0,72,clay,41.7,43.1,21.0,50.7,71.9,10.8,6.6,39.0,water_later
Tomato,seedling,17.7,39,clay,50.1,103.1,18.0,82.9,1.0,15.9,7.5,88.0,no_watering
Tomato,seedling,13.8,143,sandy,66.5,61.2,23.6,37.4,41.7,24.3,5.6,168.0,no_watering
Potato,seedling,29.7,40,clay,37.9,86.8,23.5,32.2,25.8,11.6,8.9,16.0,water_later
Pepper,seedling,6.0,62,sandy,86.8,7.9,29.1,36.6,66.9,21.5,9.6,82.0,no_watering
Tomato,vegetative,13.7,8,clay,61.2,71.2,30.7,27.7,58.8,18.0,2.7,168.0,no_watering
Tomato,vegetative,22.4,66,loam,75.5,16.7,32.6,68.3,34.1,1.9,10.8,13.0,water_later
Pepper,vegetative,15.8,128,clay,90.9,16.0,23.5,81.4,4.9,19.5,5.5,108.0,no_watering
Pepper,fruiting,7.1,120,loam,56.2,33.6,18.0,29.2,89.5,22.8,3.5,168.0,no_watering
Potato,flowering,10.4,75,clay,48.3,35.5,19.5,81.1,8.7,21.0,6.6,16.0,water_later
Tomato,flowering,22.3,77,loam,63.4,14.9,29.3,93.8,89.3,24.2,8.4,12.0,water_now
Potato,vegetative,31.0,107,loam,80.6,18.3,24.9,44.4,0.1,13.3,2.6,90.0,no_watering
Potato,fruiting,29.5,1,loam,50.9,21.8,18.5,64.6,25.4,22.1,10.5,19.0,water_later
Potato,flowering,26.4,4,clay,43.2,34.7,26.0,29.0,76.4,10.6,6.7,168.0,no_watering
Tomato,vegetative,8.1,82,sandy,86.7,2.4,32.9,28.3,85.6,22.9,11.2,17.0,water_later
Pepper,fruiting,7.3,24,loam,46.7,44.3,26.4,79.2,14.8,8.1,7.4,12.0,water_now
Pepper,vegetative,8.8,126,loam,97.5,2.8,19.7,25.9,80.9,2.9,8.9,39.0,water_later
Tomato,flowering,15.5,54,loam,78.7,31.8,16.7,55.6,18.7,21.6,7.1,58.0,no_watering
Potato,seedling,29.3,4,loam,83.7,80.6,22.8,31.1,64.2,20.6,2.2,168.0,no_watering
Pepper,seedling,15.8,115,sandy,72.7,41.8,30.4,51.2,42.6,17.5,5.3,107.0,no_watering
Pepper,flowering,9.9,27,sandy,71.9,12.0,25.7,83.6,18.3,1.2,4.0,36.0,water_later
Pepper,fruiting,7.2,31,sandy,88.9,5.2,32.0,55.7,76.1,15.4,3.5,168.0,no_watering
Potato,flowering,21.8,65,loam,60.3,12.5,25.8,64.7,18.7,10.7,10.9,11.0,water_now
Potato,vegetative,11.8,63,loam,98.0,2.2,17.2,76.7,68.5,9.2,5.2,168.0,no_watering
Potato,flowering,31.8,92,sandy,77.5,9.6,27.6,51.7,52.1,21.9,4.3,38.0,water_later
Tomato,vegetative,23.6,34,sandy,45.1,57.3,29.4,34.0,46.6,15.8,2.1,16.0,water_later
Tomato,fruiting,8.1,1,loam,77.8,17.8,17.8,26.9,70.0,6.1,9.3,62.0,no_watering
Potato,fruiting,30.4,110,sandy,67.5,30.4,19.3,46.2,41.8,11.9,2.4,62.0,no_watering
Potato,fruiting,31.0,9,loam,98.1,2.6,15.4,60.2,49.9,13.1,5.6,168.0,no_watering
Tomato,vegetative,22.1,44,clay,86.8,24.0,15.8,57.2,45.0,15.8,2.9,168.0,no_watering
Pepper,seedling,10.8,98,clay,68.0,68.3,34.4,34.7,81.1,21.0,2.0,168.0,no_watering
Pepper,vegetative,10.6,116,sandy,72.3,26.3,28.7,86.6,80.9,21.3,7.4,13.0,water_later
Potato,seedling,29.3,101,loam,91.3,34.3,14.7,66.2,34.0,12.6,5.1,168.0,no_watering
Pepper,seedling,12.5,149,clay,78.3,40.9,27.5,36.0,39.9,5.4,4.9,168.0,no_watering
Potato,seedling,21.7,39,loam,94.4,8.2,16.5,75.7,81.7,24.7,8.2,168.0,no_watering
Potato,seedling,30.8,119,loam,51.0,50.2,25.6,44.0,48.5,22.9,11.4,31.0,water_later
Potato,vegetative,18.5,63,sandy,67.8,16.6,15.1,40.2,65.4,7.4,8.7,13.0,water_later
Potato,fruiting,24.0,32,sandy,82.1,7.8,17.2,69.8,47.2,23.1,7.3,41.0,water_later
Pepper,vegetative,9.8,134,sandy,69.3,16.8,17.7,76.4,30.0,23.9,10.7,37.0,water_later
Potato,seedling,15.2,100,sandy,88.2,16.2,24.5,39.0,34.9,3.4,2.8,168.0,no_watering
Potato,flowering,31.2,108,sandy,98.4,1.2,16.3,38.7,3.5,16.2,3.1,59.0,no_watering
Pepper,fruiting,9.8,137,clay,94.2,9.4,15.7,46.6,22.8,0.3,2.1,168.0,no_watering
Pepper,fruiting,9.9,48,loam,74.9,15.8,23.5,52.0,38.5,15.8,3.2,150.0,no_watering
Pepper,flowering,6.6,9,sandy,46.3,19.9,22.0,80.2,41.7,3.4,6.0,14.0,water_later
Pepper,fruiting,11.8,77,loam,99.3,1.1,15.9,71.6,39.4,23.1,3.0,168.0,no_watering
Potato,fruiting,24.8,91,clay,87.2,9.2,20.9,94.2,35.1,3.9,8.2,61.0,no_watering
Pepper,fruiting,12.1,54,sandy,63.0,17.9,30.5,38.1,33.6,6.7,6.1,11.0,water_now
Tomato,flowering,11.2,72,sandy,85.2,6.1,27.4,30.5,56.4,0.1,5.1,15.0,water_later
Tomato,seedling,19.7,88,clay,90.6,13.8,17.8,55.0,39.1,7.1,10.6,168.0,no_watering
Tomato,seedling,8.1,141,loam,78.3,35.2,26.3,55.1,84.2,6.2,5.6,168.0,no_watering
Tomato,fruiting,22.2,129,loam,82.8,8.2,31.5,84.8,58.6,3.9,3.3,58.0,no_watering
Tomato,flowering,10.9,123,loam,72.1,8.7,28.6,48.8,5.1,19.3,8.7,13.0,water_later
Tomato,seedling,14.6,67,sandy,72.0,49.4,22.5,82.5,56.4,17.0,11.0,41.0,water_later
Tomato,seedling,21.0,4,loam,76.6,98.6,16.8,71.8,24.3,3.7,4.5,168.0,no_watering
Pepper,flowering,7.7,101,sandy,61.9,6.5,32.5,70.2,82.3,1.5,9.6,9.0,water_now
Tomato,flowering,16.0,56,sandy,99.7,0.3,24.3,84.5,51.6,8.8,2.8,168.0,no_watering
Potato,fruiting,17.6,39,clay,55.6,60.4,22.2,88.0,6.3,8.6,6.9,63.0,no_watering
Tomato,vegetative,20.2,136,clay,96.2,7.8,15.9,85.4,22.1,24.2,6.0,168.0,no_watering
Potato,fruiting,20.1,89,clay,49.8,52.9,16.7,70.0,27.8,17.0,4.9,38.0,water_later
Pepper,fruiting,12.6,20,loam,99.8,0.1,30.4,86.5,57.3,19.1,2.5,168.0,no_watering
Pepper,fruiting,6.7,119,loam,78.0,11.7,33.2,76.7,36.9,15.7,7.1,16.0,water_later
Potato,seedling,10.5,87,clay,99.0,2.3,22.1,56.0,22.3,9.5,4.9,168.0,no_watering
Tomato,seedling,10.1,130,sandy,74.3,31.3,17.4,49.9,16.2,12.9,5.5,108.0,no_watering
Tomato,flowering,18.3,35,clay,84.9,15.7,23.9,65.1,61.1,8.8,2.9,168.0,no_watering
Pepper,seedling,12.2,70,sandy,52.2,39.5,35.9,40.6,2.4,19.3,4.0,15.0,water_later
Potato,vegetative,11.6,81,loam,54.0,22.1,24.5,66.4,70.5,22.9,8.1,12.0,water_now
Pepper,seedling,13.2,16,sandy,45.1,101.1,19.4,73.4,6.4,9.8,10.3,15.0,water_later
Tomato,seedling,23.6,33,clay,67.2,81.9,24.7,47.4,41.8,24.3,4.6,168.0,no_watering
Pepper,seedling,9.1,139,sandy,76.9,28.9,15.6,26.8,34.6,5.4,5.7,66.0,no_watering
Pepper,vegetative,15.2,23,loam,48.1,26.6,30.0,86.1,86.2,12.4,10.8,15.0,water_later
Tomato,flowering,19.8,91,clay,83.3,13.7,15.8,60.9,46.5,12.4,12.0,32.0,water_later
Tomato,vegetative,17.9,45,sandy,71.8,17.1,26.8,83.5,24.9,2.7,4.0,39.0,water_later
Potato,vegetative,31.6,121,clay,72.0,28.3,27.5,56.7,66.8,0.4,9.2,33.0,water_later
Pepper,seedling,8.5,149,clay,53.5,63.1,30.2,47.0,86.2,9.0,6.8,168.0,no_watering
Potato,vegetative,14.2,100,sandy,96.2,5.0,15.5,93.3,57.7,20.4,6.5,61.0,no_watering
Pepper,seedling,11.8,120,sandy,58.5,68.5,23.9,31.6,72.2,19.6,6.6,168.0,no_watering
Pepper,fruiting,8.4,130,clay,88.4,3.3,27.8,64.4,41.8,19.2,10.9,34.0,water_later
Tomato,vegetative,23.1,92,loam,77.2,54.8,19.3,87.8,0.3,22.5,2.5,130.0,no_watering
Pepper,fruiting,15.8,130,clay,72.4,29.6,19.4,76.1,86.0,7.2,6.7,62.0,no_watering
Pepper,vegetative,7.0,52,sandy,47.6,14.8,34.1,72.3,60.2,19.0,6.8,33.0,water_later
Potato,fruiting,12.9,98,sandy,47.5,28.3,23.2,56.1,22.6,15.2,6.5,10.0,water_now
Tomato,fruiting,18.6,95,clay,84.4,7.5,21.0,72.5,60.2,13.8,11.7,40.0,water_later
Potato,vegetative,26.9,62,sandy,64.3,12.2,19.6,71.5,29.8,16.2,10.4,13.0,water_later
Pepper,seedling,14.9,80,sandy,86.4,21.9,18.3,31.2,40.8,24.9,11.1,40.0,water_later
Pepper,seedling,8.0,60,clay,94.3,9.7,32.4,51.1,41.3,9.4,6.3,168.0,no_watering
Tomato,flowering,8.9,56,sandy,40.3,48.0,20.1,44.0,40.8,17.4,2.0,12.0,water_now
Pepper,fruiting,14.3,88,sandy,83.5,3.6,32.8,83.6,42.9,24.4,5.9,33.0,water_later
Tomato,flowering,8.0,9,sandy,87.1,4.9,24.9,68.0,70.5,22.3,9.9,168.0,no_watering
Potato,vegetative,12.6,50,loam,89.5,4.2,24.0,69.6,76.5,22.4,10.6,31.0,water_later
Tomato,flowering,11.3,11,loam,35.0,20.3,31.6,45.7,80.2,10.4,7.4,9.0,water_now
Tomato,seedling,23.0,8,sandy,38.7,52.8,30.3,51.4,35.8,9.9,5.5,15.0,water_later
Tomato,fruiting,21.6,86,loam,42.7,36.9,23.7,48.2,76.9,11.7,2.6,168.0,no_watering
Pepper,vegetative,6.1,8,clay,71.9,24.2,27.1,45.0,41.5,15.4,6.4,168.0,no_watering
Tomato,vegetative,10.4,47,loam,78.5,19.5,31.4,60.8,42.2,21.2,2.2,168.0,no_watering
Potato,vegetative,15.6,65,loam,69.5,25.1,15.7,49.4,15.9,24.7,6.0,110.0,no_watering
Potato,vegetative,30.7,49,loam,72.0,34.2,16.0,86.1,43.9,8.3,11.5,34.0,water_later
Tomato,seedling,21.0,14,sandy,60.0,31.0,18.7,78.3,75.2,9.5,11.4,82.0,no_watering
Potato,seedling,16.1,91,loam,54.1,143.4,21.1,88.4,74.7,19.9,3.8,168.0,no_watering
Tomato,vegetative,15.2,117,sandy,78.6,8.7,23.0,47.8,59.5,9.3,7.7,38.0,water_later
Pepper,vegetative,10.2,16,clay,77.5,59.5,26.3,80.7,65.4,17.7,3.2,168.0,no_watering
Potato,seedling,10.6,9,loam,82.7,23.4,27.3,66.6,31.2,20.1,5.0,168.0,no_watering
Pepper,seedling,11.7,105,sandy,71.4,44.2,19.7,42.8,87.9,15.6,3.6,168.0,no_watering
Tomato,fruiting,20.6,8,loam,89.9,3.1,25.2,28.8,38.0,23.1,8.2,60.0,no_watering
Pepper,flowering,14.5,70,sandy,60.3,10.5,24.0,69.7,13.7,15.2,10.7,10.0,water_now
Tomato,fruiting,22.2,83,clay,83.1,15.3,23.9,64.0,25.2,17.0,2.3,168.0,no_watering
Potato,fruiting,20.7,5,loam,66.5,23.2,23.6,93.2,5.3,2.1,5.2,88.0,no_watering
Potato,fruiting,12.0,46,clay,85.3,17.3,17.9,64.1,83.7,10.5,6.4,168.0,no_watering
Tomato,flowering,17.4,86,loam,46.8,32.2,31.0,85.5,7.4,3.4,11.3,8.0,water_now
Pepper,vegetative,7.3,71,loam,63.8,9.5,34.6,83.5,47.8,14.4,11.8,10.0,water_now
Potato,vegetative,19.3,42,loam,83.2,17.7,14.9,68.2,48.4,4.5,9.4,60.0,no_watering
Potato,seedling,12.6,56,sandy,74.1,28.7,17.3,85.0,87.7,5.3,6.8,83.0,no_watering
Pepper,flowering,13.9,91,clay,58.5,39.4,20.2,88.4,21.8,11.6,4.0,86.0,no_watering
Tomato,flowering,10.4,31,sandy,51.3,28.2,33.6,40.4,31.4,18.6,4.8,11.0,water_now
Potato,fruiting,17.2,63,loam,92.6,11.3,19.4,63.6,23.3,17.3,6.9,81.0,no_watering
Pepper,seedling,16.0,81,loam,54.0,61.0,21.4,61.3,46.7,4.7,8.1,38.0,water_later
Pepper,fruiting,13.2,24,loam,36.5,17.4,27.1,85.7,57.6,21.7,9.5,8.0,water_now
Potato,vegetative,18.4,113,sandy,88.7,5.8,20.9,50.7,84.3,16.6,7.4,39.0,water_later
Pepper,flowering,14.3,148,loam,76.3,9.0,16.3,50.9,19.4,7.5,10.5,14.0,water_later
Pepper,fruiting,10.2,110,clay,68.1,15.8,22.1,51.6,8.1,24.7,9.0,16.0,water_later
Potato,fruiting,10.2,140,clay,56.6,46.5,12.5,81.6,49.6,24.9,11.7,61.0,no_watering
Tomato,vegetative,18.5,112,loam,60.4,19.1,29.8,93.9,76.1,19.0,10.7,11.0,water_now
Pepper,flowering,13.9,81,sandy,59.9,28.4,22.0,36.1,78.9,5.1,5.3,13.0,water_later
Pepper,flowering,12.4,9,sandy,82.7,6.0,31.8,34.2,6.8,16.9,7.7,16.0,water_later
Tomato,fruiting,17.1,99,sandy,57.1,7.7,30.2,39.2,47.6,13.0,8.0,9.0,water_now
Potato,vegetative,11.6,73,loam,59.6,18.3,14.5,65.8,33.6,12.4,12.0,15.0,water_later
Tomato,seedling,11.9,113,clay,73.9,46.7,27.4,69.4,82.2,7.9,5.6,168.0,no_watering
Potato,fruiting,23.5,119,clay,69.4,40.9,13.2,40.0,0.2,24.2,3.7,110.0,no_watering
Potato,fruiting,26.8,26,loam,64.9,13.3,20.9,31.4,86.3,17.6,11.0,16.0,water_later
Tomato,fruiting,16.2,41,loam,67.9,10.9,24.6,48.4,72.2,12.2,7.6,57.0,no_watering
Tomato,vegetative,10.8,84,loam,67.2,27.0,31.3,75.0,85.8,19.4,6.9,36.0,water_later
Potato,seedling,25.0,115,clay,93.0,30.7,20.6,81.1,88.5,14.2,4.3,168.0,no_watering
Pepper,fruiting,10.6,79,sandy,71.1,11.3,31.5,37.4,67.2,7.0,7.6,11.0,water_now
Potato,seedling,25.7,66,loam,97.7,4.6,23.8,41.0,34.9,5.4,3.2,168.0,no_watering
Potato,vegetative,12.4,37,loam,83.8,23.0,13.2,61.9,12.7,21.4,6.5,108.0,no_watering
Potato,seedling,29.2,18,sandy,61.9,56.7,21.1,67.8,31.0,21.6,3.7,168.0,no_watering
Pepper,seedling,11.1,134,sandy,41.3,91.1,26.9,25.7,6.2,15.0,5.4,12.0,water_now
Tomato,flowering,9.0,99,sandy,70.3,33.3,22.5,69.6,85.9,4.4,3.6,39.0,water_later
Potato,seedling,28.3,129,clay,53.0,80.4,17.3,30.2,21.3,10.1,11.2,35.0,water_later
Pepper,vegetative,14.8,83,clay,38.2,76.2,18.3,69.3,39.1,21.1,4.8,14.0,water_later
Potato,flowering,15.0,49,sandy,61.1,20.6,28.3,50.4,6.1,7.8,3.1,15.0,water_later
Potato,flowering,18.3,142,sandy,58.6,12.0,14.0,42.1,9.0,5.5,10.8,9.0,water_now
Tomato,fruiting,15.1,1,sandy,95.9,2.0,16.0,85.5,27.8,15.9,7.9,161.0,no_watering
Pepper,fruiting,9.6,143,clay,60.0,28.3,20.0,64.4,32.6,6.9,4.2,60.0,no_watering
Potato,seedling,22.9,22,loam,86.7,57.6,26.9,26.4,33.9,9.0,2.1,168.0,no_watering
Potato,flowering,19.5,39,sandy,35.4,46.4,16.1,33.5,57.0,24.6,5.9,21.0,water_later
Pepper,flowering,9.3,4,clay,67.6,24.8,30.6,70.0,19.2,0.1,2.6,168.0,no_watering
Pepper,seedling,11.6,73,clay,36.0,168.0,26.5,67.3,31.4,11.4,6.1,15.0,water_later
Tomato,vegetative,14.2,59,loam,36.4,73.9,32.2,58.1,14.4,3.6,5.5,10.0,water_now
Potato,flowering,31.8,84,clay,70.0,22.5,24.5,72.2,68.3,12.5,5.5,168.0,no_watering
Tomato,vegetative,22.2,58,sandy,66.6,17.0,19.9,92.9,60.6,5.7,7.6,15.0,water_later
Pepper,flowering,6.0,136,loam,90.9,5.1,21.1,35.0,84.2,23.4,11.6,18.0,water_later
Tomato,seedling,21.8,94,sandy,71.4,87.4,21.9,50.8,80.8,24.5,2.2,168.0,no_watering
Potato,flowering,16.7,89,loam,51.5,18.8,15.3,47.1,18.3,15.7,11.1,10.0,water_now
Potato,seedling,22.4,100,loam,68.9,57.8,28.0,43.3,39.8,3.8,2.6,168.0,no_watering
Pepper,seedling,9.8,49,loam,45.9,106.5,17.4,29.1,82.4,16.5,6.3,168.0,no_watering
Tomato,flowering,19.9,138,clay,36.8,75.1,23.6,38.1,44.3,6.6,3.9,17.0,water_later
Tomato,fruiting,12.0,17,clay,70.7,22.0,33.6,68.0,16.9,5.1,5.5,60.0,no_watering
Potato,fruiting,23.6,88,clay,84.6,11.1,27.4,26.8,58.7,24.4,11.2,19.0,water_later
Tomato,vegetative,21.0,149,loam,53.1,32.9,29.8,91.0,33.8,11.6,4.8,59.0,no_watering
Pepper,fruiting,6.9,130,clay,38.8,29.4,33.9,63.9,79.7,7.6,11.2,8.0,water_now
Potato,vegetative,17.8,22,loam,46.1,56.4,27.0,86.6,31.0,8.4,7.8,15.0,water_later
Tomato,flowering,11.8,138,sandy,44.2,22.2,27.8,35.7,78.2,13.5,8.8,7.0,water_now
Pepper,seedling,10.9,28,sandy,90.5,6.0,35.3,85.3,77.1,20.2,7.6,168.0,no_watering
Tomato,flowering,11.1,8,clay,82.7,8.5,33.4,59.2,50.6,13.2,10.9,56.0,no_watering
Tomato,fruiting,18.2,97,sandy,79.8,8.5,23.8,53.1,66.1,8.2,3.4,38.0,water_later
Pepper,seedling,11.4,106,loam,98.2,4.2,15.7,49.8,2.2,10.9,6.9,136.0,no_watering
Pepper,vegetative,10.6,138,sandy,54.8,13.0,31.8,58.0,28.6,20.0,7.5,10.0,water_now
Pepper,fruiting,11.7,25,clay,59.5,31.3,27.6,57.3,42.8,4.2,3.6,84.0,no_watering
Tomato,fruiting,20.1,61,sandy,72.1,11.7,18.6,85.3,28.9,20.1,8.2,11.0,water_now
Pepper,seedling,12.5,87,sandy,68.7,55.0,21.5,26.5,45.6,9.6,6.5,51.0,no_watering
Potato,seedling,24.1,71,sandy,81.9,18.3,24.7,27.3,0.7,17.0,5.5,58.0,no_watering
Tomato,fruiting,20.0,145,sandy,51.2,44.6,23.4,76.0,47.3,6.6,4.2,11.0,water_now
Tomato,vegetative,13.5,10,sandy,83.7,6.1,27.8,75.1,66.6,7.2,10.0,32.0,water_later
Tomato,seedling,15.1,19,clay,83.8,31.3,19.9,62.7,74.2,8.1,10.9,168.0,no_watering
Pepper,flowering,10.0,89,clay,85.6,4.8,34.7,38.6,36.4,5.8,8.5,22.0,water_later
Potato,seedling,10.3,45,sandy,49.5,72.8,26.8,61.6,60.1,11.8,8.0,13.0,water_later
Tomato,fruiting,14.0,76,loam,92.9,1.8,23.2,61.3,55.9,18.8,11.7,13.0,water_later
Tomato,flowering,12.5,31,loam,85.8,15.6,22.6,75.1,62.3,0.8,7.6,56.0,no_watering
Potato,fruiting,14.8,13,clay,71.7,68.2,25.7,83.4,40.6,3.3,2.8,168.0,no_watering
Potato,vegetative,21.4,111,clay,49.9,62.6,28.9,46.4,24.9,2.8,2.1,83.0,no_watering
Pepper,flowering,10.4,15,loam,71.5,14.0,20.4,37.9,79.0,23.1,6.8,168.0,no_watering
Potato,vegetative,29.5,52,clay,71.3,53.0,14.7,59.1,18.7,14.5,9.0,80.0,no_watering
Potato,vegetative,10.8,76,clay,61.5,53.4,15.0,39.0,6.5,18.1,6.9,39.0,water_later
Potato,fruiting,18.9,103,sandy,35.9,34.2,14.6,59.5,22.6,12.7,8.0,10.0,water_now
Pepper,seedling,7.7,91,clay,69.5,61.3,16.8,58.7,19.9,16.2,2.7,168.0,no_watering
Potato,vegetative,30.7,97,sandy,97.8,0.6,28.9,79.4,46.5,6.8,10.9,12.0,water_now
Pepper,vegetative,11.5,116,sandy,82.4,7.7,20.1,79.2,3.8,4.2,7.9,16.0,water_later
Potato,fruiting,12.2,8,sandy,78.7,9.0,23.5,48.8,62.6,12.5,10.0,16.0,water_later
Tomato,flowering,14.2,149,sandy,40.0,19.9,15.7,30.9,23.0,10.9,9.0,7.0,water_now
Tomato,seedling,23.8,28,clay,64.0,130.1,18.8,54.4,73.5,13.6,4.8,168.0,no_watering
Pepper,seedling,10.3,62,loam,64.8,72.2,19.6,81.1,68.2,15.3,10.0,168.0,no_watering
Potato,flowering,24.1,71,loam,72.8,16.2,24.0,53.5,6.7,10.3,7.7,17.0,water_later
Pepper,vegetative,15.5,56,clay,51.0,55.3,23.7,90.2,70.3,22.7,4.4,168.0,no_watering
Pepper,flowering,7.4,91,clay,69.1,32.5,25.1,58.7,86.8,12.6,7.0,60.0,no_watering
Tomato,vegetative,15.0,57,clay,47.4,34.5,20.9,86.3,25.4,6.7,11.0,14.0,water_later
Tomato,vegetative,13.6,26,loam,42.8,46.3,31.1,59.8,30.0,24.0,2.6,36.0,water_later
Potato,seedling,30.1,25,loam,63.5,56.6,24.9,75.6,26.3,5.6,11.6,55.0,no_watering
Potato,seedling,16.7,77,clay,74.7,63.6,20.3,31.3,33.8,8.0,3.6,168.0,no_watering
Tomato,fruiting,20.4,112,loam,98.7,0.6,16.9,82.8,18.6,19.8,6.6,39.0,water_later
Tomato,vegetative,10.0,135,loam,58.9,47.2,20.8,36.7,5.9,23.5,6.7,16.0,water_later
Pepper,flowering,9.0,103,sandy,44.6,22.6,25.0,61.5,60.0,16.7,4.1,10.0,water_now
Tomato,flowering,14.3,143,clay,48.7,27.7,31.6,48.6,25.5,1.3,5.1,15.0,water_later
Tomato,seedling,19.9,99,clay,98.3,2.5,32.6,83.0,17.4,2.0,6.1,168.0,no_watering
Pepper,seedling,13.8,77,clay,74.1,61.4,18.5,45.4,26.4,5.8,5.7,168.0,no_watering
Pepper,fruiting,8.6,40,loam,86.0,7.6,22.0,80.4,90.0,10.4,4.6,168.0,no_watering
Tomato,vegetative,21.9,57,loam,80.8,15.9,25.4,81.9,4.5,17.6,5.1,62.0,no_watering
Potato,seedling,21.3,63,clay,42.0,168.0,24.9,61.2,20.1,7.6,2.4,168.0,no_watering
Pepper,flowering,6.2,130,loam,92.2,1.6,31.8,52.3,14.2,18.6,11.1,14.0,water_later
Tomato,seedling,17.6,30,sandy,39.6,71.6,28.1,45.6,89.4,17.8,11.4,16.0,water_later
Pepper,seedling,15.1,140,clay,90.4,21.6,25.0,49.0,5.2,16.0,5.9,168.0,no_watering
Pepper,fruiting,14.5,8,sandy,79.3,5.7,35.5,55.9,8.9,10.0,2.7,60.0,no_watering
Pepper,fruiting,16.0,142,clay,76.8,17.6,27.7,81.3,24.4,15.0,8.6,33.0,water_later
Tomato,fruiting,9.3,5,sandy,72.9,5.1,23.0,47.0,54.4,8.4,9.8,14.0,water_later
Tomato,vegetative,16.6,57,clay,48.2,30.5,26.9,73.1,52.9,10.1,11.0,35.0,water_later
Tomato,vegetative,18.8,87,clay,62.7,29.8,22.4,43.9,54.2,0.2,7.5,38.0,water_later
Pepper,fruiting,7.6,6,sandy,70.1,9.8,34.2,94.1,65.2,15.6,5.0,85.0,no_watering
Tomato,flowering,20.6,52,loam,64.4,28.2,19.9,44.5,13.6,14.0,6.6,33.0,water_later
Tomato,flowering,12.0,14,loam,93.8,3.1,30.7,36.4,55.2,15.3,6.8,69.0,no_watering
Pepper,seedling,7.6,142,loam,37.0,72.2,26.5,93.7,54.8,2.9,11.4,10.0,water_now
Tomato,flowering,16.6,98,sandy,58.3,18.4,24.1,25.0,56.2,21.0,9.2,14.0,water_later
Potato,vegetative,31.7,46,loam,95.5,2.4,18.7,91.4,60.9,9.9,10.4,42.0,water_later
Tomato,fruiting,20.4,79,clay,82.5,11.5,16.3,53.2,6.3,22.6,6.1,59.0,no_watering
Tomato,fruiting,11.3,103,loam,44.3,25.8,25.1,41.9,55.3,10.5,11.4,7.0,water_now
Potato,flowering,18.9,45,loam,64.4,32.4,18.2,82.8,86.7,20.1,7.7,168.0,no_watering
Pepper,flowering,8.2,127,clay,38.1,46.6,17.8,70.7,63.1,21.6,5.8,12.0,water_now
Tomato,flowering,22.7,53,sandy,78.8,13.8,18.1,25.6,77.3,8.0,2.2,168.0,no_watering
Potato,flowering,18.8,33,clay,95.3,10.6,19.2,54.3,8.1,22.7,2.4,168.0,no_watering
Pepper,seedling,15.4,104,clay,64.7,50.6,33.7,33.6,13.1,10.6,5.1,110.0,no_watering
Tomato,vegetative,15.7,34,sandy,83.3,4.4,30.5,76.0,74.6,10.9,10.4,16.0,water_later
Potato,flowering,29.9,13,loam,55.8,38.8,12.3,63.6,78.2,17.9,4.6,168.0,no_watering
Potato,flowering,11.2,140,sandy,69.8,13.4,19.0,29.6,89.2,22.2,4.1,168.0,no_watering
Tomato,fruiting,13.9,112,loam,59.0,17.1,17.7,42.9,11.5,16.5,12.0,9.0,water_now
Tomato,flowering,19.8,90,sandy,54.7,39.2,22.8,72.3,74.0,12.8,6.4,11.0,water_now
Potato,seedling,29.6,27,clay,57.1,81.9,23.6,82.9,56.7,24.1,11.8,100.0,no_watering
Tomato,fruiting,20.9,149,sandy,40.5,9.2,27.3,59.8,25.5,17.8,11.9,6.0,water_now
Pepper,seedling,7.7,110,sandy,52.8,41.7,31.1,79.2,1.7,17.5,6.6,14.0,water_later
Tomato,flowering,8.8,9,loam,62.1,33.8,21.6,90.4,55.5,16.5,9.7,33.0,water_later
Pepper,seedling,6.1,49,clay,64.5,38.9,34.9,75.5,71.2,5.8,9.7,56.0,no_watering
Potato,flowering,18.3,103,sandy,52.6,16.7,15.9,78.5,22.9,0.4,9.8,9.0,water_now
Tomato,vegetative,9.7,127,sandy,71.4,24.2,21.7,89.7,61.6,14.5,11.6,10.0,water_now
Tomato,vegetative,20.1,58,clay,47.1,109.7,27.0,78.4,2.3,8.3,4.1,39.0,water_later
Potato,flowering,25.6,75,clay,44.6,52.1,28.0,75.7,34.6,8.6,5.8,34.0,water_later
Pepper,vegetative,14.2,87,sandy,85.2,9.6,32.0,66.6,31.6,24.3,8.0,12.0,water_now
Potato,flowering,26.8,85,sandy,92.2,4.0,21.3,62.2,43.4,18.2,3.9,38.0,water_later
Potato,vegetative,23.3,54,clay,71.5,19.2,20.8,25.8,57.9,21.4,10.5,110.0,no_watering
Potato,flowering,18.9,63,loam,64.3,42.7,25.5,73.4,60.2,17.0,2.2,168.0,no_watering
Potato,fruiting,10.1,54,clay,69.7,40.0,15.6,36.0,40.7,8.2,3.0,168.0,no_watering
Potato,seedling,24.6,119,sandy,93.9,7.9,12.6,48.9,52.7,1.2,11.8,34.0,water_later
Pepper,vegetative,11.4,25,loam,51.3,32.2,28.3,82.8,13.4,15.7,11.2,12.0,water_now
Pepper,seedling,12.5,101,clay,94.1,11.2,19.9,32.1,10.9,4.5,6.8,168.0,no_watering
Tomato,fruiting,15.8,38,clay,82.8,8.7,18.4,72.7,11.3,10.8,8.5,57.0,no_watering
Pepper,fruiting,12.3,67,sandy,80.1,12.7,20.8,29.6,37.8,3.4,2.3,37.0,water_later
Potato,seedling,22.0,12,sandy,83.8,14.1,13.8,72.9,34.8,15.9,11.0,168.0,no_watering
Tomato,vegetative,9.4,121,loam,89.5,19.4,18.0,64.8,34.5,9.4,2.5,168.0,no_watering
Pepper,vegetative,15.4,60,clay,71.2,39.1,26.5,26.7,12.6,3.3,5.0,81.0,no_watering
Pepper,flowering,15.8,96,loam,60.6,33.1,25.0,27.7,44.2,11.3,2.5,37.0,water_later
Potato,vegetative,11.6,99,clay,45.5,164.4,14.1,33.3,42.4,20.2,2.6,168.0,no_watering
Potato,seedling,26.0,130,loam,84.9,19.1,23.1,56.9,38.6,8.3,9.3,81.0,no_watering
Pepper,fruiting,13.3,130,loam,82.5,7.9,24.4,26.5,28.8,14.7,4.3,62.0,no_watering
Pepper,fruiting,15.2,88,clay,72.9,16.1,35.5,83.3,56.3,18.6,2.2,168.0,no_watering
Potato,flowering,21.9,126,sandy,37.8,38.3,26.5,47.0,17.4,21.9,4.2,9.0,water_now
Pepper,vegetative,5.3,40,loam,60.5,41.7,24.7,27.3,31.2,20.3,2.2,168.0,no_watering
Potato,fruiting,27.7,71,loam,69.4,35.1,25.4,31.3,73.7,20.5,6.2,44.0,water_later
Tomato,seedling,11.1,143,sandy,87.1,15.1,30.4,60.5,61.7,21.6,2.9,168.0,no_watering
Tomato,flowering,16.9,64,clay,35.8,21.3,33.5,82.0,62.5,2.7,11.9,7.0,water_now
Pepper,seedling,8.3,19,loam,55.7,50.6,29.7,41.2,9.0,11.1,6.0,64.0,no_watering
Pepper,seedling,5.0,135,loam,77.9,15.5,26.1,31.6,87.7,22.8,11.8,168.0,no_watering
Tomato,flowering,10.4,1,sandy,42.4,18.4,22.9,39.1,35.5,10.3,8.5,14.0,water_later
Pepper,flowering,9.6,126,loam,92.6,3.0,30.5,46.5,38.5,14.2,4.9,52.0,no_watering
Potato,fruiting,16.4,85,clay,95.1,4.1,15.2,37.1,62.5,17.9,6.6,168.0,no_watering
Tomato,flowering,9.4,98,clay,45.5,37.9,26.9,52.0,66.6,0.8,4.2,24.0,water_later
Potato,seedling,29.4,53,clay,63.6,128.0,18.0,70.3,89.6,2.4,2.6,168.0,no_watering
Pepper,vegetative,6.5,12,clay,44.8,33.8,16.2,46.5,8.2,16.0,11.1,18.0,water_later
Potato,flowering,25.1,19,loam,67.8,25.0,22.7,41.1,68.1,17.1,10.0,64.0,no_watering
Potato,seedling,19.6,8,clay,81.8,72.6,21.3,78.5,74.6,22.7,2.9,168.0,no_watering
Potato,seedling,17.7,38,clay,48.0,168.0,13.4,61.5,39.2,1.5,4.6,168.0,no_watering
Pepper,fruiting,11.8,39,loam,66.7,11.8,34.3,92.6,63.3,11.6,4.5,62.0,no_watering
Tomato,fruiting,19.9,21,clay,54.6,32.5,19.6,68.2,47.5,18.2,4.9,168.0,no_watering
Pepper,seedling,11.6,106,clay,41.8,88.8,34.9,37.1,3.6,7.8,10.5,12.0,water_now
Potato,vegetative,18.3,15,sandy,91.0,8.4,19.4,88.4,60.3,23.8,4.2,168.0,no_watering
Pepper,fruiting,15.8,138,clay,75.5,14.5,19.7,25.5,42.1,8.5,10.0,16.0,water_later
Tomato,flowering,14.4,10,loam,84.6,8.2,26.6,61.1,33.4,11.5,5.3,168.0,no_watering
Pepper,vegetative,11.9,4,loam,81.3,32.6,21.2,43.2,72.5,11.0,6.5,168.0,no_watering
Pepper,seedling,10.3,18,clay,42.5,101.5,23.8,62.4,41.1,1.2,7.2,86.0,no_watering
Tomato,vegetative,13.6,43,loam,85.8,8.5,20.4,37.4,85.8,18.9,11.2,130.0,no_watering
Tomato,fruiting,22.0,124,loam,55.1,15.2,27.6,86.6,28.0,2.7,10.1,9.0,water_now
Tomato,seedling,18.3,85,loam,54.0,46.9,26.0,32.6,59.4,22.2,8.5,168.0,no_watering
Tomato,vegetative,23.1,21,sandy,93.2,2.9,21.0,42.5,42.7,3.4,7.6,41.0,water_later
Pepper,seedling,15.1,89,clay,88.8,43.9,23.1,60.1,61.3,7.0,5.4,168.0,no_watering
Potato,flowering,10.3,24,clay,87.1,14.8,20.9,71.0,51.0,1.1,2.3,168.0,no_watering
Pepper,seedling,11.7,70,clay,37.1,70.0,31.0,47.8,22.7,3.2,9.5,12.0,water_now
Potato,flowering,22.2,27,loam,50.5,19.7,28.4,61.7,37.3,24.7,11.3,15.0,water_later
Tomato,flowering,17.3,105,clay,84.9,24.0,15.5,85.8,0.0,8.3,10.6,38.0,water_later
Pepper,vegetative,11.0,94,clay,45.4,43.5,23.3,61.7,4.6,18.9,6.8,15.0,water_later
Tomato,fruiting,9.1,25,clay,62.6,15.6,33.7,63.0,78.6,14.8,11.0,34.0,water_later
Potato,fruiting,13.7,9,clay,80.3,9.9,18.2,29.8,0.2,19.5,10.5,66.0,no_watering
Tomato,fruiting,19.7,61,sandy,73.6,4.5,26.8,36.7,29.9,19.2,10.2,9.0,water_now
Pepper,vegetative,12.7,98,clay,76.4,16.9,23.2,64.2,55.4,8.8,9.7,40.0,water_later
Tomato,vegetative,20.3,126,clay,90.2,11.7,29.2,90.8,13.4,12.9,5.6,125.0,no_watering
Pepper,fruiting,12.2,53,clay,63.3,25.6,28.6,82.1,86.4,13.9,3.0,168.0,no_watering
Tomato,seedling,19.2,147,clay,73.0,70.8,17.8,53.7,78.8,21.5,4.7,168.0,no_watering
Pepper,seedling,9.7,137,loam,37.7,120.3,26.9,68.9,55.4,18.3,3.6,168.0,no_watering
Pepper,flowering,14.4,25,sandy,96.9,1.2,34.4,30.7,25.2,19.6,2.7,168.0,no_watering
Potato,fruiting,15.9,117,sandy,46.3,24.6,16.4,83.9,87.3,8.7,7.8,10.0,water_now
Tomato,fruiting,18.5,4,loam,78.0,7.0,33.8,83.0,51.3,12.4,7.6,37.0,water_later
Tomato,flowering,15.1,131,clay,56.5,20.9,28.0,71.0,38.0,0.6,8.2,15.0,water_later
Potato,flowering,19.3,117,clay,80.1,39.5,22.2,25.9,34.2,3.8,3.0,110.0,no_watering
Tomato,flowering,17.9,52,sandy,37.4,14.1,33.6,45.0,51.5,1.0,6.8,8.0,water_now
Potato,fruiting,29.9,71,loam,75.4,16.0,17.2,43.9,43.6,4.0,6.2,51.0,no_watering
Potato,fruiting,20.7,50,clay,38.5,33.8,19.8,42.0,11.9,13.4,11.0,9.0,water_now
Potato,seedling,28.9,46,loam,62.1,38.6,23.5,27.6,69.3,2.0,8.9,47.0,water_later
Pepper,vegetative,5.5,69,loam,91.4,6.2,18.2,38.6,19.3,19.4,5.2,62.0,no_watering
Potato,vegetative,30.5,50,loam,58.4,20.3,26.4,51.5,37.2,8.1,11.6,12.0,water_now
Potato,flowering,10.5,99,loam,97.9,1.2,28.3,78.4,27.9,24.3,4.7,57.0,no_watering
Tomato,vegetative,8.7,36,loam,76.7,21.3,16.0,49.0,40.0,12.7,4.6,168.0,no_watering
Potato,flowering,24.0,47,sandy,53.6,13.0,28.6,45.0,3.2,16.7,6.6,10.0,water_now
Tomato,vegetative,15.7,59,clay,90.4,16.0,23.1,88.7,10.9,13.4,8.5,80.0,no_watering
Pepper,flowering,8.6,139,sandy,41.7,28.1,20.9,37.5,13.7,1.9,7.2,8.0,water_now
Potato,fruiting,28.6,57,sandy,35.4,36.8,27.1,75.3,62.7,11.5,2.8,38.0,water_later
Tomato,fruiting,8.8,66,loam,73.6,20.1,20.0,68.7,89.5,5.6,2.0,132.0,no_watering
Potato,flowering,20.3,78,loam,85.4,4.7,29.0,39.4,52.4,17.9,8.4,15.0,water_later
Tomato,fruiting,18.1,109,loam,87.3,7.9,16.7,89.6,47.1,1.4,8.7,31.0,water_later
Tomato,seedling,20.6,110,loam,93.8,6.7,22.9,47.3,57.6,0.7,9.3,65.0,no_watering
Tomato,seedling,10.1,94,sandy,66.9,47.1,23.0,50.9,72.0,18.8,9.0,16.0,water_later
Pepper,flowering,10.9,62,sandy,59.3,7.4,35.3,55.9,8.1,0.9,7.7,10.0,water_now
Tomato,fruiting,21.9,110,loam,57.7,34.3,17.1,61.4,68.8,24.7,8.9,12.0,water_now
Potato,vegetative,14.4,125,loam,83.7,21.3,25.8,73.5,7.0,2.5,2.6,109.0,no_watering
Tomato,fruiting,12.3,30,clay,73.8,10.2,18.9,32.2,44.6,1.4,9.8,37.0,water_later
Tomato,fruiting,12.1,95,loam,39.8,40.1,32.2,27.3,43.6,5.8,7.2,8.0,water_now
Pepper,vegetative,7.3,144,clay,97.8,1.4,29.3,25.1,22.1,9.2,8.5,40.0,water_later
Tomato,fruiting,18.2,15,sandy,37.5,15.0,26.3,63.3,64.9,21.9,11.4,6.0,water_now
Potato,vegetative,30.8,55,loam,47.9,40.2,26.5,31.7,23.7,18.6,3.3,34.0,water_later
Pepper,flowering,6.9,98,sandy,82.0,15.0,16.1,86.9,13.8,4.2,3.4,39.0,water_later
Pepper,flowering,13.8,92,sandy,40.0,12.9,33.8,28.2,0.4,9.1,6.1,8.0,water_now
Potato,vegetative,20.4,63,sandy,67.9,14.5,26.4,36.6,71.5,24.5,4.7,59.0,no_watering
Tomato,vegetative,13.4,23,sandy,73.4,8.8,33.1,53.1,23.5,5.2,7.1,16.0,water_later
Pepper,flowering,10.8,143,loam,57.4,39.0,23.2,64.2,74.3,21.0,2.4,168.0,no_watering
Potato,seedling,20.1,2,clay,60.2,67.7,28.6,92.9,22.7,22.1,6.1,168.0,no_watering
Tomato,seedling,15.3,115,loam,60.5,52.4,21.0,48.3,57.0,18.7,8.8,168.0,no_watering
Pepper,flowering,10.9,31,clay,83.7,13.8,23.3,66.4,26.1,1.1,10.7,41.0,water_later
Tomato,seedling,14.4,127,clay,88.7,14.4,28.1,65.2,66.5,6.2,10.7,107.0,no_watering
Tomato,flowering,17.5,8,clay,54.6,77.3,29.5,80.8,75.3,13.7,2.9,168.0,no_watering
Tomato,vegetative,11.5,115,loam,84.4,17.8,25.5,72.6,57.2,23.2,11.2,42.0,water_later
Tomato,vegetative,12.2,105,clay,44.7,104.1,26.3,37.0,1.4,2.4,4.4,33.0,water_later
Pepper,vegetative,11.0,85,clay,39.0,49.7,29.1,43.5,64.3,5.8,4.4,13.0,water_later
Tomato,flowering,23.6,104,loam,46.9,21.2,17.2,90.9,24.7,18.4,12.0,9.0,water_now
Pepper,flowering,5.6,140,loam,73.7,7.0,31.1,77.8,19.4,1.7,11.0,10.0,water_now
Tomato,vegetative,8.0,20,sandy,93.2,4.2,23.8,66.8,85.4,22.7,5.9,168.0,no_watering
Pepper,fruiting,10.2,88,sandy,95.6,1.1,30.2,54.5,26.2,20.3,6.9,12.0,water_now
Potato,fruiting,25.6,75,loam,46.8,34.5,26.7,38.7,5.8,10.8,9.3,9.0,water_now
Tomato,vegetative,11.0,140,sandy,68.9,37.6,18.1,62.1,29.3,18.0,4.2,34.0,water_later
Pepper,seedling,9.2,103,sandy,80.8,14.9,25.2,26.9,89.9,7.5,7.8,156.0,no_watering
Pepper,flowering,15.2,78,loam,59.0,29.7,18.9,94.1,74.2,14.2,4.5,168.0,no_watering
Potato,vegetative,29.9,104,clay,94.1,5.6,23.9,49.4,17.7,23.9,4.8,129.0,no_watering
Tomato,flowering,22.8,78,sandy,92.5,2.5,31.3,63.7,45.8,23.6,10.1,10.0,water_now
Potato,seedling,26.1,40,clay,84.6,30.2,25.7,67.7,50.5,9.0,5.4,168.0,no_watering
Tomato,vegetative,13.5,72,sandy,80.4,22.5,32.3,34.0,50.4,21.8,3.8,34.0,water_later
Potato,fruiting,23.3,113,loam,64.7,26.2,17.2,82.8,15.1,15.5,5.9,36.0,water_later
Potato,vegetative,26.3,100,loam,71.1,17.1,28.2,51.7,12.5,21.1,5.6,35.0,water_later
Potato,seedling,26.4,40,clay,87.2,20.2,17.7,34.1,56.3,19.9,8.8,168.0,no_watering
Potato,seedling,29.6,99,sandy,77.5,39.5,26.9,49.9,40.1,22.4,6.1,60.0,no_watering
Tomato,flowering,23.2,40,sandy,37.3,27.3,29.0,64.8,75.7,21.1,5.0,133.0,no_watering
Tomato,vegetative,8.4,44,loam,44.1,29.8,21.1,84.5,19.9,21.7,9.3,11.0,water_now
Potato,vegetative,20.5,10,sandy,47.4,54.1,17.9,87.3,60.8,23.4,9.1,77.0,no_watering
Tomato,seedling,17.9,25,clay,96.6,3.4,32.0,50.6,32.7,18.4,9.3,168.0,no_watering
Pepper,flowering,11.5,44,clay,63.5,38.7,20.9,63.4,14.7,10.3,2.6,168.0,no_watering
Tomato,seedling,15.5,6,clay,82.7,55.2,27.5,27.1,12.2,25.0,7.2,168.0,no_watering
Potato,seedling,18.2,107,clay,42.3,168.0,22.3,45.8,58.8,0.6,3.3,83.0,no_watering
Potato,seedling,28.2,110,sandy,46.0,91.5,23.2,79.5,72.5,22.9,2.6,168.0,no_watering
Tomato,flowering,17.1,11,loam,38.7,84.0,19.0,74.9,41.3,16.8,6.1,13.0,water_later
Potato,vegetative,11.7,68,clay,40.7,79.6,25.6,50.9,28.5,9.7,2.1,168.0,no_watering
Pepper,fruiting,15.6,50,loam,69.0,17.3,22.5,33.1,1.9,8.8,3.2,45.0,water_later
Potato,vegetative,30.5,16,clay,85.6,28.1,20.1,73.0,30.1,2.9,2.7,168.0,no_watering
Potato,fruiting,13.8,17,clay,83.8,25.9,24.3,84.2,35.4,16.2,4.6,168.0,no_watering
Pepper,seedling,11.9,105,sandy,55.6,74.2,35.0,86.1,44.7,12.5,3.9,131.0,no_watering
Tomato,vegetative,8.1,112,loam,99.2,0.5,17.8,76.4,27.1,0.5,7.5,57.0,no_watering
Pepper,seedling,13.1,15,sandy,96.4,5.5,24.0,66.5,1.3,23.3,5.2,165.0,no_watering
Potato,vegetative,27.2,4,loam,85.2,13.2,26.2,66.4,53.6,17.1,3.0,168.0,no_watering
Tomato,fruiting,23.1,78,clay,80.6,34.2,17.1,80.4,77.2,7.6,3.4,168.0,no_watering
Pepper,flowering,11.8,64,sandy,81.0,11.5,31.8,43.5,58.0,12.0,3.9,66.0,no_watering
Potato,fruiting,23.8,11,sandy,70.7,18.4,26.5,83.8,68.9,14.1,10.9,14.0,water_later
Tomato,fruiting,10.4,99,clay,65.6,19.7,20.2,26.3,41.0,12.7,6.3,49.0,no_watering
Pepper,seedling,10.6,13,sandy,74.6,28.0,33.7,42.6,62.5,22.2,2.5,168.0,no_watering
Potato,seedling,31.9,124,loam,78.7,36.6,19.7,37.5,34.9,4.1,7.6,85.0,no_watering
Pepper,vegetative,11.5,102,loam,59.8,32.5,35.3,76.3,82.5,10.5,8.8,15.0,water_later
Pepper,seedling,15.8,85,clay,78.8,83.9,32.9,26.4,59.2,16.8,4.7,168.0,no_watering
Pepper,fruiting,7.4,87,sandy,92.7,3.5,23.7,79.2,58.3,8.7,6.2,14.0,water_later
Pepper,fruiting,12.1,97,clay,58.0,14.1,25.4,25.6,30.6,23.0,9.2,13.0,water_later
Potato,seedling,22.1,76,clay,38.1,168.0,12.7,68.8,3.2,24.6,3.9,61.0,no_watering
Pepper,flowering,8.4,63,sandy,39.4,44.5,16.6,65.2,35.3,9.3,4.9,13.0,water_later
Tomato,seedling,15.0,80,loam,42.1,78.0,16.8,33.2,37.2,13.0,8.3,14.0,water_later
Tomato,vegetative,10.1,18,clay,89.2,16.6,33.0,56.5,43.0,11.0,4.8,168.0,no_watering
Tomato,seedling,12.5,67,sandy,83.0,12.0,30.7,48.7,58.0,16.6,10.7,16.0,water_later
Tomato,flowering,8.8,64,clay,94.0,9.4,25.2,82.6,26.2,10.7,5.9,85.0,no_watering
Pepper,fruiting,10.2,99,loam,96.3,1.6,22.7,39.2,88.3,12.3,9.9,17.0,water_later
Potato,vegetative,20.9,74,clay,37.9,128.4,20.8,37.0,8.0,0.1,6.6,11.0,water_now
Tomato,vegetative,20.8,103,loam,93.9,16.8,15.1,35.7,2.2,11.6,4.4,105.0,no_watering
Potato,flowering,12.5,134,loam,92.2,9.9,18.8,30.9,4.3,5.6,2.2,110.0,no_watering
Pepper,fruiting,12.9,132,loam,46.0,31.3,24.1,70.3,11.9,2.6,3.3,14.0,water_later
Pepper,seedling,6.9,50,loam,77.2,31.3,23.0,77.2,12.8,2.3,3.8,168.0,no_watering
Potato,flowering,18.4,127,clay,98.6,1.2,20.6,53.0,60.2,11.2,4.5,168.0,no_watering
Pepper,vegetative,14.6,13,clay,70.2,27.2,35.2,62.3,57.5,7.6,3.8,168.0,no_watering
Potato,vegetative,24.7,127,sandy,76.9,11.3,25.1,88.3,46.1,11.0,5.8,59.0,no_watering
Potato,fruiting,23.3,106,clay,81.5,38.2,19.5,77.8,1.4,4.0,3.0,157.0,no_watering
Tomato,fruiting,16.6,11,clay,61.0,45.7,30.1,36.0,87.9,24.0,4.0,168.0,no_watering
Pepper,fruiting,9.4,133,sandy,37.9,23.6,15.1,61.6,78.6,12.6,8.1,16.0,water_later
Pepper,vegetative,12.8,122,clay,70.9,47.9,17.7,50.9,22.5,16.0,6.2,168.0,no_watering
Potato,flowering,25.9,132,loam,72.3,30.4,22.6,26.2,17.9,6.3,4.3,37.0,water_later
Potato,seedling,21.5,61,sandy,99.8,0.2,29.0,45.6,29.8,5.6,7.3,41.0,water_later
Potato,vegetative,29.0,16,clay,36.1,112.8,17.9,90.5,3.8,7.3,2.2,60.0,no_watering
Potato,fruiting,21.4,136,clay,81.2,17.4,28.0,30.3,21.5,24.9,2.6,168.0,no_watering
Pepper,seedling,7.0,76,loam,51.3,52.5,26.1,67.2,17.9,12.4,8.5,23.0,water_later
Tomato,flowering,18.4,46,loam,57.8,25.9,29.3,74.6,47.4,3.3,3.4,37.0,water_later
Tomato,flowering,21.2,50,loam,68.0,41.3,16.1,74.8,0.1,19.4,2.6,106.0,no_watering
Potato,flowering,20.7,59,sandy,59.9,8.4,27.4,69.6,40.7,5.4,10.9,8.0,water_now
Tomato,flowering,10.9,110,sandy,84.7,3.4,19.8,44.7,13.5,7.9,12.0,12.0,water_now
Potato,seedling,24.1,37,clay,45.2,128.0,20.6,78.9,27.2,8.6,10.0,57.0,no_watering
Potato,vegetative,25.3,130,loam,38.9,89.8,23.6,77.1,35.2,2.0,6.7,10.0,water_now
Pepper,seedling,11.6,62,clay,88.6,34.1,21.4,87.9,46.0,5.1,2.6,168.0,no_watering
Potato,flowering,30.4,83,clay,68.8,30.5,23.1,54.9,43.0,9.6,3.3,134.0,no_watering
Tomato,vegetative,11.6,99,sandy,57.4,24.6,32.8,58.0,0.6,3.2,3.2,14.0,water_later
Tomato,fruiting,21.1,100,clay,57.2,31.4,30.2,70.1,43.1,9.7,6.3,33.0,water_later
Pepper,flowering,8.8,145,clay,73.0,7.7,32.3,26.0,22.2,11.2,9.8,14.0,water_later
Pepper,flowering,7.6,6,clay,79.6,22.2,28.8,69.0,23.1,6.5,3.7,168.0,no_watering
Pepper,flowering,10.5,84,sandy,84.9,6.9,29.9,39.1,59.0,9.6,8.6,11.0,water_now
Potato,vegetative,28.4,130,clay,56.5,92.4,13.1,85.0,40.6,21.3,7.1,40.0,water_later
Potato,vegetative,16.0,99,clay,43.5,50.0,28.5,79.5,80.9,6.0,4.2,35.0,water_later
Pepper,flowering,14.6,80,loam,93.3,4.8,18.7,44.6,0.7,17.5,3.6,83.0,no_watering
Potato,fruiting,25.5,68,sandy,76.4,5.8,27.1,68.4,17.9,22.4,11.6,10.0,water_now
Potato,vegetative,20.7,72,clay,57.8,77.6,17.2,81.4,84.9,2.1,3.0,168.0,no_watering
Pepper,seedling,14.2,35,loam,59.6,53.2,23.5,29.5,47.5,12.4,6.9,168.0,no_watering
Pepper,seedling,12.7,130,loam,89.8,11.5,35.6,88.4,64.6,10.6,7.7,168.0,no_watering
Potato,fruiting,23.6,110,loam,63.1,34.8,21.3,75.6,45.2,4.5,8.4,15.0,water_later
Potato,vegetative,12.8,103,loam,70.9,31.1,20.4,70.7,9.2,21.1,10.9,14.0,water_later
Potato,flowering,21.4,29,loam,64.6,26.8,21.7,57.2,28.4,3.8,3.4,98.0,no_watering
Tomato,seedling,20.6,20,loam,63.7,115.0,18.6,78.1,25.7,20.8,4.2,168.0,no_watering
Tomato,seedling,13.5,85,clay,96.7,10.3,21.0,94.4,7.6,2.3,10.6,125.0,no_watering
Tomato,fruiting,21.2,18,sandy,78.4,6.3,23.3,58.1,8.7,21.2,6.3,32.0,water_later
Pepper,flowering,7.7,144,sandy,57.7,17.3,19.1,53.0,22.0,17.4,5.0,12.0,water_now
Potato,vegetative,27.9,115,loam,54.5,47.8,13.5,32.0,53.6,7.3,5.4,36.0,water_later
Potato,flowering,28.7,1,clay,50.1,32.6,25.0,78.0,38.6,16.4,6.7,168.0,no_watering
Pepper,vegetative,7.1,137,loam,56.4,25.9,16.4,43.6,17.4,9.9,11.2,11.0,water_now
Potato,vegetative,19.6,47,clay,54.5,40.0,19.4,54.4,52.2,21.9,10.5,168.0,no_watering
Potato,fruiting,30.5,95,sandy,64.2,18.2,15.3,34.3,33.9,17.7,6.1,22.0,water_later
Pepper,vegetative,14.5,124,sandy,44.1,38.7,27.2,35.3,24.0,6.6,8.1,8.0,water_now
Potato,flowering,11.1,75,clay,38.9,25.0,22.2,58.8,12.1,3.0,11.0,8.0,water_now
Tomato,vegetative,16.2,137,clay,84.2,15.7,28.7,68.1,9.4,22.2,3.9,130.0,no_watering
Potato,flowering,23.7,146,sandy,63.2,11.3,28.0,59.3,46.2,23.8,6.3,11.0,water_now
Pepper,seedling,5.1,120,clay,91.6,11.1,35.4,72.8,69.2,3.0,9.0,90.0,no_watering
Pepper,vegetative,15.1,17,sandy,47.7,23.8,23.7,89.1,81.9,8.6,6.9,13.0,water_later
Pepper,vegetative,11.4,148,loam,42.0,20.9,30.9,58.2,55.9,16.4,9.4,12.0,water_now
Tomato,vegetative,14.1,126,sandy,80.5,34.7,16.2,70.0,33.2,14.3,5.2,87.0,no_watering
Potato,vegetative,27.3,78,sandy,92.1,10.4,12.4,64.9,9.7,2.1,2.3,100.0,no_watering
Potato,vegetative,31.8,147,loam,74.6,21.6,19.1,68.7,59.0,22.4,4.9,59.0,no_watering
Tomato,vegetative,8.9,94,loam,59.2,21.2,31.2,54.0,87.7,0.7,11.5,10.0,water_now
Tomato,flowering,23.4,84,clay,99.8,0.1,29.2,89.9,87.0,20.5,8.8,136.0,no_watering
Tomato,flowering,23.9,147,loam,92.4,6.4,24.4,43.5,8.8,10.1,4.8,61.0,no_watering
Tomato,vegetative,19.5,44,clay,93.0,5.5,15.6,48.3,7.2,16.0,9.6,86.0,no_watering
Pepper,vegetative,11.2,115,clay,72.6,19.4,28.2,41.4,44.8,17.2,8.4,62.0,no_watering
Potato,flowering,13.4,107,loam,67.8,17.3,28.7,89.0,23.5,24.9,5.3,29.0,water_later
Pepper,vegetative,11.5,136,sandy,69.5,20.1,15.7,80.5,48.6,15.9,8.8,17.0,water_later
Potato,vegetative,23.4,112,loam,36.5,58.8,25.9,63.1,13.8,9.2,3.9,12.0,water_now
Potato,fruiting,22.5,142,loam,39.0,50.3,23.7,61.4,7.0,4.7,4.1,11.0,water_now
Potato,flowering,25.2,106,clay,83.3,34.2,14.0,44.2,63.9,1.9,5.2,108.0,no_watering
Tomato,seedling,8.6,144,clay,77.7,49.8,20.2,82.4,12.2,4.8,5.0,168.0,no_watering
Potato,seedling,10.2,58,sandy,55.7,42.0,24.3,44.9,29.1,9.0,5.3,34.0,water_later
Pepper,flowering,6.1,10,clay,85.7,8.1,18.3,92.3,82.0,1.5,9.6,90.0,no_watering
Potato,vegetative,12.7,127,sandy,63.0,38.1,14.5,42.9,46.4,5.9,7.0,13.0,water_later
Potato,seedling,23.2,58,sandy,79.0,63.7,24.7,90.0,70.9,24.9,3.4,168.0,no_watering
Pepper,seedling,15.1,104,sandy,45.7,100.5,32.8,29.2,11.0,11.4,2.8,82.0,no_watering
Pepper,flowering,15.8,97,sandy,51.0,14.2,28.1,52.3,88.6,4.8,6.6,11.0,water_now
Pepper,seedling,8.2,40,sandy,87.1,14.8,21.5,52.5,54.2,1.4,3.7,168.0,no_watering
Potato,seedling,17.5,96,loam,94.8,9.4,22.4,25.5,39.2,5.8,9.6,63.0,no_watering
Pepper,fruiting,10.4,125,sandy,65.3,11.0,16.8,74.0,33.5,2.0,6.9,11.0,water_now
Pepper,fruiting,15.0,83,loam,40.5,22.7,27.0,77.3,53.4,18.0,9.5,8.0,water_now
Pepper,vegetative,11.8,46,sandy,41.2,85.1,20.4,68.9,23.8,13.1,3.4,13.0,water_later
Potato,vegetative,22.5,148,clay,75.1,16.8,13.0,36.3,34.6,19.4,10.9,36.0,water_later
Potato,vegetative,25.8,37,sandy,66.9,20.2,14.5,46.9,26.2,24.0,5.4,60.0,no_watering
Pepper,vegetative,12.9,3,sandy,53.2,24.8,19.8,40.3,10.2,1.6,10.8,12.0,water_now
Pepper,flowering,7.0,127,clay,79.1,31.9,20.9,57.5,30.2,22.7,6.8,46.0,water_later
Potato,vegetative,29.6,70,clay,62.8,27.9,28.4,26.6,56.1,16.3,8.6,25.0,water_later
Potato,fruiting,25.3,52,sandy,85.7,15.9,18.0,72.0,76.9,17.3,6.4,168.0,no_watering
Pepper,fruiting,10.0,6,clay,71.7,40.6,29.7,74.5,10.2,2.6,3.9,150.0,no_watering
Pepper,fruiting,8.5,132,sandy,43.3,25.0,28.8,79.7,70.9,12.1,8.3,9.0,water_now
Tomato,flowering,10.3,21,clay,49.5,18.9,33.2,50.9,68.8,2.1,7.7,17.0,water_later
Tomato,vegetative,9.8,71,clay,61.4,25.6,32.0,91.5,61.0,22.8,6.3,168.0,no_watering
Potato,fruiting,10.9,118,loam,81.6,11.4,13.9,67.3,10.6,12.4,7.3,58.0,no_watering
Pepper,vegetative,7.6,28,clay,77.1,40.4,16.3,38.8,27.1,5.3,3.2,168.0,no_watering
Tomato,flowering,13.4,67,clay,59.5,31.8,24.7,75.5,73.1,11.5,4.9,168.0,no_watering
Pepper,flowering,14.5,146,sandy,64.9,18.9,25.9,26.6,76.1,13.2,8.5,12.0,water_now
Pepper,flowering,5.5,46,loam,68.1,35.4,18.3,59.1,20.8,15.2,4.6,168.0,no_watering
Pepper,fruiting,9.7,18,clay,86.1,7.2,16.1,46.7,47.2,10.2,9.6,67.0,no_watering
Tomato,fruiting,19.5,78,loam,53.7,19.7,27.2,45.7,26.3,17.5,6.5,11.0,water_now
Tomato,vegetative,18.3,74,sandy,93.7,2.7,27.2,69.8,76.9,3.0,10.3,12.0,water_now
Pepper,flowering,11.9,108,clay,73.8,8.6,33.4,49.6,54.1,18.0,8.6,16.0,water_later
Pepper,seedling,14.2,30,sandy,36.7,78.3,28.2,51.1,69.9,6.6,11.7,14.0,water_later
Pepper,vegetative,15.6,103,loam,75.7,22.9,27.3,32.6,23.2,9.2,3.8,59.0,no_watering
Potato,vegetative,17.2,138,loam,69.6,29.1,26.2,59.9,36.3,22.8,4.9,168.0,no_watering
Potato,flowering,14.8,42,sandy,45.0,65.7,17.2,60.4,0.3,7.3,3.4,13.0,water_later
Pepper,seedling,10.0,42,clay,88.9,29.1,22.9,35.9,41.5,1.2,2.6,168.0,no_watering
Pepper,vegetative,9.8,52,sandy,45.5,28.5,22.9,28.8,64.9,24.7,4.4,168.0,no_watering
Tomato,seedling,14.0,17,loam,93.1,19.4,15.0,76.0,64.9,24.5,2.4,168.0,no_watering
Potato,flowering,16.0,111,sandy,94.0,6.1,18.0,40.2,72.0,19.9,4.5,51.0,no_watering
Tomato,seedling,16.6,141,loam,38.8,168.0,22.1,53.3,8.7,9.1,2.3,38.0,water_later
Pepper,flowering,6.4,65,sandy,72.5,16.9,22.9,66.3,21.1,23.7,3.8,30.0,water_later
Tomato,flowering,22.4,7,sandy,53.6,31.4,18.4,59.7,41.0,4.2,2.5,108.0,no_watering
Potato,fruiting,15.6,73,sandy,67.9,11.9,27.8,66.8,26.4,13.5,5.3,13.0,water_later
Tomato,seedling,15.8,32,clay,78.4,44.6,22.4,87.1,45.2,21.9,8.4,168.0,no_watering
Tomato,seedling,9.0,79,sandy,95.7,5.4,18.9,70.7,32.8,24.1,3.7,168.0,no_watering
Tomato,fruiting,15.9,28,clay,36.9,59.1,15.8,45.1,25.1,17.0,7.2,12.0,water_now
Potato,flowering,19.0,111,sandy,46.0,17.6,16.7,32.7,29.2,7.8,11.3,7.0,water_now
Potato,vegetative,14.3,12,loam,92.7,6.5,22.0,57.8,34.7,20.7,3.3,168.0,no_watering
Tomato,flowering,15.6,97,clay,90.7,3.6,22.2,28.5,33.0,7.3,11.7,35.0,water_later
Potato,seedling,26.7,138,clay,45.9,102.2,16.5,59.2,3.0,0.3,10.7,32.0,water_later
Pepper,vegetative,7.6,147,loam,60.8,16.4,24.5,38.1,72.8,0.2,9.5,13.0,water_later
Pepper,seedling,5.9,28,sandy,60.5,32.8,27.5,88.8,36.4,15.1,5.2,168.0,no_watering
Tomato,seedling,21.0,119,clay,81.2,43.5,24.7,33.0,52.4,10.1,5.5,168.0,no_watering
Tomato,vegetative,10.1,50,sandy,70.5,11.2,31.1,34.9,77.5,24.2,5.5,15.0,water_later
Tomato,fruiting,14.5,134,loam,91.1,2.3,27.9,36.3,46.8,21.6,8.7,14.0,water_later
Pepper,fruiting,5.2,122,clay,53.4,19.0,27.3,40.1,17.5,12.8,12.0,9.0,water_now
Potato,seedling,17.7,4,loam,69.0,43.3,22.8,37.8,85.0,12.0,5.9,168.0,no_watering
Pepper,flowering,7.6,104,sandy,99.9,0.0,15.5,38.0,59.3,0.4,3.4,51.0,no_watering
Tomato,vegetative,17.0,120,clay,52.2,66.7,19.5,40.5,26.0,20.6,10.0,33.0,water_later
Potato,vegetative,22.7,86,clay,80.7,15.6,22.7,73.0,23.4,12.5,11.9,33.0,water_later
Potato,vegetative,23.4,113,clay,82.5,16.0,24.4,78.3,2.7,11.8,11.4,34.0,water_later
Potato,seedling,27.2,12,clay,76.0,52.2,22.5,49.2,45.1,14.7,7.0,168.0,no_watering
Tomato,seedling,12.2,50,loam,63.4,33.3,26.9,41.2,11.4,12.1,9.2,37.0,water_later
Pepper,vegetative,9.3,23,sandy,80.9,12.1,19.9,34.4,72.0,24.9,9.0,18.0,water_later
Tomato,flowering,8.8,136,sandy,85.5,5.4,16.8,68.3,22.8,2.4,7.8,15.0,water_later
Potato,fruiting,17.4,143,loam,35.3,110.0,23.9,79.6,75.0,19.6,2.7,11.0,water_now
Tomato,vegetative,11.2,49,loam,82.8,21.2,23.1,81.9,13.4,14.4,2.0,168.0,no_watering
Potato,flowering,29.9,68,sandy,40.6,39.2,20.1,93.3,17.4,14.3,2.9,12.0,water_now
Potato,seedling,21.8,65,loam,38.5,75.3,28.5,48.1,62.6,21.4,5.6,57.0,no_watering
Tomato,fruiting,15.3,87,clay,58.1,11.9,29.0,54.4,84.7,14.9,10.7,11.0,water_now
Pepper,fruiting,9.5,119,clay,98.9,0.4,30.6,34.7,31.3,2.6,5.8,47.0,water_later
Tomato,fruiting,18.7,127,loam,98.3,0.4,29.0,38.8,14.0,4.9,8.8,15.0,water_later
Pepper,fruiting,13.4,20,sandy,41.4,16.5,29.9,44.1,58.1,20.3,3.8,11.0,water_now
Potato,fruiting,14.2,39,sandy,79.4,5.7,20.7,71.8,18.4,11.3,10.7,13.0,water_later
Tomato,vegetative,17.5,26,clay,36.0,87.0,21.9,41.5,9.1,7.5,7.6,13.0,water_later
Potato,flowering,11.9,34,clay,99.0,0.9,15.7,70.5,62.7,24.1,9.3,168.0,no_watering
Potato,seedling,29.7,105,loam,57.6,98.7,18.5,90.1,78.4,21.6,4.0,168.0,no_watering
Tomato,vegetative,13.2,5,clay,97.7,2.3,17.0,81.1,83.1,3.3,7.4,168.0,no_watering
Potato,flowering,17.5,101,loam,95.5,1.7,21.4,27.9,37.6,23.9,11.3,19.0,water_later
Potato,seedling,19.4,109,loam,47.7,122.4,15.0,90.9,30.5,5.0,8.0,37.0,water_later
Potato,fruiting,12.4,124,loam,60.1,65.4,15.8,57.6,28.7,6.0,4.9,36.0,water_later
Potato,seedling,20.7,39,sandy,65.5,50.7,23.4,73.6,0.4,15.1,4.4,81.0,no_watering
Pepper,vegetative,13.9,99,loam,84.8,10.0,18.7,56.7,34.9,19.2,7.3,65.0,no_watering
Potato,fruiting,19.8,92,clay,63.0,87.8,14.4,28.7,88.0,16.1,2.9,168.0,no_watering
Pepper,fruiting,8.4,117,loam,66.9,21.2,29.5,64.1,10.5,20.5,8.9,11.0,water_now
Pepper,flowering,7.7,65,loam,35.1,42.6,17.5,93.2,26.5,5.8,5.3,10.0,water_now
Potato,flowering,11.1,63,loam,66.0,15.6,22.3,57.6,53.0,1.4,10.5,12.0,water_now
Tomato,flowering,10.1,9,loam,60.5,11.8,32.7,77.7,45.9,16.2,8.2,61.0,no_watering
Potato,vegetative,14.2,123,clay,62.8,33.0,28.0,35.4,27.8,23.3,8.2,36.0,water_later
Potato,flowering,23.6,77,sandy,65.3,12.4,13.8,67.5,35.3,20.0,10.8,10.0,water_now
Tomato,vegetative,13.3,27,sandy,80.0,14.5,27.3,94.2,44.8,1.9,4.3,58.0,no_watering
Tomato,fruiting,13.9,138,sandy,56.6,12.1,19.0,69.6,72.6,10.6,8.0,9.0,water_now
Potato,flowering,21.1,109,sandy,50.3,16.6,23.2,67.5,63.3,13.0,7.4,10.0,water_now
Potato,flowering,12.7,134,sandy,54.4,26.9,21.9,74.1,63.4,6.6,9.7,10.0,water_now
Tomato,flowering,12.0,136,loam,61.1,57.5,28.7,93.5,49.5,23.8,2.3,157.0,no_watering
Pepper,seedling,8.4,148,clay,80.0,17.9,34.9,50.9,71.1,5.0,9.4,85.0,no_watering
Pepper,fruiting,9.2,85,clay,64.4,22.2,32.1,82.0,54.7,8.0,2.5,134.0,no_watering
Potato,seedling,22.8,43,sandy,97.8,1.8,18.7,70.9,43.9,20.7,9.7,168.0,no_watering
Pepper,fruiting,6.1,84,sandy,39.1,9.9,30.3,44.0,12.5,14.7,9.1,7.0,water_now
Pepper,seedling,13.3,110,sandy,79.7,37.8,19.4,27.0,27.3,6.4,3.8,109.0,no_watering
Pepper,vegetative,11.8,104,loam,43.2,52.6,16.2,49.3,2.5,15.3,5.7,13.0,water_later
Pepper,flowering,10.3,35,sandy,53.4,7.1,31.2,46.9,19.0,23.6,11.3,11.0,water_now
Potato,flowering,29.5,30,clay,37.7,48.1,26.7,49.0,4.8,3.4,7.7,12.0,water_now
Tomato,seedling,9.9,87,clay,51.6,76.9,30.1,53.4,18.1,16.0,9.7,42.0,water_later
Tomato,flowering,22.8,108,sandy,92.5,5.3,17.3,59.0,58.6,23.4,6.8,20.0,water_later
Potato,seedling,31.1,15,sandy,70.6,30.7,24.0,89.2,76.6,4.0,6.5,168.0,no_watering
Pepper,seedling,14.7,95,loam,39.4,56.2,29.0,64.8,46.9,16.9,11.6,55.0,no_watering
Tomato,seedling,10.5,136,clay,92.7,9.4,31.5,89.3,69.3,3.5,7.6,159.0,no_watering
Potato,flowering,19.9,11,clay,55.1,64.2,27.0,41.8,59.0,4.7,5.6,113.0,no_watering
Pepper,vegetative,10.8,35,sandy,45.6,22.2,20.2,93.6,63.2,24.2,9.0,39.0,water_later
Tomato,vegetative,9.1,4,sandy,35.7,32.3,27.0,68.6,17.2,16.9,4.6,86.0,no_watering
Pepper,vegetative,10.7,131,clay,72.5,24.5,22.9,41.9,8.1,9.6,5.4,84.0,no_watering
Pepper,vegetative,7.4,45,sandy,99.1,0.3,34.3,37.9,60.3,21.5,5.8,75.0,no_watering
Pepper,fruiting,9.3,50,clay,71.2,22.4,27.9,74.3,16.4,1.8,4.4,60.0,no_watering
Tomato,flowering,18.9,41,sandy,66.9,23.1,20.8,46.6,33.0,20.0,10.5,10.0,water_now
Potato,fruiting,10.3,92,loam,77.4,29.3,15.2,34.4,12.1,19.4,3.0,108.0,no_watering
Potato,vegetative,22.6,35,sandy,79.9,18.0,12.4,93.9,43.8,12.7,3.8,168.0,no_watering
Tomato,vegetative,22.5,54,loam,88.1,7.3,31.7,56.8,87.2,3.9,8.0,37.0,water_later
Pepper,seedling,12.1,105,clay,95.6,10.5,25.4,67.5,71.7,4.0,9.7,144.0,no_watering
Pepper,fruiting,9.7,24,loam,93.9,3.6,32.5,68.6,76.8,5.4,3.7,136.0,no_watering
Potato,flowering,22.4,87,loam,95.9,2.8,22.9,91.3,15.4,23.4,11.6,17.0,water_later
Potato,seedling,22.8,31,loam,83.8,34.3,24.5,46.3,39.5,21.1,5.0,168.0,no_watering
Pepper,vegetative,8.8,66,loam,70.3,16.5,23.8,45.4,52.5,22.5,7.1,62.0,no_watering
Potato,fruiting,20.7,90,sandy,58.7,28.1,12.1,33.2,69.7,10.3,6.1,15.0,water_later
Pepper,seedling,6.1,68,loam,91.8,9.7,27.3,25.4,27.9,4.1,8.2,64.0,no_watering
Pepper,fruiting,11.8,126,clay,85.5,20.1,16.0,76.1,62.3,15.7,2.5,168.0,no_watering
Potato,vegetative,21.1,119,loam,84.6,35.8,12.5,45.7,57.5,0.7,6.2,60.0,no_watering
Tomato,vegetative,13.4,101,sandy,71.5,12.1,17.1,78.6,25.4,17.5,10.1,12.0,water_now
Tomato,fruiting,14.0,128,loam,54.1,21.4,21.2,75.3,56.7,7.9,10.9,10.0,water_now
Tomato,flowering,12.4,95,loam,99.0,0.9,29.3,64.2,77.9,8.3,4.4,106.0,no_watering
Potato,flowering,22.6,34,loam,83.9,7.4,22.7,67.2,31.3,19.0,8.1,37.0,water_later
Potato,flowering,13.1,7,sandy,40.1,17.6,21.4,58.1,49.3,12.4,8.8,9.0,water_now
Potato,fruiting,15.5,4,sandy,62.5,14.6,13.1,30.6,48.9,17.9,10.9,15.0,water_later
Tomato,flowering,18.7,93,clay,83.9,14.6,20.4,94.7,40.7,16.2,5.2,159.0,no_watering
Tomato,seedling,21.6,54,clay,48.5,74.0,21.9,59.4,66.2,4.2,9.8,39.0,water_later
Potato,flowering,13.6,139,sandy,92.0,2.2,23.5,88.3,36.6,6.8,10.1,11.0,water_now
Pepper,fruiting,6.9,86,sandy,56.7,14.1,21.9,74.4,41.2,20.9,5.1,11.0,water_now
Pepper,seedling,15.8,102,sandy,59.6,27.4,33.0,83.0,8.3,16.8,7.8,40.0,water_later
Pepper,seedling,7.3,127,clay,52.1,91.3,22.7,32.0,28.2,19.4,10.2,34.0,water_later
Potato,flowering,21.8,133,clay,61.6,51.7,14.7,57.4,37.4,21.0,2.6,168.0,no_watering
Pepper,fruiting,11.2,75,clay,92.6,4.9,29.1,42.6,11.2,0.3,2.3,109.0,no_watering
Tomato,flowering,21.0,106,loam,91.4,2.9,27.5,26.9,34.5,2.7,8.2,17.0,water_later
Pepper,vegetative,12.7,31,clay,95.3,4.0,27.6,86.7,32.3,21.7,7.6,168.0,no_watering
Potato,flowering,23.0,1,clay,92.9,5.6,13.4,76.3,50.5,2.2,9.4,168.0,no_watering
Potato,seedling,12.6,14,sandy,92.0,13.9,15.9,80.7,21.2,6.9,8.1,154.0,no_watering
Pepper,seedling,12.4,37,clay,67.7,82.2,33.4,78.3,45.9,19.0,3.4,168.0,no_watering
Potato,seedling,28.5,140,sandy,46.2,31.2,24.3,38.4,16.3,1.4,11.5,9.0,water_now
Potato,flowering,24.5,132,clay,66.9,75.5,24.2,85.3,52.8,11.9,3.1,168.0,no_watering
Tomato,flowering,23.6,95,clay,36.1,29.7,27.7,48.8,46.0,4.1,8.2,9.0,water_now
Tomato,fruiting,8.7,118,sandy,96.5,0.9,17.4,81.1,21.5,12.3,8.5,13.0,water_later
Tomato,flowering,8.6,50,loam,83.0,4.2,33.8,88.5,72.6,2.3,10.4,13.0,water_later
Tomato,vegetative,22.7,131,sandy,84.4,14.6,24.9,41.3,77.1,15.3,7.0,60.0,no_watering
Potato,fruiting,23.6,2,loam,40.3,40.4,21.4,95.0,4.8,4.1,6.0,22.0,water_later
Tomato,seedling,21.2,95,loam,59.5,46.6,20.1,57.0,60.1,5.3,9.8,37.0,water_later
Potato,vegetative,12.6,41,sandy,76.1,25.1,23.8,87.2,83.2,9.4,5.3,61.0,no_watering
Potato,flowering,10.6,139,clay,69.2,16.6,14.3,64.4,23.1,6.8,10.4,30.0,water_later
Potato,flowering,26.2,38,sandy,44.5,31.8,19.5,49.6,75.1,24.8,6.7,168.0,no_watering
Tomato,fruiting,21.4,131,loam,96.2,2.0,22.8,64.8,27.1,7.6,7.9,34.0,water_later
Pepper,fruiting,8.4,113,clay,55.6,29.0,16.4,45.5,48.1,19.9,5.2,168.0,no_watering
Pepper,flowering,14.5,84,sandy,51.3,8.7,33.6,67.7,14.0,5.9,11.0,7.0,water_now
Tomato,vegetative,20.4,73,sandy,51.9,18.6,28.4,68.2,43.5,25.0,7.0,10.0,water_now
Pepper,seedling,16.0,148,loam,45.7,102.2,20.3,35.6,0.1,5.1,4.6,39.0,water_later
Potato,vegetative,16.1,7,loam,49.9,55.2,13.7,45.2,26.8,1.7,3.4,87.0,no_watering
Pepper,vegetative,14.1,138,sandy,50.4,19.6,16.0,72.2,50.1,15.7,10.6,8.0,water_now
Pepper,fruiting,7.3,96,clay,69.5,9.9,35.1,36.2,32.9,17.1,11.9,10.0,water_now
Tomato,fruiting,23.1,109,loam,87.0,4.9,18.0,31.1,50.1,8.7,8.0,17.0,water_later
Potato,seedling,21.6,122,clay,52.6,139.2,27.5,80.9,64.0,5.9,8.0,64.0,no_watering
Potato,seedling,19.1,121,loam,77.6,48.3,15.2,71.1,17.6,7.1,7.9,84.0,no_watering
Pepper,seedling,13.5,33,clay,88.9,26.3,24.3,68.8,26.2,6.9,4.7,168.0,no_watering
Potato,seedling,29.0,29,sandy,84.6,23.0,22.4,30.7,12.0,16.2,9.4,42.0,water_later
Potato,fruiting,26.8,73,clay,89.5,22.4,14.9,42.8,80.6,2.1,7.0,84.0,no_watering
Tomato,flowering,15.9,46,sandy,74.0,19.1,30.4,91.0,10.0,24.7,6.3,33.0,water_later
Potato,vegetative,20.4,86,sandy,58.4,21.9,14.8,44.7,56.6,1.9,8.5,11.0,water_now
Potato,vegetative,11.9,54,sandy,72.5,11.4,27.9,64.6,82.3,23.3,6.9,33.0,water_later
Potato,seedling,11.2,100,loam,65.3,77.3,16.7,93.1,11.4,2.4,9.5,40.0,water_later
Pepper,fruiting,9.0,129,clay,90.9,9.3,15.5,27.4,21.5,19.5,4.2,111.0,no_watering
Potato,vegetative,22.1,41,clay,86.6,7.9,26.6,56.6,81.9,12.6,8.4,168.0,no_watering
Pepper,vegetative,14.5,29,sandy,40.1,25.7,34.4,32.5,76.8,24.3,7.9,32.0,water_later
Tomato,seedling,10.2,23,clay,48.4,137.3,27.6,90.4,13.8,11.0,9.4,58.0,no_watering
Tomato,fruiting,20.5,23,sandy,79.0,3.3,27.8,64.0,14.4,7.0,11.3,11.0,water_now
Pepper,flowering,15.5,14,sandy,49.5,15.4,30.9,72.1,33.4,22.5,6.9,26.0,water_later
Tomato,vegetative,14.2,31,sandy,92.8,2.7,19.3,94.9,14.3,24.4,11.3,19.0,water_later
Pepper,fruiting,14.5,46,loam,80.4,13.0,30.7,33.8,39.6,0.3,6.1,24.0,water_later
Pepper,flowering,15.3,64,loam,80.0,5.2,30.9,45.6,87.3,3.7,9.6,14.0,water_later
Potato,fruiting,21.7,6,clay,89.7,12.7,18.4,41.1,58.2,7.3,2.8,168.0,no_watering
Potato,fruiting,30.1,132,loam,57.6,75.7,15.8,32.6,54.3,4.6,2.5,132.0,no_watering
Tomato,flowering,12.5,96,loam,79.0,20.8,18.5,25.3,55.0,19.7,5.5,168.0,no_watering
Potato,fruiting,28.4,53,clay,69.3,55.5,12.5,81.3,45.2,23.7,4.4,168.0,no_watering
Pepper,flowering,8.5,106,clay,64.2,13.0,28.3,56.4,23.4,8.7,9.7,16.0,water_later
Tomato,seedling,19.7,39,loam,86.8,16.2,31.1,39.9,88.2,22.2,7.3,168.0,no_watering
Pepper,seedling,13.9,114,loam,91.8,5.6,33.7,56.7,20.9,19.0,10.6,37.0,water_later
Pepper,seedling,11.0,17,clay,95.1,11.7,23.5,55.7,76.2,22.4,8.7,168.0,no_watering
Tomato,vegetative,20.9,51,clay,71.6,35.3,22.8,30.0,19.5,22.5,9.1,60.0,no_watering
Tomato,vegetative,19.7,120,sandy,76.6,10.3,26.8,80.4,50.4,12.1,10.7,12.0,water_now
Tomato,flowering,11.3,10,clay,40.0,55.1,18.4,64.4,28.1,10.2,4.5,168.0,no_watering
Tomato,fruiting,10.5,49,sandy,77.8,9.2,25.7,92.9,85.8,9.7,4.9,34.0,water_later
Potato,vegetative,13.4,14,sandy,73.4,23.9,24.4,79.1,7.0,4.7,7.2,34.0,water_later
Tomato,fruiting,8.4,71,sandy,64.8,10.2,23.7,62.0,62.8,11.9,6.1,15.0,water_later
Tomato,fruiting,20.8,13,loam,66.9,8.9,30.1,56.3,1.5,10.0,8.1,17.0,water_later
Potato,fruiting,20.4,94,sandy,39.1,64.1,12.9,66.6,62.0,10.0,6.6,9.0,water_now
Tomato,seedling,14.0,10,sandy,87.7,24.2,15.1,88.7,1.9,0.2,9.9,89.0,no_watering
Tomato,vegetative,19.6,15,clay,91.8,14.2,18.2,52.7,67.1,3.0,10.3,128.0,no_watering
Tomato,seedling,19.7,66,loam,42.3,63.2,25.8,80.3,46.6,11.9,9.3,13.0,water_later
Tomato,seedling,12.5,27,loam,85.5,24.3,20.8,30.7,13.5,3.8,10.0,85.0,no_watering
Potato,fruiting,15.7,65,clay,56.4,49.0,14.3,92.9,13.1,1.6,7.9,38.0,water_later
Pepper,seedling,14.5,49,clay,86.1,26.7,18.3,47.9,87.5,17.7,10.5,168.0,no_watering
Potato,vegetative,29.8,40,loam,44.2,29.0,13.4,61.3,47.2,8.3,11.6,11.0,water_now
Pepper,flowering,5.0,37,sandy,77.3,3.5,33.5,45.6,33.7,5.7,11.7,9.0,water_now
Pepper,flowering,8.2,3,sandy,97.5,1.6,24.3,91.0,8.1,5.2,10.4,32.0,water_later
Potato,vegetative,10.3,78,loam,89.1,12.4,13.8,61.7,15.0,12.8,6.5,57.0,no_watering
Potato,seedling,21.0,5,clay,93.4,11.1,15.3,29.3,52.1,9.7,11.2,168.0,no_watering
Pepper,fruiting,6.9,47,loam,81.1,4.6,22.9,69.3,54.9,1.8,11.5,14.0,water_later
Tomato,flowering,20.7,148,loam,99.8,0.1,24.4,93.9,87.3,15.9,5.0,110.0,no_watering
Pepper,flowering,15.0,52,clay,50.9,23.7,22.2,57.3,22.9,11.6,11.5,12.0,water_now
Potato,vegetative,24.0,115,sandy,49.0,29.6,15.0,88.6,38.4,8.0,6.6,32.0,water_later
Potato,flowering,12.8,52,loam,53.8,15.2,26.6,78.8,24.8,1.5,9.7,11.0,water_now
Potato,seedling,25.8,133,loam,60.0,78.3,14.6,32.0,50.7,9.0,5.0,158.0,no_watering
Tomato,vegetative,23.7,53,clay,97.2,5.9,19.1,93.6,37.6,20.2,5.1,168.0,no_watering
Potato,fruiting,28.0,146,sandy,93.6,2.9,25.1,72.0,88.0,21.0,5.0,168.0,no_watering
Potato,seedling,12.5,55,clay,39.8,168.0,16.0,69.5,41.1,24.3,8.4,168.0,no_watering
Pepper,seedling,6.3,53,sandy,76.4,20.7,16.7,77.4,54.9,4.0,7.3,136.0,no_watering
Tomato,flowering,16.7,134,sandy,72.5,11.7,31.6,89.4,40.4,15.9,5.4,33.0,water_later
Pepper,fruiting,14.0,98,loam,91.7,10.0,27.7,80.0,54.3,20.7,3.4,59.0,no_watering
Tomato,flowering,12.7,51,sandy,44.0,21.7,15.3,34.7,50.9,3.7,6.9,10.0,water_now
Pepper,vegetative,11.1,121,sandy,47.8,17.7,32.5,61.8,37.5,5.7,5.8,10.0,water_now
Tomato,seedling,13.0,132,clay,90.9,21.0,16.5,29.3,42.8,2.0,5.4,168.0,no_watering
Pepper,vegetative,9.8,39,clay,86.6,9.0,33.8,34.4,34.3,2.8,4.2,132.0,no_watering
Potato,vegetative,28.3,103,clay,67.3,45.1,24.4,86.0,65.4,20.8,2.6,168.0,no_watering
Pepper,seedling,8.9,51,loam,86.4,24.3,21.0,58.2,71.7,23.7,4.5,168.0,no_watering
Tomato,flowering,13.3,119,sandy,73.3,14.7,26.5,88.9,30.6,17.3,7.6,12.0,water_now
Potato,flowering,13.3,124,sandy,74.7,19.0,12.4,32.9,42.6,13.2,8.4,12.0,water_now
Pepper,flowering,7.3,58,clay,63.6,13.8,30.5,70.4,11.5,18.6,9.2,32.0,water_later
Tomato,vegetative,11.8,94,sandy,89.3,3.2,21.4,41.9,11.5,8.7,11.3,12.0,water_now
Tomato,flowering,21.8,33,loam,48.4,32.3,18.5,69.8,15.8,9.0,6.0,16.0,water_later
Pepper,fruiting,13.9,74,loam,42.6,29.9,17.6,95.0,60.0,9.1,9.4,11.0,water_now
Pepper,vegetative,14.8,47,loam,40.6,42.9,32.5,69.2,49.8,22.1,3.2,168.0,no_watering
Tomato,fruiting,22.9,102,clay,49.0,21.9,19.4,91.6,7.5,1.4,10.8,11.0,water_now
Pepper,vegetative,8.6,117,loam,62.6,64.6,18.3,88.6,77.0,10.8,4.1,168.0,no_watering
Tomato,seedling,18.3,84,clay,69.7,57.2,26.7,90.3,13.8,17.4,6.2,168.0,no_watering
Pepper,seedling,8.5,112,loam,80.0,33.8,23.3,55.8,31.8,20.7,3.4,168.0,no_watering
Potato,seedling,25.0,50,clay,97.8,5.3,22.9,94.8,77.5,7.3,7.5,168.0,no_watering
Pepper,vegetative,7.3,47,clay,84.2,10.9,31.1,30.9,2.6,9.7,5.2,84.0,no_watering
Tomato,seedling,16.3,35,loam,81.5,33.3,22.5,73.5,33.2,3.1,9.8,107.0,no_watering
Tomato,vegetative,17.5,110,sandy,48.0,32.9,16.7,82.3,21.6,15.5,6.0,16.0,water_later
Tomato,flowering,16.2,97,sandy,91.5,8.9,28.0,91.7,70.4,20.4,5.1,40.0,water_later
Pepper,fruiting,10.2,52,clay,62.3,24.2,21.1,70.4,9.0,5.2,4.9,58.0,no_watering
Tomato,vegetative,20.1,6,clay,92.8,4.0,31.8,40.5,41.1,8.8,9.9,128.0,no_watering
Potato,fruiting,18.9,108,loam,93.9,17.6,12.9,95.0,34.4,10.7,3.9,168.0,no_watering
Potato,flowering,10.4,62,loam,96.7,1.6,27.9,74.8,31.2,21.2,6.3,168.0,no_watering
Tomato,fruiting,20.2,41,sandy,81.1,15.8,19.8,44.0,60.7,20.9,3.1,168.0,no_watering
Potato,fruiting,21.4,132,sandy,85.2,13.9,20.8,39.7,49.7,17.2,7.8,17.0,water_later
Potato,fruiting,12.3,95,clay,73.5,16.4,22.7,62.2,13.1,2.0,7.5,38.0,water_later
Potato,vegetative,22.3,50,sandy,91.9,6.9,26.6,91.8,8.8,13.1,7.3,32.0,water_later
Pepper,flowering,10.0,126,clay,68.8,28.0,30.6,32.2,67.4,3.2,2.3,131.0,no_watering
Pepper,seedling,8.7,51,loam,42.0,95.7,29.4,68.0,67.5,12.2,3.7,168.0,no_watering
Tomato,seedling,11.3,49,sandy,53.8,73.0,31.1,78.7,64.2,19.8,6.6,16.0,water_later
Potato,fruiting,27.6,10,loam,96.9,1.4,25.3,49.1,77.5,22.0,8.2,168.0,no_watering
Pepper,fruiting,11.9,50,loam,64.6,26.0,22.1,51.8,48.1,4.9,8.0,14.0,water_later
Potato,seedling,29.1,43,sandy,86.0,29.0,28.8,38.7,1.1,11.8,3.2,110.0,no_watering
Pepper,fruiting,8.6,22,clay,55.5,39.5,21.3,77.1,46.4,22.2,6.3,168.0,no_watering
Tomato,vegetative,9.7,42,loam,70.3,24.5,17.4,48.1,3.6,19.5,5.3,62.0,no_watering
Tomato,seedling,13.4,49,clay,38.5,143.9,19.0,78.5,37.6,14.1,5.8,168.0,no_watering
Potato,vegetative,22.0,51,loam,40.1,50.4,25.4,45.5,21.5,20.0,10.8,8.0,water_now
Potato,vegetative,15.8,109,sandy,64.8,13.7,26.1,26.8,87.7,23.6,5.7,168.0,no_watering
Pepper,flowering,9.6,130,loam,62.4,34.5,18.3,74.9,80.3,5.8,2.4,168.0,no_watering
Pepper,fruiting,10.0,31,clay,93.2,2.4,21.5,31.6,42.2,3.1,10.6,40.0,water_later
Tomato,vegetative,23.8,37,sandy,94.4,2.4,16.0,25.9,66.3,12.8,8.7,38.0,water_later
Potato,seedling,30.2,99,sandy,88.0,14.9,20.3,73.1,39.3,9.9,11.2,34.0,water_later
Pepper,flowering,6.1,96,loam,86.4,4.1,34.9,90.2,42.0,13.7,6.7,35.0,water_later
Pepper,fruiting,11.8,13,loam,40.5,13.7,33.5,57.6,82.6,15.0,7.8,10.0,water_now
Pepper,seedling,12.1,96,sandy,94.0,5.0,27.9,90.2,51.4,8.9,7.9,88.0,no_watering
Potato,vegetative,30.9,99,loam,60.5,16.8,25.0,71.9,54.6,13.1,11.6,13.0,water_later
Tomato,seedling,11.7,137,sandy,76.7,19.8,32.9,90.8,23.5,2.4,5.3,38.0,water_later
Tomato,seedling,19.7,126,sandy,87.4,18.5,34.0,51.2,25.4,9.3,3.0,168.0,no_watering
Tomato,vegetative,19.4,118,sandy,39.6,19.1,27.0,64.9,84.8,17.0,10.6,9.0,water_now
Potato,fruiting,11.2,104,loam,70.3,20.3,25.1,39.4,51.1,10.3,11.6,14.0,water_later
Tomato,seedling,23.2,108,sandy,55.9,35.4,32.9,38.7,88.8,3.0,5.0,37.0,water_later
Tomato,vegetative,18.9,37,clay,91.4,7.1,20.8,82.6,83.7,4.5,8.4,168.0,no_watering
Tomato,seedling,16.3,42,sandy,98.2,2.4,21.3,89.6,87.9,11.3,5.1,168.0,no_watering
Pepper,flowering,7.0,23,loam,40.0,36.3,20.1,59.4,5.6,22.1,4.5,13.0,water_later
Tomato,fruiting,21.9,139,loam,85.9,4.7,22.5,84.2,73.3,18.2,9.6,15.0,water_later
Potato,vegetative,31.2,40,sandy,41.7,47.5,22.9,37.4,69.0,2.0,2.4,35.0,water_later
Tomato,fruiting,20.3,22,sandy,71.9,12.4,33.7,76.2,61.9,16.6,6.9,13.0,water_later
Pepper,fruiting,14.0,59,sandy,76.2,4.5,28.1,54.4,43.3,6.9,8.4,10.0,water_now
Tomato,fruiting,13.1,138,sandy,68.0,8.2,28.1,88.1,19.3,12.8,6.3,11.0,water_now
Pepper,fruiting,6.1,128,clay,72.4,12.0,33.6,57.4,59.0,15.1,3.8,86.0,no_watering
Pepper,fruiting,12.9,26,sandy,66.8,18.5,25.0,71.6,39.5,21.5,9.5,11.0,water_now
Tomato,flowering,12.9,2,sandy,96.7,0.9,18.5,60.4,54.6,12.4,10.5,60.0,no_watering
Tomato,fruiting,23.8,14,loam,89.2,1.9,33.4,54.7,68.7,13.5,11.5,37.0,water_later
Potato,flowering,23.2,108,sandy,47.6,48.2,20.7,73.8,12.7,9.5,8.0,9.0,water_now
Pepper,fruiting,5.3,118,loam,99.2,0.3,29.4,57.9,25.8,12.1,5.7,36.0,water_later
Pepper,flowering,7.4,17,sandy,53.7,7.7,27.2,43.2,11.6,4.3,11.5,8.0,water_now
Pepper,seedling,7.8,1,loam,50.5,77.7,17.9,54.5,25.3,22.6,5.1,168.0,no_watering
Potato,fruiting,15.1,98,sandy,62.6,27.0,16.9,64.9,44.2,10.7,8.6,11.0,water_now
Potato,vegetative,27.7,79,sandy,39.0,20.8,28.4,29.2,76.1,13.2,11.6,6.0,water_now
Pepper,flowering,6.2,37,clay,89.5,5.9,24.7,66.1,78.6,19.5,8.0,168.0,no_watering
Tomato,vegetative,11.9,108,clay,62.9,58.6,18.7,38.7,35.9,14.5,6.5,156.0,no_watering
Tomato,flowering,16.2,149,clay,63.2,23.2,33.2,39.7,31.4,18.6,10.7,12.0,water_now
Pepper,seedling,10.4,74,loam,75.0,22.5,32.4,67.2,65.9,9.0,9.1,61.0,no_watering
Potato,seedling,18.3,139,sandy,37.0,60.1,20.8,89.7,15.9,22.7,8.0,9.0,water_now
Potato,flowering,11.3,80,clay,61.5,23.6,18.7,35.8,80.8,11.2,9.2,17.0,water_later
Pepper,fruiting,13.9,12,clay,81.3,8.7,26.3,53.9,89.6,24.6,6.4,168.0,no_watering
Pepper,fruiting,7.9,33,sandy,72.0,17.5,24.0,91.5,43.7,1.1,7.7,14.0,water_later
Tomato,flowering,10.2,75,clay,53.2,45.3,17.2,74.6,35.1,2.7,4.4,58.0,no_watering
Pepper,seedling,11.8,36,loam,44.2,131.2,32.3,77.8,32.8,11.8,2.8,168.0,no_watering
Pepper,fruiting,14.3,49,clay,87.5,3.9,27.6,49.4,1.0,3.5,9.7,33.0,water_later
Potato,flowering,28.6,93,sandy,85.4,16.7,20.6,74.8,53.0,12.8,5.5,28.0,water_later
Potato,vegetative,27.3,10,sandy,55.3,11.2,28.6,70.1,24.1,0.7,10.8,11.0,water_now
Pepper,vegetative,8.8,57,loam,53.7,51.8,27.8,51.2,26.4,14.1,4.3,85.0,no_watering
Potato,seedling,20.7,104,sandy,64.7,53.7,24.3,65.2,27.7,22.7,8.4,16.0,water_later
Potato,seedling,26.6,69,loam,35.7,168.0,17.5,41.9,32.7,1.5,11.5,9.0,water_now
Pepper,fruiting,13.9,128,clay,80.0,5.1,35.7,67.8,62.3,22.4,9.6,14.0,water_later
Pepper,flowering,7.6,131,loam,42.6,21.3,26.6,70.4,13.9,23.9,8.8,8.0,water_now
Pepper,flowering,14.6,52,clay,93.8,7.0,16.1,53.2,47.7,23.2,10.6,60.0,no_watering
Potato,vegetative,29.1,65,loam,51.8,49.5,27.2,36.0,16.4,4.5,3.4,35.0,water_later
Pepper,flowering,8.1,67,clay,72.3,32.5,16.8,68.5,50.8,5.0,9.7,39.0,water_later
Tomato,seedling,13.1,114,clay,35.9,168.0,26.1,66.1,53.8,17.7,2.4,38.0,water_later
Pepper,vegetative,9.5,106,loam,68.7,26.1,17.4,80.0,45.2,2.8,10.1,16.0,water_later
Tomato,seedling,19.0,82,loam,44.4,77.7,26.0,67.1,80.0,20.1,10.3,40.0,water_later
Potato,fruiting,13.0,54,clay,76.7,48.6,21.8,90.7,6.7,9.0,2.1,168.0,no_watering
Pepper,seedling,11.2,109,sandy,77.4,35.3,19.0,32.5,31.8,25.0,3.0,168.0,no_watering
Pepper,flowering,7.9,37,sandy,52.7,5.8,34.7,29.8,84.9,20.7,11.7,7.0,water_now
Pepper,fruiting,5.8,38,clay,96.2,1.2,31.2,88.3,41.2,13.2,8.4,89.0,no_watering
Pepper,fruiting,9.2,2,loam,38.1,23.3,19.7,85.1,58.4,7.7,11.3,9.0,water_now
Pepper,seedling,9.0,50,clay,85.7,20.0,33.0,34.7,37.5,15.7,10.9,168.0,no_watering
Pepper,fruiting,14.2,128,sandy,57.7,14.8,32.8,83.1,58.0,17.4,2.3,13.0,water_later
Pepper,fruiting,10.9,139,sandy,80.5,5.0,27.1,82.8,27.8,6.7,6.8,13.0,water_later
Tomato,seedling,19.3,139,clay,84.9,22.4,21.2,35.7,72.7,0.5,8.9,111.0,no_watering
Tomato,vegetative,15.3,101,loam,84.7,20.6,32.2,44.0,20.5,2.0,2.7,84.0,no_watering
Potato,seedling,12.9,139,sandy,66.5,47.6,23.0,78.3,9.8,5.5,3.3,62.0,no_watering
Tomato,seedling,17.8,80,sandy,59.0,27.0,33.7,42.0,69.1,0.3,12.0,10.0,water_now
Pepper,vegetative,13.8,61,loam,76.1,14.1,30.5,37.6,80.9,13.8,6.4,136.0,no_watering
Potato,seedling,26.5,86,loam,38.2,132.3,28.3,89.4,31.5,22.0,2.4,168.0,no_watering
Tomato,seedling,13.2,103,loam,41.0,156.2,30.8,85.6,88.9,18.7,2.5,168.0,no_watering
Pepper,seedling,11.2,108,loam,94.2,8.7,16.0,58.7,9.6,7.1,8.2,105.0,no_watering
Potato,seedling,17.6,61,loam,42.4,88.3,24.9,69.4,80.0,16.4,9.9,168.0,no_watering
Pepper,seedling,10.0,59,sandy,58.6,57.9,15.7,85.7,48.3,9.1,6.1,168.0,no_watering
Pepper,flowering,7.6,54,loam,95.5,2.3,33.3,72.9,55.9,8.8,4.2,60.0,no_watering
Tomato,vegetative,18.6,64,clay,50.1,79.8,20.2,89.6,16.6,10.7,10.0,16.0,water_later
Potato,flowering,23.5,35,sandy,60.0,31.8,13.8,70.4,19.6,8.4,3.0,38.0,water_later
Potato,flowering,26.5,52,clay,48.0,69.6,15.4,71.1,10.2,2.7,2.8,83.0,no_watering
Tomato,vegetative,15.8,67,clay,98.6,1.5,20.5,38.1,67.3,5.7,5.1,168.0,no_watering
Potato,seedling,20.6,52,sandy,61.5,27.0,18.5,67.7,49.2,16.7,11.7,86.0,no_watering
Pepper,vegetative,6.3,67,loam,79.3,22.6,28.3,77.6,40.2,0.7,9.0,17.0,water_later
Tomato,fruiting,10.4,86,loam,61.5,13.7,26.9,32.3,76.4,9.6,6.9,12.0,water_now
Tomato,flowering,12.2,88,loam,55.6,53.1,21.2,31.0,85.4,3.2,2.4,62.0,no_watering
Pepper,vegetative,10.7,13,loam,39.3,45.5,24.1,46.8,40.6,22.3,4.5,168.0,no_watering
Potato,fruiting,15.5,53,loam,100.0,0.0,27.5,46.3,16.1,2.4,5.3,61.0,no_watering
Pepper,seedling,8.0,71,sandy,54.4,30.7,34.8,32.6,16.9,10.6,8.8,11.0,water_now
Pepper,seedling,13.0,73,sandy,67.9,31.8,16.9,43.7,51.6,12.0,8.3,39.0,water_later
Potato,flowering,29.9,49,clay,72.9,36.9,13.7,65.8,69.7,13.6,3.0,168.0,no_watering
Tomato,fruiting,16.8,78,sandy,62.7,6.3,33.2,57.7,48.2,6.0,7.9,10.0,water_now
Potato,seedling,18.4,4,sandy,81.4,13.0,21.2,62.1,53.5,0.8,10.6,65.0,no_watering
Tomato,flowering,19.6,1,sandy,36.4,53.2,22.3,42.6,32.2,18.1,2.0,168.0,no_watering
Potato,seedling,21.3,57,loam,36.9,105.1,26.3,58.6,64.3,3.5,4.1,15.0,water_later
Tomato,vegetative,11.3,22,loam,56.1,25.1,24.4,83.3,58.4,22.3,8.1,58.0,no_watering
Potato,seedling,15.7,39,clay,45.7,76.2,16.0,39.8,18.5,24.1,10.4,168.0,no_watering
Pepper,vegetative,15.6,99,sandy,89.8,5.7,26.8,87.2,72.8,14.7,9.7,13.0,water_later
Tomato,fruiting,8.9,70,clay,71.5,27.5,22.2,29.3,79.4,17.5,2.3,168.0,no_watering
Pepper,vegetative,6.3,65,sandy,74.5,5.1,32.9,45.4,37.8,17.9,9.9,10.0,water_now
Tomato,flowering,22.8,86,clay,61.8,29.4,31.8,37.1,16.5,4.7,2.4,82.0,no_watering
Tomato,flowering,21.6,131,clay,73.8,21.8,26.6,68.1,50.6,4.2,7.4,40.0,water_later
Tomato,fruiting,12.5,47,loam,63.9,20.9,24.2,37.3,14.6,21.2,4.7,34.0,water_later
Potato,flowering,31.9,12,loam,62.5,51.3,15.4,38.2,0.3,4.2,6.9,56.0,no_watering
Tomato,vegetative,11.6,102,sandy,58.2,14.8,29.4,74.0,23.6,1.8,7.2,11.0,water_now
Potato,vegetative,28.1,76,loam,84.0,13.5,17.7,72.3,64.1,5.8,9.6,34.0,water_later
Potato,vegetative,22.4,140,clay,49.0,33.7,14.2,35.5,62.0,23.3,10.7,31.0,water_later
Tomato,seedling,13.6,65,sandy,59.7,48.7,24.3,72.6,47.9,14.4,4.9,108.0,no_watering
Potato,vegetative,31.4,3,loam,85.7,11.1,16.3,32.1,4.2,22.8,5.6,156.0,no_watering
Tomato,seedling,10.6,15,loam,57.0,91.2,31.9,75.1,73.2,14.9,4.1,168.0,no_watering
Tomato,vegetative,10.5,35,sandy,43.2,40.3,21.7,43.2,12.0,18.6,4.6,12.0,water_now
Tomato,seedling,12.7,125,loam,77.0,58.5,21.1,88.6,35.3,13.6,3.1,168.0,no_watering
Pepper,seedling,13.4,63,sandy,84.5,15.5,35.2,72.5,26.9,4.9,8.4,33.0,water_later
Potato,fruiting,14.2,123,sandy,37.6,21.7,18.0,43.8,50.6,4.7,8.1,8.0,water_now
Pepper,fruiting,5.9,21,loam,41.5,21.0,24.6,37.3,87.0,23.5,9.0,17.0,water_later
Pepper,fruiting,12.0,4,loam,92.1,2.8,18.4,51.7,60.8,5.8,10.8,57.0,no_watering
Potato,fruiting,21.2,140,clay,66.3,27.4,28.6,67.0,89.2,14.2,5.7,87.0,no_watering
Potato,vegetative,24.7,84,clay,43.0,27.7,28.2,94.9,73.6,17.0,12.0,10.0,water_now
Pepper,seedling,6.9,54,sandy,35.6,45.2,35.2,30.8,10.2,21.2,9.0,7.0,water_now
Potato,fruiting,29.9,6,sandy,48.3,25.4,27.3,89.5,45.4,20.4,4.1,168.0,no_watering
Pepper,fruiting,15.6,41,clay,59.0,13.2,25.5,81.7,6.3,9.6,11.4,14.0,water_later
Tomato,seedling,19.4,126,clay,40.5,64.1,28.2,49.8,18.6,15.3,10.5,13.0,water_later
Potato,flowering,25.1,7,loam,58.0,98.2,16.9,39.1,18.4,1.4,2.2,157.0,no_watering
Tomato,fruiting,13.3,91,loam,99.3,0.2,22.9,64.0,54.7,24.7,8.3,27.0,water_later
Potato,flowering,14.5,16,loam,53.0,43.8,27.3,38.2,31.1,21.7,4.6,106.0,no_watering
Pepper,seedling,9.7,102,sandy,93.2,4.9,28.5,78.3,4.3,14.4,9.6,39.0,water_later
Potato,seedling,17.0,3,sandy,35.1,91.5,25.6,46.1,7.1,6.1,3.0,20.0,water_later
Pepper,flowering,12.9,28,loam,85.9,6.6,35.4,73.2,72.3,7.6,11.1,16.0,water_later
Pepper,flowering,12.6,60,clay,57.1,29.8,29.7,76.8,76.3,3.2,3.8,63.0,no_watering
Potato,seedling,20.0,123,clay,50.4,91.9,24.0,44.4,72.5,10.0,5.7,168.0,no_watering
Pepper,vegetative,10.0,97,clay,46.5,71.1,32.1,94.7,9.2,3.8,7.0,14.0,water_later
Pepper,fruiting,6.4,2,loam,37.5,46.7,20.5,36.2,68.6,11.7,9.7,9.0,water_now
Tomato,fruiting,18.8,70,clay,79.6,19.3,21.8,89.0,58.4,5.9,10.3,34.0,water_later
Tomato,vegetative,18.7,46,clay,65.8,37.2,21.7,39.3,58.2,11.7,7.0,111.0,no_watering
Pepper,fruiting,7.0,36,sandy,37.3,22.4,22.7,57.7,2.2,5.0,6.9,8.0,water_now
Tomato,flowering,23.2,136,sandy,84.6,11.8,25.9,81.6,6.3,2.5,4.7,33.0,water_later
Potato,fruiting,21.1,98,sandy,80.0,13.0,22.4,94.1,17.8,9.2,9.5,12.0,water_now
Tomato,seedling,17.5,18,loam,97.6,3.2,30.8,27.1,6.8,20.5,4.1,168.0,no_watering
Pepper,vegetative,14.4,106,loam,61.1,30.2,29.9,55.2,29.6,18.7,2.9,168.0,no_watering
Pepper,vegetative,7.0,77,sandy,56.1,19.1,30.9,34.5,28.9,4.7,3.4,13.0,water_later
Potato,fruiting,26.8,82,loam,61.4,24.4,21.7,74.8,89.9,5.5,8.0,14.0,water_later
Tomato,fruiting,8.0,104,sandy,53.7,11.0,28.0,45.6,70.8,16.0,11.5,7.0,water_now
Pepper,seedling,6.7,3,loam,92.4,10.2,20.5,57.2,36.0,3.5,4.0,168.0,no_watering
Tomato,vegetative,18.4,91,sandy,78.9,8.0,25.9,42.7,35.7,20.5,10.7,16.0,water_later
Pepper,vegetative,10.1,141,loam,61.4,16.8,18.2,30.2,18.2,12.2,11.1,12.0,water_now
Potato,fruiting,23.4,77,sandy,75.9,15.1,19.4,71.1,63.8,0.1,5.9,16.0,water_later
Tomato,vegetative,11.3,21,clay,87.2,12.4,17.5,68.1,8.5,11.3,7.6,168.0,no_watering
Potato,fruiting,24.7,15,clay,54.3,60.4,20.2,67.2,48.6,3.0,5.8,134.0,no_watering
Pepper,flowering,9.6,49,loam,48.6,47.5,17.6,54.1,62.2,10.0,2.4,89.0,no_watering
Pepper,vegetative,14.2,113,loam,61.3,18.3,35.4,57.1,50.9,9.5,5.1,15.0,water_later
Potato,flowering,23.5,7,loam,97.0,1.3,22.6,38.3,49.2,8.4,9.3,84.0,no_watering
Tomato,fruiting,17.1,72,clay,49.5,21.5,18.6,82.0,75.3,18.2,10.8,37.0,water_later
Potato,seedling,11.7,131,sandy,89.8,16.8,12.8,57.8,56.3,24.0,2.2,168.0,no_watering
Potato,flowering,25.4,22,sandy,75.7,14.4,26.0,73.6,4.1,5.1,3.4,58.0,no_watering
Potato,vegetative,14.9,94,sandy,41.9,28.3,21.8,68.2,89.3,14.6,5.6,14.0,water_later
Potato,fruiting,30.2,59,clay,45.2,51.0,16.1,82.7,39.4,13.3,6.6,38.0,water_later
Tomato,fruiting,8.1,46,loam,85.1,10.6,25.5,45.5,61.8,19.9,3.3,168.0,no_watering
Pepper,fruiting,8.0,101,sandy,59.8,13.2,15.5,53.2,76.0,15.9,10.2,8.0,water_now
Potato,seedling,22.9,2,sandy,73.4,78.9,24.0,34.9,0.4,6.8,3.7,168.0,no_watering
Potato,vegetative,22.9,95,sandy,70.7,9.8,29.0,87.9,53.2,6.2,7.8,13.0,water_later
Tomato,flowering,23.9,43,sandy,97.4,0.8,34.0,77.7,76.2,4.3,4.8,36.0,water_later
Potato,vegetative,22.5,138,clay,68.8,55.5,27.1,92.5,71.7,10.2,3.4,168.0,no_watering
Pepper,vegetative,15.8,50,clay,38.8,46.9,35.2,81.6,77.8,23.6,4.7,168.0,no_watering
Potato,fruiting,15.1,107,clay,98.6,1.5,16.1,32.3,26.5,0.9,6.9,84.0,no_watering
Pepper,vegetative,6.9,131,sandy,81.7,8.8,32.9,48.4,48.1,13.2,4.7,34.0,water_later
Pepper,vegetative,8.5,62,loam,53.4,43.8,25.9,94.5,45.0,20.1,3.2,168.0,no_watering
Tomato,vegetative,19.0,97,sandy,38.8,42.1,26.8,80.5,84.6,13.0,3.0,84.0,no_watering
Potato,flowering,25.1,58,sandy,94.5,3.6,26.3,63.6,11.8,19.1,7.3,16.0,water_later
Tomato,flowering,18.1,144,sandy,73.5,11.9,26.2,52.8,48.4,21.2,3.6,134.0,no_watering
Tomato,flowering,14.9,60,sandy,60.7,8.9,30.4,52.9,52.5,11.6,10.2,8.0,water_now
Potato,flowering,29.2,30,sandy,40.8,23.1,20.7,73.0,85.9,5.7,6.6,11.0,water_now
Potato,fruiting,26.4,35,clay,84.6,15.9,17.9,31.2,0.2,15.7,8.5,79.0,no_watering
Tomato,vegetative,23.1,133,sandy,89.5,6.7,19.1,74.3,8.3,18.5,9.0,31.0,water_later
Tomato,seedling,12.4,49,loam,75.7,60.1,20.6,51.7,37.1,7.5,6.6,168.0,no_watering
Tomato,seedling,22.9,2,sandy,74.6,27.9,26.2,54.4,23.2,15.5,9.2,111.0,no_watering
Potato,seedling,14.4,58,sandy,90.8,9.1,12.7,26.8,83.7,9.7,9.8,84.0,no_watering
Pepper,flowering,14.4,139,clay,43.8,29.8,21.5,73.3,47.0,3.2,8.7,11.0,water_now
Potato,seedling,21.3,39,loam,49.7,103.0,21.1,65.2,29.4,11.0,8.0,37.0,water_later
Pepper,fruiting,13.3,61,sandy,61.6,9.1,18.6,80.4,2.3,24.3,9.8,10.0,water_now
Pepper,seedling,15.5,24,loam,96.9,2.0,35.3,65.9,17.4,22.4,11.2,85.0,no_watering
Tomato,fruiting,8.9,20,sandy,94.9,0.7,30.2,54.6,62.8,19.8,10.2,15.0,water_later
Potato,vegetative,28.5,46,sandy,83.8,5.6,20.7,42.5,3.5,21.6,9.2,15.0,water_later
Potato,fruiting,11.9,136,loam,60.2,23.2,27.2,36.1,25.0,17.0,6.2,14.0,water_later
Pepper,fruiting,9.6,21,sandy,42.3,13.0,17.0,57.1,84.3,0.4,9.9,8.0,water_now
Potato,seedling,25.2,88,loam,58.9,96.6,22.6,78.8,16.7,23.7,3.9,168.0,no_watering
Tomato,flowering,19.5,127,clay,57.7,29.4,21.4,49.2,78.9,4.7,6.2,56.0,no_watering
Potato,flowering,21.8,77,clay,78.7,11.8,26.3,54.2,86.1,18.8,7.0,107.0,no_watering
Pepper,vegetative,8.1,20,clay,89.7,8.7,18.0,66.5,78.1,17.3,10.7,168.0,no_watering
Tomato,vegetative,11.5,37,loam,71.7,61.1,26.1,64.6,83.9,21.9,4.2,168.0,no_watering
Potato,flowering,28.3,51,loam,36.0,58.3,27.6,70.9,30.0,0.0,8.6,8.0,water_now
Pepper,fruiting,11.0,22,loam,38.0,22.1,15.8,76.8,82.5,18.4,10.0,168.0,no_watering
Tomato,flowering,14.3,29,sandy,84.6,4.8,22.5,85.1,47.0,22.0,9.8,16.0,water_later
Potato,vegetative,18.4,67,sandy,61.8,26.9,18.9,88.7,87.0,22.1,6.1,47.0,water_later
Potato,fruiting,17.0,103,clay,80.9,11.5,22.2,75.1,56.1,8.9,8.8,60.0,no_watering
Potato,fruiting,30.4,125,sandy,41.3,30.1,21.3,31.2,71.5,18.8,8.4,8.0,water_now
Tomato,flowering,8.6,40,loam,57.0,29.6,25.1,93.2,75.8,13.4,5.4,168.0,no_watering
Potato,fruiting,19.7,86,clay,41.6,52.3,28.3,75.1,47.3,1.6,10.6,9.0,water_now
Pepper,seedling,8.3,128,clay,75.5,52.7,18.5,32.1,19.1,24.6,4.8,168.0,no_watering
Tomato,seedling,23.0,30,loam,65.9,70.5,20.9,45.5,32.2,11.0,3.8,168.0,no_watering
Tomato,vegetative,14.6,46,clay,67.6,120.9,18.1,89.1,69.9,7.7,4.3,168.0,no_watering
Potato,flowering,27.7,89,sandy,98.5,0.5,16.2,78.3,26.6,15.0,10.4,13.0,water_later
Pepper,seedling,10.4,86,clay,93.7,14.9,31.8,71.6,6.8,21.8,2.6,168.0,no_watering
Potato,flowering,18.7,33,sandy,59.2,13.6,19.1,57.6,75.6,10.1,8.0,12.0,water_now
Pepper,fruiting,12.6,4,sandy,75.7,8.6,17.8,29.0,40.8,22.9,12.0,19.0,water_later
Potato,flowering,18.2,126,loam,52.8,46.2,12.4,28.8,69.2,17.0,4.6,168.0,no_watering
Pepper,fruiting,14.9,17,sandy,93.8,2.9,25.4,55.4,28.7,14.2,10.0,17.0,water_later
Potato,vegetative,22.4,59,clay,83.4,34.8,12.4,38.6,66.7,24.2,2.3,168.0,no_watering
Pepper,vegetative,5.1,116,clay,68.8,21.1,32.5,35.7,20.5,11.6,9.3,16.0,water_later
Pepper,flowering,9.6,124,clay,60.2,23.0,25.0,89.7,25.0,24.2,11.4,19.0,water_later
Potato,flowering,13.4,66,sandy,70.8,9.4,23.0,64.3,42.9,15.8,7.1,12.0,water_now
Pepper,flowering,10.8,104,loam,88.4,10.4,29.2,55.7,16.2,3.4,5.7,37.0,water_later
Tomato,flowering,14.2,52,loam,71.4,24.2,27.9,84.3,16.5,13.0,8.2,16.0,water_later
Tomato,flowering,9.7,43,clay,51.9,69.3,25.5,58.6,81.2,16.6,5.9,168.0,no_watering
Pepper,fruiting,15.3,79,sandy,40.0,17.9,31.3,65.9,39.5,19.4,8.6,7.0,water_now
Tomato,fruiting,15.8,78,clay,61.6,34.4,25.8,54.3,34.4,16.7,2.5,86.0,no_watering
Pepper,vegetative,15.5,45,loam,89.7,6.3,21.9,74.2,15.8,20.6,8.6,61.0,no_watering
Tomato,flowering,20.3,13,sandy,55.7,24.6,21.3,62.2,5.7,22.3,6.0,15.0,water_later
Tomato,vegetative,18.1,76,clay,69.6,29.1,24.5,83.9,28.3,2.7,8.2,39.0,water_later
Pepper,fruiting,14.2,36,clay,35.9,52.7,32.0,79.8,37.3,0.9,3.0,13.0,water_later
Potato,flowering,18.1,143,loam,83.0,8.4,26.7,37.9,33.7,3.9,5.1,36.0,water_later
Potato,flowering,25.8,81,loam,47.7,40.1,21.5,92.6,12.6,23.5,11.7,9.0,water_now
Tomato,fruiting,19.5,90,sandy,38.9,20.3,16.6,70.7,4.6,18.0,7.0,8.0,water_now
Pepper,fruiting,15.7,97,sandy,79.5,10.4,21.6,84.8,13.5,4.5,5.6,14.0,water_later
Potato,seedling,14.1,59,clay,86.5,49.7,28.9,74.4,73.1,24.8,2.7,168.0,no_watering
Potato,vegetative,17.9,87,loam,74.0,33.1,20.7,25.7,70.3,22.3,4.7,168.0,no_watering
Pepper,flowering,9.7,45,sandy,38.5,44.7,25.0,88.0,76.4,13.1,3.9,168.0,no_watering
Potato,seedling,23.2,9,clay,54.3,168.0,18.5,90.1,37.5,23.0,2.3,168.0,no_watering
Pepper,fruiting,12.9,40,loam,73.4,13.8,22.0,87.7,68.3,9.7,11.2,14.0,water_later
Tomato,vegetative,19.6,88,sandy,37.8,25.2,28.0,80.8,61.7,20.7,8.9,7.0,water_now
Potato,seedling,25.1,21,clay,39.8,168.0,14.4,27.7,61.6,8.8,11.6,168.0,no_watering
Pepper,flowering,5.4,1,sandy,56.6,15.8,21.1,32.6,48.4,22.7,5.9,168.0,no_watering
Pepper,flowering,5.9,37,loam,97.7,2.7,16.1,28.2,68.4,11.6,3.8,168.0,no_watering
Pepper,vegetative,6.8,116,clay,62.4,42.4,24.8,43.0,73.5,24.7,7.3,168.0,no_watering
Tomato,vegetative,16.7,72,loam,64.0,25.3,27.6,49.8,5.0,8.9,4.6,36.0,water_later
Potato,vegetative,11.7,23,clay,74.2,21.0,19.2,77.1,24.4,2.3,9.6,65.0,no_watering
Potato,seedling,13.3,26,sandy,74.9,18.0,28.2,50.6,18.5,11.9,7.0,41.0,water_later
Pepper,seedling,6.4,124,sandy,61.8,34.2,31.3,48.1,63.3,18.3,2.2,168.0,no_watering
Potato,vegetative,28.5,90,loam,54.5,36.7,17.1,87.8,39.4,2.6,10.2,12.0,water_now
Tomato,flowering,20.9,20,sandy,66.6,9.1,28.2,54.1,14.2,20.1,7.3,14.0,water_later
Potato,fruiting,29.5,15,clay,53.6,59.9,21.7,44.6,1.1,14.3,6.3,60.0,no_watering
Pepper,flowering,10.5,125,loam,80.2,9.6,25.0,51.5,44.2,1.8,8.8,15.0,water_later
Pepper,flowering,7.0,77,sandy,63.5,7.3,30.7,37.1,75.8,0.8,7.5,10.0,water_now
Pepper,fruiting,15.3,94,sandy,97.7,0.7,33.7,75.0,28.2,17.8,5.1,14.0,water_later
Potato,seedling,22.4,62,clay,83.4,70.0,18.9,69.1,17.0,8.3,4.7,168.0,no_watering
Tomato,seedling,22.2,1,clay,65.7,79.4,31.4,86.8,48.4,3.5,11.9,162.0,no_watering
Tomato,flowering,11.8,115,loam,72.4,11.6,29.2,28.0,47.6,13.2,7.9,14.0,water_later
Pepper,fruiting,5.8,28,loam,41.0,38.1,24.4,83.5,72.8,20.6,2.2,23.0,water_later
Potato,seedling,26.9,61,loam,60.5,168.0,27.4,38.4,47.8,18.2,2.4,168.0,no_watering
Pepper,fruiting,13.6,52,sandy,62.6,16.7,18.8,91.4,13.8,7.6,4.0,15.0,water_later
Pepper,seedling,9.3,104,sandy,86.0,6.5,35.3,38.9,31.5,21.1,9.4,16.0,water_later
Tomato,fruiting,17.7,62,loam,63.0,17.3,19.9,78.7,42.0,19.3,9.4,13.0,water_later
Potato,flowering,19.1,140,sandy,67.8,35.3,26.6,33.4,75.2,20.9,3.7,168.0,no_watering
Tomato,fruiting,12.2,121,loam,36.1,30.2,23.5,44.0,17.1,4.5,9.3,7.0,water_now
Potato,vegetative,14.9,41,sandy,82.5,12.0,19.3,78.9,4.0,8.6,3.6,83.0,no_watering
Pepper,fruiting,9.5,8,sandy,63.4,6.3,24.7,94.9,1.7,8.8,12.0,11.0,water_now
Tomato,fruiting,10.6,143,clay,75.5,7.5,28.9,60.0,45.7,14.4,9.5,18.0,water_later
Tomato,vegetative,14.3,145,sandy,93.2,1.9,26.2,72.3,31.3,8.8,11.6,13.0,water_later
Tomato,seedling,16.1,76,clay,41.4,168.0,22.0,79.1,68.6,18.4,6.6,168.0,no_watering
Tomato,vegetative,15.9,16,clay,60.2,53.3,27.6,62.6,17.8,13.5,4.7,168.0,no_watering
Potato,flowering,25.7,24,sandy,96.2,1.8,27.4,45.9,36.3,7.0,3.1,134.0,no_watering
Pepper,seedling,5.7,10,loam,51.2,31.7,33.1,92.1,38.0,4.8,11.6,36.0,water_later
Pepper,flowering,13.7,80,sandy,72.5,8.8,32.4,59.0,79.1,4.1,3.8,14.0,water_later
Pepper,fruiting,8.4,104,clay,80.7,17.1,32.8,89.7,27.1,12.6,8.0,35.0,water_later
Pepper,seedling,11.7,28,clay,40.5,79.4,22.5,53.2,51.9,21.6,10.4,168.0,no_watering
Tomato,fruiting,13.0,34,clay,50.4,25.0,23.2,40.4,17.8,9.4,7.6,33.0,water_later
Pepper,vegetative,10.5,48,sandy,79.6,13.3,27.4,94.2,35.5,10.8,2.9,168.0,no_watering
Pepper,flowering,13.8,124,sandy,46.0,12.7,35.1,90.5,51.1,19.0,8.7,7.0,water_now
Tomato,flowering,20.4,99,loam,87.0,11.8,25.0,41.8,63.7,19.4,2.1,168.0,no_watering
Pepper,vegetative,7.8,35,clay,37.5,46.6,21.1,31.8,88.3,22.9,10.6,168.0,no_watering
Tomato,vegetative,15.1,32,loam,87.7,4.8,33.8,90.5,4.2,14.6,10.5,32.0,water_later
Potato,vegetative,13.0,146,loam,60.1,36.2,28.3,30.5,40.7,2.3,7.6,13.0,water_later
Tomato,flowering,8.7,68,loam,63.4,22.5,16.0,89.1,89.5,2.6,10.7,13.0,water_later
Potato,seedling,21.0,14,sandy,36.8,41.1,22.9,25.4,21.5,20.8,9.9,10.0,water_now
Potato,vegetative,25.9,123,sandy,94.5,11.0,16.7,63.3,22.3,19.7,2.2,84.0,no_watering
Potato,vegetative,12.4,74,sandy,40.1,22.4,23.2,64.1,13.3,7.2,9.3,7.0,water_now
Pepper,fruiting,15.5,86,loam,83.2,6.0,21.8,30.3,8.9,22.6,9.3,14.0,water_later
Potato,vegetative,14.5,94,sandy,55.1,15.1,18.8,48.0,53.1,7.3,9.6,10.0,water_now
Potato,seedling,23.3,78,sandy,68.2,93.3,23.9,67.6,11.8,18.6,2.1,99.0,no_watering
Pepper,seedling,11.2,61,sandy,70.3,46.7,26.2,81.2,61.5,14.5,7.8,168.0,no_watering
Potato,vegetative,26.0,64,clay,78.9,12.1,28.6,85.9,70.6,8.9,8.7,64.0,no_watering
Pepper,fruiting,9.1,72,loam,74.0,6.2,27.5,56.0,62.3,19.8,11.5,10.0,water_now
Potato,seedling,10.9,37,sandy,69.1,19.7,19.9,27.4,42.7,20.9,10.1,41.0,water_later
Potato,vegetative,16.1,75,loam,81.7,8.1,25.1,73.4,73.4,11.2,11.3,17.0,water_later
Tomato,flowering,12.2,140,loam,45.1,21.4,22.7,77.1,12.2,6.2,9.6,9.0,water_now
Potato,flowering,21.3,147,clay,75.9,24.8,19.5,64.2,88.5,19.4,3.7,168.0,no_watering
Potato,flowering,17.3,81,sandy,84.2,6.7,24.8,82.2,44.8,17.1,6.0,15.0,water_later
Potato,seedling,28.3,13,clay,43.3,168.0,23.4,79.9,66.7,5.6,2.1,168.0,no_watering
Pepper,seedling,11.2,60,loam,76.5,38.3,25.3,87.5,11.2,17.6,6.5,104.0,no_watering
Tomato,flowering,17.8,118,loam,51.6,33.5,27.0,83.0,65.2,1.2,5.8,14.0,water_later
Pepper,seedling,9.6,2,loam,60.5,75.8,18.0,73.7,54.6,4.1,8.9,168.0,no_watering
Pepper,seedling,5.9,10,loam,91.8,9.7,30.0,35.0,60.9,15.5,3.0,168.0,no_watering
Pepper,seedling,10.1,133,clay,72.2,73.1,15.2,80.0,42.9,2.0,9.2,154.0,no_watering
Potato,seedling,13.3,29,sandy,77.1,34.2,13.3,32.3,28.1,2.7,7.6,108.0,no_watering
Potato,seedling,20.4,125,sandy,80.9,35.4,17.0,90.7,31.1,7.5,6.8,63.0,no_watering
Tomato,vegetative,21.8,13,loam,62.0,15.4,32.7,48.8,59.0,10.2,7.9,38.0,water_later
Potato,vegetative,18.4,140,sandy,61.0,56.4,16.0,53.8,23.6,8.1,5.1,15.0,water_later
Pepper,seedling,5.7,98,sandy,51.9,38.5,26.9,53.9,55.2,21.1,4.3,168.0,no_watering
Potato,fruiting,20.7,142,loam,39.2,94.1,22.6,82.6,24.8,23.4,4.1,12.0,water_now
Potato,seedling,25.1,53,loam,36.1,168.0,17.4,49.2,68.1,20.8,2.2,168.0,no_watering
Tomato,fruiting,23.0,135,loam,82.6,17.8,26.4,67.1,13.0,11.4,4.6,36.0,water_later
Tomato,flowering,17.9,36,loam,97.0,1.5,26.1,85.6,46.5,18.9,6.3,168.0,no_watering
Tomato,seedling,17.2,36,loam,74.4,65.2,18.0,26.2,60.9,23.6,2.5,168.0,no_watering
Tomato,fruiting,10.0,18,loam,62.9,8.4,26.1,40.4,88.4,21.6,10.7,13.0,water_later
Tomato,flowering,23.7,4,sandy,94.2,3.2,29.1,34.8,15.6,6.0,9.7,32.0,water_later
Tomato,vegetative,22.6,74,loam,42.5,35.1,33.9,68.6,36.0,17.0,4.7,12.0,water_now
Pepper,seedling,10.4,141,sandy,96.7,4.8,32.0,31.6,63.3,14.1,3.4,168.0,no_watering
Potato,vegetative,18.0,108,clay,45.9,61.3,13.4,51.1,64.7,24.5,5.5,35.0,water_later
Potato,seedling,27.0,67,sandy,72.3,36.4,24.2,94.8,44.7,18.9,8.9,80.0,no_watering
Potato,vegetative,21.7,24,loam,43.4,40.8,22.4,37.1,82.6,10.0,7.4,14.0,water_later
Tomato,fruiting,8.1,66,clay,91.3,5.2,24.9,84.7,20.8,24.3,4.8,83.0,no_watering
Tomato,vegetative,23.3,59,clay,99.0,1.4,19.8,84.9,67.2,4.0,4.0,168.0,no_watering
Tomato,flowering,13.5,92,loam,87.9,8.0,17.6,61.5,25.0,11.6,6.9,37.0,water_later
Tomato,fruiting,14.8,6,loam,64.8,27.0,19.1,43.8,62.2,4.6,2.0,168.0,no_watering
Tomato,vegetative,17.3,56,sandy,78.1,9.5,27.0,43.8,51.9,14.7,10.4,11.0,water_now
Tomato,fruiting,15.7,100,sandy,70.3,8.3,32.5,43.5,2.5,10.7,3.4,13.0,water_later
Pepper,seedling,6.1,19,loam,47.7,64.2,24.0,37.1,55.1,7.1,2.3,168.0,no_watering
Pepper,vegetative,8.1,103,clay,57.7,40.7,20.3,92.7,61.1,0.1,6.3,39.0,water_later
Pepper,vegetative,13.0,75,clay,46.4,61.4,33.1,64.2,0.4,12.5,2.5,37.0,water_later
Tomato,vegetative,24.0,89,clay,42.5,60.6,26.0,34.1,69.1,4.9,3.8,37.0,water_later
Potato,flowering,20.8,127,clay,91.2,20.1,13.4,28.5,52.2,4.2,3.6,168.0,no_watering
Tomato,seedling,20.7,125,sandy,95.1,2.9,32.4,36.9,51.5,19.7,8.0,38.0,water_later
Potato,vegetative,17.3,6,sandy,95.3,2.1,22.4,81.7,16.0,4.3,8.7,41.0,water_later
Potato,seedling,28.8,16,clay,66.3,168.0,20.0,69.9,31.2,22.4,2.1,168.0,no_watering
Pepper,vegetative,8.2,25,loam,86.8,6.2,15.3,60.7,60.7,13.5,12.0,38.0,water_later
Pepper,seedling,13.6,86,sandy,59.9,76.3,17.9,85.2,56.1,11.4,6.2,168.0,no_watering
Pepper,flowering,15.1,45,sandy,72.9,18.8,17.2,55.9,82.9,18.0,5.7,63.0,no_watering
Pepper,vegetative,12.7,86,sandy,84.1,6.8,27.9,81.1,45.6,13.0,9.8,12.0,water_now
Pepper,vegetative,12.7,74,clay,70.2,16.8,35.7,90.2,30.2,24.4,8.9,31.0,water_later
Tomato,flowering,18.8,46,sandy,87.2,2.2,32.5,66.6,60.4,16.4,11.0,10.0,water_now
Tomato,fruiting,23.8,29,sandy,83.4,5.5,26.4,30.8,36.1,5.6,8.4,13.0,water_later
Potato,vegetative,12.5,48,clay,97.2,4.6,27.9,37.6,86.6,23.3,4.7,168.0,no_watering
Pepper,fruiting,7.7,56,clay,78.3,7.4,34.5,93.8,5.8,7.6,8.5,18.0,water_later
Tomato,seedling,21.5,134,loam,57.0,47.8,28.2,78.2,56.2,18.1,8.2,168.0,no_watering
Pepper,flowering,6.3,14,sandy,54.9,24.7,19.3,52.6,71.0,22.5,5.9,57.0,no_watering
Potato,seedling,25.4,25,loam,42.0,168.0,21.6,29.1,24.6,6.8,3.2,168.0,no_watering
Pepper,flowering,13.5,98,clay,40.2,18.3,35.3,64.8,10.8,14.5,9.3,8.0,water_now
Potato,flowering,28.9,84,sandy,53.5,42.9,13.1,56.5,71.1,22.3,3.1,15.0,water_later
Tomato,flowering,13.9,8,loam,36.9,22.8,28.6,62.4,4.2,22.0,7.9,10.0,water_now
Tomato,fruiting,17.4,148,sandy,80.6,4.8,22.6,62.9,17.2,9.9,8.0,11.0,water_now
Tomato,fruiting,20.8,1,sandy,50.4,13.6,20.5,78.4,50.8,14.4,10.4,10.0,water_now
Potato,fruiting,16.1,57,sandy,38.7,28.1,20.8,29.2,8.8,20.1,6.5,9.0,water_now
Potato,vegetative,28.3,103,clay,67.4,72.5,12.4,51.8,64.2,4.9,4.2,168.0,no_watering
Tomato,flowering,21.9,39,clay,51.6,19.8,28.9,52.0,41.6,12.8,9.2,18.0,water_later
Tomato,fruiting,16.3,131,clay,95.0,2.3,24.8,33.7,89.4,17.6,6.7,168.0,no_watering
Tomato,vegetative,8.9,18,clay,36.5,30.7,26.4,27.8,66.5,3.2,10.2,10.0,water_now
Tomato,flowering,13.4,25,clay,81.6,8.7,25.1,33.0,39.6,10.5,8.5,82.0,no_watering
Pepper,seedling,11.0,117,loam,43.2,119.1,24.4,60.2,71.7,0.5,4.7,44.0,water_later
Potato,vegetative,27.7,45,sandy,67.3,24.0,17.9,56.1,31.5,7.5,6.1,36.0,water_later
Potato,flowering,11.9,99,sandy,75.0,6.1,18.6,42.8,23.8,17.3,10.5,10.0,water_now
Tomato,flowering,12.9,22,clay,46.0,25.9,27.3,46.8,9.9,8.7,7.7,17.0,water_later
Potato,fruiting,28.0,135,clay,98.5,1.8,28.2,76.8,35.1,10.1,9.9,51.0,no_watering
Potato,vegetative,28.6,89,loam,50.6,21.6,23.0,37.7,0.8,23.0,11.7,9.0,water_now
Potato,seedling,12.3,34,clay,65.7,109.2,14.2,50.8,3.8,19.9,2.6,168.0,no_watering
Potato,seedling,29.2,31,loam,84.7,31.0,21.7,94.4,81.7,16.2,6.6,168.0,no_watering
Tomato,fruiting,8.0,11,loam,90.8,4.9,23.8,69.0,80.8,3.2,6.5,104.0,no_watering
Tomato,vegetative,13.4,148,sandy,94.8,3.2,30.1,90.6,87.4,13.8,10.3,12.0,water_now
Tomato,vegetative,18.3,124,sandy,94.6,4.8,32.2,28.6,78.2,10.0,5.2,23.0,water_later
Pepper,seedling,13.6,114,sandy,86.8,18.2,17.0,89.7,30.6,7.4,11.9,33.0,water_later
Tomato,flowering,21.6,16,loam,92.3,6.4,18.4,83.8,45.8,13.6,9.4,168.0,no_watering
Tomato,vegetative,14.1,55,clay,80.7,26.5,25.7,32.8,46.9,18.8,3.5,168.0,no_watering
Pepper,vegetative,12.1,83,loam,45.5,21.7,19.4,28.3,70.3,1.2,11.9,9.0,water_now
Tomato,vegetative,21.9,145,loam,88.9,7.2,16.6,74.1,74.1,2.2,11.0,35.0,water_later
Pepper,seedling,7.0,12,sandy,47.7,29.4,26.4,38.3,51.8,1.8,10.9,15.0,water_later
Pepper,flowering,15.9,87,clay,93.2,2.9,29.9,69.1,64.0,3.8,10.8,31.0,water_later
Pepper,fruiting,14.2,72,loam,49.8,31.3,17.2,33.6,24.2,15.8,3.4,15.0,water_later
Pepper,fruiting,8.8,20,sandy,48.5,15.1,33.1,68.3,26.3,4.5,11.4,7.0,water_now
Pepper,seedling,9.4,143,clay,82.5,41.7,23.1,41.0,32.0,2.1,4.2,168.0,no_watering
Potato,fruiting,23.8,113,clay,43.7,147.3,14.7,29.6,0.8,19.8,2.7,53.0,no_watering
Potato,vegetative,26.0,105,clay,43.2,42.5,19.2,58.0,10.5,19.3,8.3,13.0,water_later
Potato,vegetative,11.7,8,loam,97.1,4.4,13.3,67.9,29.8,16.2,3.1,168.0,no_watering
Pepper,flowering,14.1,126,sandy,57.5,17.7,33.9,62.4,32.2,11.8,6.0,10.0,water_now
Tomato,vegetative,15.3,25,clay,93.9,3.2,28.4,62.1,71.0,4.5,10.3,65.0,no_watering
Potato,seedling,20.8,60,loam,63.3,38.2,29.0,66.9,28.1,14.3,9.3,35.0,water_later
Tomato,seedling,12.1,39,loam,85.1,14.4,19.5,30.1,23.5,17.6,10.7,66.0,no_watering
Tomato,seedling,14.5,22,sandy,70.4,17.8,28.8,43.6,19.2,17.8,10.1,32.0,water_later
Pepper,flowering,8.1,59,loam,54.7,18.3,31.6,71.7,55.7,21.8,5.0,168.0,no_watering
Pepper,flowering,5.9,39,clay,44.1,35.6,20.5,33.3,34.1,1.4,5.7,19.0,water_later
Tomato,vegetative,20.6,18,loam,63.6,25.8,16.6,41.4,68.9,5.3,7.4,157.0,no_watering
Pepper,flowering,7.9,17,clay,93.3,2.3,30.5,91.6,18.7,4.3,11.2,52.0,no_watering
Pepper,fruiting,9.9,36,loam,97.6,0.4,33.1,40.2,55.0,18.1,11.4,31.0,water_later
Pepper,fruiting,6.8,13,sandy,48.8,6.3,30.0,49.1,59.3,16.0,11.5,16.0,water_later
Potato,vegetative,21.4,66,clay,81.9,20.9,23.6,82.6,56.0,7.6,7.1,131.0,no_watering
Pepper,flowering,5.1,69,loam,79.5,15.1,15.8,60.7,45.2,9.9,5.5,62.0,no_watering
Pepper,vegetative,5.8,27,loam,45.5,23.1,34.6,74.4,20.7,12.6,5.9,14.0,water_later
Pepper,flowering,14.6,68,loam,81.1,10.8,23.6,82.8,18.3,0.9,5.5,38.0,water_later
Pepper,fruiting,13.2,98,sandy,56.7,31.1,20.1,43.3,12.6,22.7,5.2,15.0,water_later
Potato,flowering,22.3,83,clay,58.3,85.9,15.5,34.0,46.8,17.8,2.5,168.0,no_watering
Potato,vegetative,24.4,121,loam,97.0,3.4,15.2,74.9,38.4,22.9,3.6,168.0,no_watering
Pepper,seedling,14.0,25,clay,48.1,89.7,34.2,72.6,63.7,11.2,10.7,85.0,no_watering
Potato,seedling,24.7,87,clay,49.4,100.5,22.2,94.2,36.9,9.1,6.8,168.0,no_watering
Potato,flowering,23.0,25,sandy,56.6,44.8,24.4,34.9,20.0,17.1,4.2,17.0,water_later
Pepper,flowering,9.3,4,loam,76.3,14.5,27.2,57.6,56.7,6.7,6.3,136.0,no_watering
Tomato,seedling,9.2,3,clay,97.1,5.9,28.8,88.7,77.5,9.4,5.3,168.0,no_watering
Tomato,seedling,14.3,132,clay,85.6,15.7,33.4,76.5,31.7,0.0,8.5,84.0,no_watering
Potato,flowering,27.6,23,sandy,82.3,8.0,12.2,92.7,50.4,7.0,10.2,32.0,water_later
Potato,vegetative,31.1,107,clay,76.2,14.9,21.9,80.5,78.9,12.6,10.3,108.0,no_watering
Tomato,seedling,8.5,43,sandy,92.7,4.8,27.0,48.8,28.0,4.9,9.7,56.0,no_watering
Tomato,vegetative,19.9,139,loam,84.7,7.7,23.1,91.4,21.0,11.1,10.7,30.0,water_later
Potato,vegetative,20.9,95,clay,91.9,12.6,16.4,34.8,31.5,4.6,2.3,168.0,no_watering
Pepper,seedling,14.8,77,loam,94.1,11.3,24.3,68.0,7.5,23.3,4.3,168.0,no_watering
Pepper,seedling,15.3,67,loam,52.2,57.8,31.2,26.7,25.4,1.1,5.6,37.0,water_later
Pepper,fruiting,15.6,122,clay,94.0,2.8,20.5,72.6,68.3,21.2,10.6,36.0,water_later
Pepper,fruiting,11.7,87,loam,77.0,8.9,32.4,34.4,56.6,9.9,3.1,63.0,no_watering
Pepper,seedling,8.4,139,clay,35.7,140.2,25.0,53.3,27.9,19.4,4.4,33.0,water_later
Tomato,flowering,9.6,70,clay,84.9,14.3,21.0,94.6,85.0,9.5,7.8,135.0,no_watering
Pepper,flowering,6.1,66,loam,61.5,22.0,22.1,79.5,30.9,10.5,4.8,34.0,water_later
Pepper,seedling,9.2,55,loam,42.4,52.3,20.0,29.8,73.0,24.8,11.8,168.0,no_watering
Pepper,seedling,15.0,37,loam,70.6,77.7,17.5,61.6,65.9,5.1,5.0,168.0,no_watering
Tomato,seedling,10.0,18,clay,95.7,9.7,16.6,36.6,24.1,16.7,11.2,168.0,no_watering
Pepper,seedling,5.6,105,loam,77.1,25.6,16.9,34.0,8.4,7.8,10.1,41.0,water_later
Potato,fruiting,12.1,111,clay,47.3,62.5,22.0,81.8,15.6,8.1,10.9,11.0,water_now
Potato,vegetative,15.8,27,loam,36.6,88.0,25.3,77.5,46.6,19.7,7.1,10.0,water_now
Pepper,vegetative,9.5,26,loam,55.1,85.3,21.1,48.1,56.2,2.7,3.8,159.0,no_watering
Potato,flowering,18.8,69,clay,35.1,57.6,19.4,68.8,11.8,18.8,11.2,7.0,water_now
Potato,seedling,25.8,124,clay,92.2,42.7,20.9,55.6,27.2,18.3,2.3,168.0,no_watering
Tomato,fruiting,23.1,143,sandy,93.1,1.9,31.6,28.3,64.7,8.1,3.7,16.0,water_later
Potato,seedling,31.0,104,clay,45.0,115.4,21.5,44.5,59.3,13.8,11.3,138.0,no_watering
Potato,flowering,23.6,40,loam,54.1,23.3,17.0,72.9,41.0,2.0,8.8,15.0,water_later
Pepper,vegetative,9.4,78,sandy,93.2,4.3,28.4,83.6,1.0,17.1,6.3,18.0,water_later
Potato,vegetative,23.1,63,sandy,86.5,5.9,21.1,54.5,56.8,5.1,6.8,34.0,water_later
Tomato,vegetative,10.9,142,sandy,60.9,29.9,18.2,33.9,73.8,20.5,7.5,12.0,water_now
Tomato,vegetative,11.6,77,loam,52.4,35.8,24.4,40.8,50.1,23.4,4.6,84.0,no_watering
Tomato,flowering,20.1,103,clay,78.5,22.9,26.1,66.6,17.2,4.4,7.4,57.0,no_watering
Pepper,fruiting,13.3,14,sandy,63.9,5.7,35.7,33.4,45.8,4.9,7.8,11.0,water_now
Tomato,vegetative,18.3,39,sandy,96.4,4.6,23.5,77.7,59.6,20.6,5.2,59.0,no_watering
Pepper,vegetative,6.7,95,clay,68.5,34.4,15.6,28.6,89.2,20.1,4.6,168.0,no_watering
Pepper,vegetative,15.0,77,sandy,48.0,15.3,28.8,67.9,72.5,16.2,10.6,7.0,water_now
Tomato,fruiting,21.4,1,sandy,93.8,2.7,31.1,35.2,58.3,13.8,2.5,168.0,no_watering
Potato,fruiting,20.7,78,clay,84.4,14.6,28.2,77.3,81.4,23.9,5.8,168.0,no_watering
Potato,flowering,20.3,88,loam,67.6,11.6,16.0,41.3,3.4,6.2,12.0,12.0,water_now
Potato,flowering,27.2,16,loam,79.1,14.3,13.0,55.6,55.1,11.6,9.3,103.0,no_watering
Potato,seedling,13.4,132,loam,61.1,44.0,23.5,28.1,71.8,8.8,8.1,35.0,water_later
Pepper,vegetative,13.3,12,loam,51.0,58.7,21.9,33.1,76.6,17.3,6.5,168.0,no_watering
Tomato,seedling,15.1,55,loam,64.9,53.6,27.1,48.3,3.9,10.5,5.9,81.0,no_watering
Pepper,flowering,7.9,19,clay,99.2,0.4,27.7,67.4,35.9,15.7,7.1,168.0,no_watering
Potato,seedling,15.2,101,sandy,72.4,27.9,25.8,93.4,0.2,23.0,11.8,15.0,water_later
Tomato,vegetative,12.8,103,clay,85.7,8.1,32.1,58.6,89.3,4.9,11.7,37.0,water_later
Tomato,seedling,20.4,16,loam,47.4,93.3,19.4,91.0,82.9,11.0,11.4,168.0,no_watering
Tomato,vegetative,22.9,94,clay,85.4,21.8,25.9,80.7,87.7,18.3,2.3,168.0,no_watering
Potato,fruiting,25.4,20,sandy,44.0,24.8,21.6,94.2,75.0,13.1,6.6,168.0,no_watering
Potato,vegetative,30.0,87,loam,89.9,11.5,16.0,81.1,56.6,10.5,8.6,61.0,no_watering
Pepper,fruiting,14.1,58,clay,84.9,11.3,26.8,88.7,6.1,14.3,11.1,19.0,water_later
Potato,fruiting,20.6,123,loam,70.0,15.1,20.0,51.6,24.5,6.9,8.1,16.0,water_later
Tomato,flowering,9.3,133,sandy,85.6,11.0,17.0,43.4,20.6,18.4,3.7,114.0,no_watering
Potato,seedling,21.6,110,sandy,49.6,152.2,14.3,60.2,83.5,23.1,3.8,168.0,no_watering
Pepper,flowering,6.7,133,clay,85.6,9.8,29.4,84.0,13.2,1.7,3.7,91.0,no_watering
Potato,flowering,14.9,66,sandy,50.2,17.7,13.2,52.0,32.9,14.6,11.6,8.0,water_now
Pepper,fruiting,10.1,45,sandy,36.7,17.0,28.7,60.6,35.5,18.3,4.8,9.0,water_now
Pepper,flowering,14.9,143,clay,50.1,17.1,30.8,68.0,70.3,14.9,9.9,13.0,water_later
Tomato,fruiting,19.1,72,sandy,43.2,18.1,29.4,53.0,17.4,19.2,3.6,11.0,water_now
Tomato,seedling,22.6,105,sandy,35.8,88.2,33.8,88.7,48.6,24.3,2.9,168.0,no_watering
Potato,vegetative,26.1,31,clay,70.1,49.4,15.5,69.8,16.5,7.9,2.7,168.0,no_watering
Potato,seedling,23.7,131,loam,98.2,4.4,15.9,72.2,23.9,17.3,3.6,168.0,no_watering
Pepper,flowering,15.0,119,sandy,81.1,4.0,34.9,56.1,73.5,18.2,11.1,8.0,water_now
Tomato,fruiting,13.0,19,clay,71.9,15.4,22.8,52.4,0.5,19.3,5.9,83.0,no_watering
Tomato,fruiting,14.9,146,clay,59.4,42.7,33.5,85.8,54.5,22.4,3.9,168.0,no_watering
Tomato,fruiting,16.3,13,sandy,46.5,19.3,29.7,64.5,14.5,10.1,8.0,13.0,water_later
Potato,seedling,18.0,113,sandy,60.3,24.0,20.1,27.4,66.3,15.2,11.6,17.0,water_later
Pepper,fruiting,6.4,81,clay,49.9,33.1,35.3,60.5,79.5,12.5,4.9,38.0,water_later
Potato,seedling,29.1,147,sandy,52.2,168.0,18.0,73.8,48.7,12.5,2.6,168.0,no_watering
Tomato,vegetative,12.7,31,clay,94.3,4.2,32.4,52.8,17.3,2.4,6.2,107.0,no_watering
Potato,flowering,11.1,133,loam,40.2,37.7,22.4,86.3,48.2,20.1,6.8,35.0,water_later
Tomato,flowering,19.8,122,sandy,71.6,14.1,16.9,66.7,6.1,3.8,5.8,15.0,water_later
Potato,flowering,31.8,56,clay,56.8,31.1,24.7,49.5,36.3,7.3,9.9,16.0,water_later
Pepper,vegetative,12.6,106,sandy,65.0,36.5,16.1,86.5,87.7,15.4,2.5,168.0,no_watering
Tomato,flowering,15.6,134,loam,94.1,4.2,28.8,74.5,73.1,16.6,2.5,168.0,no_watering
Tomato,fruiting,10.7,37,loam,87.6,3.7,20.1,45.0,1.2,14.4,9.8,27.0,water_later
Tomato,flowering,12.0,78,loam,75.2,19.2,23.1,92.7,50.7,24.0,3.5,168.0,no_watering
Tomato,fruiting,11.2,104,loam,66.4,45.5,15.1,54.8,75.2,24.0,6.0,168.0,no_watering
Tomato,fruiting,19.5,60,clay,60.4,106.0,18.2,92.4,25.7,16.7,3.1,135.0,no_watering
Pepper,flowering,5.3,100,loam,74.7,7.9,30.1,66.7,29.2,13.1,11.1,14.0,water_later
Pepper,seedling,15.8,6,loam,49.6,112.2,20.7,37.6,12.0,20.9,3.3,168.0,no_watering
Pepper,seedling,5.9,93,loam,68.2,37.5,25.2,46.0,83.3,18.4,11.4,60.0,no_watering
Potato,flowering,18.6,105,sandy,90.0,3.9,12.6,25.4,43.8,15.2,11.5,12.0,water_now
Pepper,vegetative,9.6,30,loam,78.8,24.1,33.3,86.6,58.1,18.9,2.3,168.0,no_watering
Pepper,fruiting,6.1,149,clay,81.2,10.2,18.8,48.5,45.5,8.0,7.3,39.0,water_later
Pepper,fruiting,15.9,61,clay,62.3,33.9,34.6,83.7,7.0,14.4,6.3,33.0,water_later
Potato,fruiting,16.3,76,clay,40.4,43.0,17.1,58.2,29.1,8.0,9.9,11.0,water_now
Pepper,fruiting,5.3,100,clay,82.9,7.2,15.8,78.9,28.1,19.8,9.9,39.0,water_later
Pepper,flowering,13.3,144,loam,80.9,11.7,30.1,90.0,65.3,8.0,10.5,13.0,water_later
Tomato,fruiting,15.3,60,loam,96.4,2.4,32.4,90.1,68.1,14.1,5.4,39.0,water_later
Potato,seedling,28.1,60,clay,36.7,168.0,14.1,94.1,73.5,10.6,7.9,168.0,no_watering
Pepper,fruiting,5.4,50,sandy,85.6,4.3,35.5,53.1,62.5,13.5,5.1,13.0,water_later
Potato,vegetative,26.0,43,sandy,51.2,45.5,15.8,70.8,29.2,14.4,4.6,18.0,water_later
Potato,vegetative,26.4,67,loam,55.9,28.8,28.0,81.5,62.8,2.2,6.3,16.0,water_later
Tomato,seedling,10.4,60,sandy,48.3,74.3,25.2,30.8,76.4,11.7,2.4,168.0,no_watering
Potato,fruiting,27.5,22,loam,93.0,3.7,17.2,68.7,44.5,12.2,9.0,65.0,no_watering
Pepper,seedling,6.6,23,sandy,45.5,27.7,30.4,78.4,73.2,14.3,11.3,11.0,water_now
Tomato,flowering,11.2,70,sandy,98.5,0.4,21.2,66.0,35.6,9.9,10.9,12.0,water_now
Pepper,vegetative,8.2,112,clay,36.6,134.7,27.7,80.1,79.4,1.1,4.1,12.0,water_now
Pepper,flowering,8.4,73,loam,94.2,2.0,15.4,40.5,29.1,11.4,11.9,16.0,water_later
Tomato,seedling,22.9,75,sandy,90.5,6.8,33.2,40.6,15.6,20.9,10.6,16.0,water_later
Tomato,seedling,21.4,110,loam,54.4,75.2,33.4,40.5,36.8,9.6,5.5,73.0,no_watering
Potato,vegetative,30.2,79,clay,92.1,13.6,15.2,75.3,2.9,20.3,8.7,79.0,no_watering
Potato,fruiting,14.7,98,sandy,98.9,0.8,18.1,89.5,60.4,14.2,8.6,31.0,water_later
Pepper,flowering,6.4,86,sandy,50.4,36.1,19.0,88.1,32.8,14.2,7.8,10.0,water_now
Tomato,flowering,20.7,39,clay,79.1,15.7,26.8,45.3,13.3,23.2,4.6,133.0,no_watering
Tomato,seedling,18.2,112,sandy,76.1,43.6,18.9,63.2,38.7,21.2,6.8,42.0,water_later
Tomato,vegetative,23.3,53,loam,61.5,57.7,16.9,86.5,7.3,22.4,2.3,168.0,no_watering
Pepper,fruiting,8.5,122,clay,63.2,26.7,18.7,72.4,16.5,15.4,5.3,38.0,water_later
Potato,flowering,27.7,90,loam,57.6,43.1,16.8,31.6,12.9,5.4,2.9,48.0,water_later
Potato,fruiting,26.6,74,clay,59.7,53.0,26.2,57.6,64.3,8.4,2.1,168.0,no_watering
Potato,vegetative,30.8,55,sandy,92.5,2.7,22.8,65.3,12.5,7.6,10.9,14.0,water_later
Tomato,seedling,12.9,131,loam,60.4,36.8,18.7,25.5,32.6,5.3,11.5,39.0,water_later
Pepper,flowering,7.4,64,sandy,86.8,7.0,19.9,73.8,70.6,7.6,5.9,24.0,water_later
Pepper,vegetative,14.9,142,sandy,90.7,3.2,29.3,34.6,23.1,12.1,11.5,10.0,water_now
Tomato,vegetative,16.5,104,sandy,93.4,2.2,30.1,93.4,5.6,14.6,9.4,13.0,water_later
Tomato,seedling,19.1,8,sandy,37.3,113.3,15.4,77.9,52.3,22.4,4.2,168.0,no_watering
Pepper,seedling,12.3,61,loam,69.4,54.9,32.6,73.8,26.3,13.2,2.5,168.0,no_watering
Pepper,flowering,6.7,104,loam,69.0,21.4,22.4,84.5,75.7,22.2,6.4,168.0,no_watering
Tomato,vegetative,15.9,123,sandy,87.2,7.7,21.5,31.1,28.1,7.0,4.1,60.0,no_watering
Tomato,vegetative,9.4,146,clay,46.4,30.7,22.3,67.9,54.8,11.3,10.9,12.0,water_now
Pepper,vegetative,13.2,33,loam,64.7,17.7,30.4,74.0,15.9,1.3,8.6,21.0,water_later
Tomato,fruiting,19.4,53,loam,39.4,47.3,19.0,35.3,19.6,11.7,4.3,15.0,water_later
Pepper,fruiting,15.8,80,loam,81.6,5.5,28.7,40.2,45.8,11.4,10.7,11.0,water_now
Pepper,flowering,8.3,52,clay,94.1,1.8,32.0,80.6,57.3,13.9,10.6,39.0,water_later
Tomato,seedling,18.2,100,sandy,100.0,0.0,28.5,77.7,60.9,21.9,11.3,64.0,no_watering
Potato,vegetative,30.8,69,sandy,65.4,17.5,20.9,74.8,2.1,9.9,6.1,14.0,water_later
Potato,flowering,30.8,19,clay,95.5,6.1,18.0,81.2,46.9,19.9,2.4,168.0,no_watering
Pepper,seedling,6.0,19,clay,39.7,93.3,26.7,67.6,41.1,0.2,2.6,156.0,no_watering
Potato,vegetative,29.4,28,clay,61.4,38.1,20.6,69.9,35.1,9.4,5.6,168.0,no_watering
Tomato,seedling,14.5,23,sandy,57.3,40.9,29.6,58.7,36.5,13.8,8.1,31.0,water_later
Potato,seedling,23.3,37,clay,82.7,91.7,27.1,74.7,44.7,2.6,2.8,168.0,no_watering
Potato,fruiting,27.2,36,sandy,89.1,6.6,14.1,91.5,3.2,24.5,5.7,58.0,no_watering
Pepper,seedling,8.6,116,sandy,98.1,2.3,30.0,91.9,7.1,1.4,4.0,86.0,no_watering
Pepper,fruiting,7.3,3,clay,60.1,16.3,32.1,80.3,6.0,13.4,7.3,38.0,water_later
Tomato,flowering,8.3,145,clay,47.3,85.5,21.1,89.5,13.4,7.3,5.6,24.0,water_later
Tomato,fruiting,11.1,1,loam,87.1,4.6,30.6,41.5,80.9,10.3,8.5,64.0,no_watering
Pepper,seedling,12.1,103,sandy,73.2,36.5,32.6,51.9,17.1,7.4,3.3,107.0,no_watering
Tomato,flowering,16.8,127,loam,36.5,58.5,15.2,57.8,65.6,8.7,3.3,12.0,water_now
Pepper,flowering,10.9,20,loam,66.4,17.8,16.1,34.3,49.9,1.4,6.4,57.0,no_watering
Pepper,fruiting,6.4,41,loam,82.5,8.7,18.7,66.3,80.0,3.1,9.5,31.0,water_later
Potato,seedling,18.9,62,clay,89.2,53.0,20.3,69.8,65.1,7.4,2.7,168.0,no_watering
Potato,fruiting,12.3,149,clay,63.9,34.1,23.6,61.3,16.7,5.7,3.7,75.0,no_watering
Pepper,vegetative,12.6,144,loam,99.1,0.4,26.9,56.9,75.5,16.3,11.8,36.0,water_later
Tomato,vegetative,10.6,28,sandy,56.9,15.9,21.3,84.3,84.1,6.5,9.8,34.0,water_later
Potato,seedling,14.2,132,sandy,95.3,9.4,20.8,59.5,79.2,17.8,3.1,168.0,no_watering
Pepper,vegetative,6.8,5,clay,78.4,8.8,31.6,84.4,27.5,15.8,10.9,114.0,no_watering
Potato,flowering,12.9,83,loam,88.8,5.5,27.8,28.3,33.6,19.2,4.3,75.0,no_watering
Pepper,seedling,13.7,62,sandy,50.6,57.0,17.6,47.0,25.2,18.9,9.3,14.0,water_later
Pepper,fruiting,13.0,127,clay,66.2,9.9,34.3,68.1,10.3,5.5,8.1,13.0,water_later
Pepper,flowering,13.8,128,loam,60.3,35.1,30.2,42.3,52.3,21.8,3.6,134.0,no_watering
Potato,vegetative,12.0,37,loam,60.8,31.4,23.0,61.8,26.9,19.8,5.9,168.0,no_watering
Tomato,seedling,9.6,113,loam,54.2,71.6,19.9,32.9,61.0,6.5,7.1,41.0,water_later
Tomato,seedling,22.8,148,loam,91.6,14.1,32.7,43.2,35.7,2.4,2.3,168.0,no_watering
Pepper,fruiting,12.5,34,loam,92.9,1.8,31.9,75.3,9.1,12.8,11.8,14.0,water_later
Pepper,fruiting,6.8,104,loam,56.1,23.2,26.9,40.5,13.8,17.6,8.7,10.0,water_now
Tomato,seedling,17.5,111,loam,71.9,60.0,33.8,59.1,32.8,19.1,2.4,168.0,no_watering
Tomato,flowering,17.0,73,sandy,54.4,15.7,25.4,40.3,52.2,9.6,9.7,9.0,water_now
Potato,vegetative,21.2,34,loam,41.6,32.7,14.5,72.1,42.6,5.3,10.5,10.0,water_now
Potato,vegetative,23.5,77,loam,40.2,27.9,20.8,40.7,40.3,6.6,9.6,9.0,water_now
Pepper,fruiting,10.8,13,loam,43.5,50.2,24.2,61.8,8.7,15.4,6.5,13.0,water_later
Tomato,vegetative,14.3,107,loam,67.8,17.0,26.5,90.9,30.9,18.0,8.7,16.0,water_later
Potato,fruiting,15.9,114,clay,72.5,21.2,25.9,49.6,52.5,17.9,4.7,168.0,no_watering
Potato,flowering,24.4,22,sandy,46.0,33.0,14.1,33.6,39.9,0.7,6.8,12.0,water_now
Tomato,vegetative,21.4,136,clay,87.1,7.4,25.0,48.0,58.5,0.7,10.4,38.0,water_later
Tomato,vegetative,13.5,47,sandy,71.8,41.7,28.0,40.7,78.1,23.2,2.9,168.0,no_watering
Pepper,seedling,14.2,85,loam,75.7,64.4,17.5,85.4,65.3,23.9,3.5,168.0,no_watering
Tomato,fruiting,20.4,66,clay,39.6,74.8,19.3,70.7,4.8,23.2,2.5,34.0,water_later
Tomato,flowering,21.2,58,sandy,53.1,20.2,23.5,26.3,13.5,16.3,4.1,12.0,water_now
Tomato,flowering,17.1,81,clay,66.5,21.4,24.5,81.6,72.0,7.1,7.0,41.0,water_later
Potato,flowering,11.7,96,loam,59.7,27.5,15.0,35.4,68.1,1.1,4.8,35.0,water_later
Tomato,fruiting,10.3,37,loam,86.4,9.3,21.3,52.4,85.8,13.0,9.1,66.0,no_watering
Potato,fruiting,11.3,75,clay,45.5,31.0,17.4,32.2,33.6,7.6,10.4,13.0,water_later
Tomato,seedling,17.1,120,clay,74.6,86.4,19.8,33.3,46.1,22.3,5.8,168.0,no_watering
Pepper,seedling,6.3,66,loam,84.5,14.0,31.9,60.2,54.3,5.8,7.5,89.0,no_watering
Pepper,fruiting,13.4,86,sandy,76.7,7.9,31.8,67.9,18.8,9.5,2.4,22.0,water_later
Tomato,fruiting,23.7,130,loam,86.6,3.4,27.0,75.5,75.6,18.5,10.8,12.0,water_now
Pepper,vegetative,9.9,81,clay,65.4,33.1,26.0,72.2,49.0,11.4,6.5,157.0,no_watering
Tomato,vegetative,8.6,58,loam,55.6,39.6,30.9,48.6,67.8,9.8,5.3,61.0,no_watering
Potato,seedling,14.6,135,sandy,92.5,5.4,22.5,80.7,87.1,4.6,10.1,39.0,water_later
Tomato,fruiting,17.5,67,loam,93.7,1.3,33.5,65.0,84.4,18.4,10.2,12.0,water_now
Potato,seedling,30.1,139,clay,64.1,98.4,13.6,41.2,19.6,12.4,5.4,168.0,no_watering
Potato,flowering,23.1,133,sandy,79.2,8.6,13.4,67.0,6.1,5.2,7.9,15.0,water_later
Potato,flowering,17.1,108,loam,70.9,65.1,20.1,43.7,42.5,7.4,2.1,77.0,no_watering
Tomato,seedling,23.7,47,clay,98.9,3.2,26.5,62.7,21.6,21.0,4.0,168.0,no_watering
Pepper,vegetative,6.0,124,sandy,49.2,16.0,26.5,73.1,82.6,18.7,9.1,8.0,water_now
Tomato,fruiting,9.1,55,clay,61.9,20.6,28.7,29.4,81.2,2.2,7.0,32.0,water_later
Potato,flowering,21.8,99,clay,80.5,25.4,20.6,70.2,13.6,23.8,2.1,168.0,no_watering
Potato,vegetative,13.6,52,clay,67.8,29.9,16.0,77.0,60.9,24.7,6.9,168.0,no_watering
Potato,vegetative,10.9,137,clay,73.9,12.2,27.4,27.7,43.3,5.7,8.8,34.0,water_later
Tomato,fruiting,12.8,1,loam,40.9,21.5,29.1,61.3,85.2,5.1,10.0,12.0,water_now
Pepper,flowering,6.7,75,sandy,84.3,6.2,20.2,45.4,49.4,11.9,4.7,25.0,water_later
Tomato,vegetative,11.4,137,sandy,38.6,61.3,17.5,71.9,53.7,2.3,3.9,14.0,water_later
Potato,vegetative,26.3,135,sandy,95.4,1.6,19.6,65.5,2.5,18.7,10.1,14.0,water_later
Pepper,vegetative,8.8,64,loam,38.6,54.6,21.8,73.1,50.4,7.0,4.0,30.0,water_later
Potato,fruiting,27.5,70,loam,70.1,32.3,20.0,55.2,38.5,13.3,8.7,16.0,water_later
Tomato,fruiting,10.0,14,clay,67.0,9.4,31.5,46.1,85.4,17.2,9.7,88.0,no_watering
Pepper,seedling,5.5,8,clay,94.9,7.4,15.6,75.9,31.0,2.9,3.5,168.0,no_watering
Potato,vegetative,28.6,147,clay,93.0,4.7,17.5,33.3,27.9,22.7,10.9,62.0,no_watering
Pepper,flowering,9.6,99,clay,76.8,17.2,15.5,84.0,7.8,18.7,7.1,57.0,no_watering
Pepper,vegetative,13.9,123,loam,92.8,2.5,31.0,58.6,29.8,3.2,10.4,16.0,water_later
Tomato,vegetative,21.9,98,sandy,50.0,47.9,24.9,42.8,77.6,17.1,3.2,14.0,water_later
Tomato,vegetative,15.7,50,clay,48.9,102.4,24.1,27.0,77.3,0.6,4.4,58.0,no_watering
Pepper,flowering,12.4,131,clay,93.3,3.6,30.6,83.3,47.8,4.2,5.7,62.0,no_watering
Tomato,flowering,9.5,136,clay,49.3,36.5,16.9,40.7,64.4,16.2,10.4,12.0,water_now
Potato,vegetative,28.5,108,loam,53.6,27.3,26.0,71.5,17.6,5.8,6.5,14.0,water_later
Tomato,vegetative,22.4,54,sandy,57.0,19.2,15.8,71.6,46.2,8.7,11.2,10.0,water_now
Tomato,fruiting,10.0,89,clay,37.2,36.9,17.9,91.6,55.1,24.1,7.4,26.0,water_later
Pepper,vegetative,9.9,104,clay,99.3,0.8,19.1,40.0,34.3,21.5,3.8,168.0,no_watering
Pepper,fruiting,13.5,3,sandy,92.9,1.4,22.2,71.0,17.1,17.7,10.6,18.0,water_later
Pepper,vegetative,9.9,12,loam,85.6,15.5,22.8,39.9,17.0,9.2,3.8,168.0,no_watering
Tomato,flowering,15.0,76,loam,37.6,20.2,27.0,28.1,20.3,0.5,9.3,8.0,water_now
Pepper,seedling,13.8,33,clay,37.0,158.1,28.7,69.2,9.9,23.2,3.0,168.0,no_watering
Tomato,flowering,21.3,36,sandy,58.9,16.5,28.8,55.1,55.5,11.6,3.8,17.0,water_later
Pepper,vegetative,6.1,28,loam,88.6,5.3,35.6,34.2,59.5,6.4,11.8,16.0,water_later
Potato,seedling,10.7,34,clay,56.7,120.7,17.3,38.8,3.4,1.1,10.4,62.0,no_watering
Potato,fruiting,31.0,105,clay,66.9,33.8,16.5,93.3,65.0,21.7,7.3,168.0,no_watering
Tomato,flowering,9.3,17,loam,45.4,28.5,25.7,72.2,27.1,3.5,9.1,12.0,water_now
Potato,flowering,11.6,89,loam,91.9,3.7,24.3,90.8,16.8,16.1,9.1,33.0,water_later
Potato,vegetative,23.6,70,loam,88.9,6.5,26.6,35.6,71.1,20.3,5.5,87.0,no_watering
Potato,vegetative,26.2,85,sandy,52.7,41.6,15.9,45.3,82.6,20.7,4.5,168.0,no_watering
Pepper,fruiting,8.2,2,loam,48.4,14.4,19.6,72.1,54.8,5.7,11.1,15.0,water_later
Tomato,seedling,20.7,52,loam,42.6,168.0,30.1,40.5,87.7,11.7,2.9,168.0,no_watering
Pepper,vegetative,5.8,9,loam,83.1,14.6,23.7,40.0,19.2,23.2,7.1,74.0,no_watering
Potato,fruiting,31.4,95,clay,93.2,7.3,27.2,26.5,50.2,23.1,7.1,62.0,no_watering
Tomato,fruiting,18.4,118,sandy,90.7,2.6,26.0,47.9,73.7,22.7,7.2,15.0,water_later
Pepper,fruiting,7.5,136,loam,88.0,8.7,22.2,35.0,64.3,19.4,5.1,168.0,no_watering
Pepper,vegetative,5.6,47,sandy,84.7,4.1,35.1,36.7,23.5,21.9,7.3,13.0,water_later
Pepper,flowering,5.3,8,loam,46.7,27.2,23.0,49.0,21.2,18.2,5.2,33.0,water_later
Tomato,seedling,16.1,14,clay,88.2,15.4,27.3,75.5,21.2,12.9,9.3,168.0,no_watering
Tomato,fruiting,11.6,42,clay,38.0,31.1,27.1,83.6,89.3,13.4,11.0,14.0,water_later
Potato,seedling,25.9,145,sandy,61.4,24.3,26.1,35.1,8.5,5.4,9.6,14.0,water_later
Pepper,vegetative,13.8,112,loam,55.9,19.2,20.2,29.1,35.2,7.3,10.6,14.0,water_later
Tomato,flowering,9.8,68,clay,78.2,14.4,31.7,49.7,22.7,3.4,11.8,15.0,water_later
Potato,vegetative,23.6,16,sandy,58.8,17.8,19.3,50.2,0.0,18.9,7.3,17.0,water_later
Tomato,fruiting,12.4,91,clay,90.7,4.1,27.5,44.3,89.6,0.4,6.1,39.0,water_later
Tomato,vegetative,15.6,35,loam,85.3,9.5,28.1,41.1,10.1,2.5,4.9,84.0,no_watering
Tomato,seedling,16.0,115,sandy,69.5,24.6,27.3,29.1,79.7,23.1,11.9,40.0,water_later
Tomato,vegetative,11.8,40,loam,96.3,3.6,15.9,53.3,26.2,5.0,8.9,67.0,no_watering
Pepper,vegetative,8.6,76,sandy,54.4,20.6,18.0,53.0,41.0,7.0,7.2,11.0,water_now
Potato,vegetative,26.8,71,clay,74.8,16.5,23.7,39.2,71.0,23.4,11.1,61.0,no_watering
Tomato,flowering,21.9,62,loam,44.7,69.8,18.1,32.4,76.1,23.9,5.2,13.0,water_later
Potato,vegetative,30.5,66,sandy,39.2,40.5,24.5,29.3,16.8,3.6,4.1,10.0,water_now
Potato,fruiting,24.3,72,loam,87.7,8.9,27.5,94.2,16.0,19.2,7.9,34.0,water_later
Tomato,vegetative,23.6,65,clay,96.6,6.0,23.4,80.0,41.4,3.8,7.9,107.0,no_watering
Pepper,vegetative,11.3,142,loam,37.5,32.6,28.8,28.5,15.6,17.7,6.0,9.0,water_now
Potato,seedling,20.4,12,sandy,91.1,7.3,20.3,39.3,45.3,11.3,8.3,168.0,no_watering
Tomato,fruiting,10.3,18,loam,63.5,12.1,27.2,85.3,4.3,21.1,7.3,29.0,water_later
Potato,fruiting,14.7,44,sandy,87.4,14.0,17.1,88.0,55.5,6.5,7.2,39.0,water_later
Potato,vegetative,22.9,62,sandy,90.2,3.1,26.5,52.9,13.9,18.3,11.9,11.0,water_now
Tomato,fruiting,17.2,132,sandy,92.3,1.5,31.7,64.9,65.9,12.2,7.4,13.0,water_later
Pepper,vegetative,11.9,120,sandy,50.5,82.2,23.1,85.5,32.5,0.3,3.3,14.0,water_later
Potato,flowering,12.5,48,sandy,72.3,19.5,15.3,60.7,13.4,13.6,9.8,12.0,water_now
Tomato,fruiting,17.6,81,clay,72.7,8.0,33.7,58.8,36.2,22.9,8.4,27.0,water_later
Pepper,fruiting,12.8,138,sandy,70.9,10.1,23.7,43.3,2.4,4.3,10.9,8.0,water_now
Potato,flowering,16.5,54,loam,56.2,17.8,18.6,30.8,39.0,10.2,9.0,13.0,water_later
Pepper,flowering,15.7,86,sandy,87.8,6.5,32.1,45.9,17.8,24.2,4.2,14.0,water_later
Potato,flowering,10.6,115,sandy,92.9,2.0,21.8,33.3,51.8,9.1,9.7,13.0,water_later
Pepper,vegetative,9.9,133,clay,96.8,1.2,32.6,64.8,41.1,18.1,11.6,43.0,water_later
Pepper,flowering,10.2,121,loam,90.1,5.8,16.0,68.4,52.8,10.3,6.3,57.0,no_watering
Potato,flowering,29.8,74,loam,80.6,9.2,13.9,67.3,79.2,2.9,11.4,16.0,water_later
Tomato,seedling,22.7,3,sandy,78.5,40.2,25.8,57.9,58.4,6.2,5.8,168.0,no_watering
Pepper,flowering,13.5,47,sandy,55.8,48.8,19.6,36.7,14.9,6.5,4.5,13.0,water_later
Potato,fruiting,14.1,122,loam,36.5,34.6,22.6,35.4,73.8,14.4,10.8,6.0,water_now
Tomato,vegetative,17.1,59,sandy,80.1,15.9,22.7,43.3,37.4,15.3,3.6,168.0,no_watering
Pepper,flowering,14.3,139,loam,91.9,3.9,34.7,26.8,72.8,9.3,8.0,15.0,water_later
Tomato,seedling,23.5,61,sandy,53.6,25.6,27.6,38.4,26.9,20.3,11.0,16.0,water_later
Potato,flowering,30.7,86,sandy,77.8,17.0,21.8,45.3,66.8,2.8,2.4,58.0,no_watering
Tomato,vegetative,20.6,34,sandy,38.8,31.3,24.0,29.2,38.0,10.6,5.0,34.0,water_later
Tomato,fruiting,19.4,22,sandy,95.3,1.1,32.1,57.7,72.2,19.9,5.1,62.0,no_watering
Potato,seedling,17.4,124,clay,39.9,96.3,28.3,62.9,30.7,18.3,7.0,17.0,water_later
Tomato,fruiting,18.3,141,loam,82.6,10.1,16.0,64.8,0.3,0.8,11.0,14.0,water_later
Tomato,flowering,18.7,97,loam,85.4,3.6,30.4,36.5,54.9,7.8,11.1,15.0,water_later
Tomato,seedling,21.2,104,sandy,95.6,2.8,29.5,91.0,61.5,24.5,10.1,89.0,no_watering
Potato,fruiting,13.8,35,clay,71.5,48.9,27.4,38.3,77.3,22.4,4.2,168.0,no_watering
Pepper,fruiting,12.1,106,clay,49.3,23.8,23.3,47.0,22.5,8.3,11.0,10.0,water_now
Tomato,fruiting,22.9,143,clay,42.5,33.3,31.4,37.4,22.7,11.8,4.3,15.0,water_later
Potato,fruiting,31.8,115,clay,81.3,39.7,19.9,28.4,81.9,13.0,5.3,168.0,no_watering
Tomato,fruiting,10.5,34,loam,93.8,3.5,19.0,28.9,69.6,9.6,7.6,38.0,water_later
Potato,seedling,30.1,83,sandy,89.2,7.4,26.6,90.4,57.7,14.5,10.0,62.0,no_watering
Potato,vegetative,11.0,48,sandy,92.1,7.7,14.6,30.3,63.0,5.4,4.2,61.0,no_watering
Pepper,seedling,10.5,50,sandy,67.8,27.7,28.0,38.6,12.4,9.2,6.1,37.0,water_later
Potato,fruiting,24.8,37,loam,70.3,15.5,28.9,62.6,34.1,21.9,5.4,39.0,water_later
Tomato,fruiting,16.2,54,loam,95.2,2.7,18.7,76.1,35.3,22.9,5.0,143.0,no_watering
Tomato,seedling,23.9,16,sandy,95.4,2.2,32.8,67.4,62.7,14.9,10.9,40.0,water_later
Tomato,seedling,14.4,67,clay,81.6,59.4,17.1,51.8,9.4,6.7,5.9,168.0,no_watering
Tomato,vegetative,18.1,100,sandy,46.0,41.7,28.0,61.4,56.4,6.3,2.1,13.0,water_later
Pepper,flowering,12.6,78,loam,67.6,45.2,22.5,92.5,30.2,12.9,2.4,109.0,no_watering
Potato,seedling,18.5,91,clay,65.9,62.0,12.9,41.8,52.0,15.5,9.8,168.0,no_watering
Potato,flowering,26.9,55,sandy,60.2,19.2,26.4,52.7,27.7,8.6,3.5,15.0,water_later
Tomato,seedling,23.6,29,loam,35.1,151.3,25.0,68.2,48.0,22.4,3.9,168.0,no_watering
Tomato,flowering,11.7,52,loam,97.0,2.8,18.1,65.6,50.8,14.5,4.1,168.0,no_watering
Tomato,flowering,9.6,22,sandy,73.2,6.0,29.8,90.6,19.8,6.2,9.0,13.0,water_later
Pepper,flowering,13.5,27,sandy,40.1,20.7,31.4,73.3,8.7,16.8,5.0,10.0,water_now
Tomato,flowering,12.8,113,sandy,57.8,15.2,20.2,70.3,62.8,0.5,7.1,11.0,water_now
Tomato,fruiting,21.3,127,loam,92.9,4.9,16.8,25.2,44.1,0.4,3.0,82.0,no_watering
Potato,flowering,30.7,26,sandy,35.7,16.8,24.0,69.4,27.7,6.1,9.9,7.0,water_now
Potato,flowering,10.2,144,loam,63.9,25.3,17.2,26.4,89.4,22.1,3.6,168.0,no_watering
Potato,flowering,14.4,36,clay,40.5,90.6,13.2,48.6,82.1,13.2,10.2,11.0,water_now
Potato,fruiting,19.4,30,clay,74.7,20.7,19.5,51.8,21.8,19.1,6.0,104.0,no_watering
Tomato,flowering,16.4,99,clay,40.6,51.5,16.8,60.5,0.2,13.1,5.5,14.0,water_later
Tomato,seedling,20.1,71,clay,97.6,4.9,22.2,90.0,74.0,22.3,6.7,168.0,no_watering
Pepper,fruiting,10.1,115,loam,85.9,4.5,31.4,31.2,45.7,12.9,11.7,10.0,water_now
Tomato,vegetative,20.4,146,clay,63.1,20.6,27.0,68.7,60.4,16.9,10.3,41.0,water_later
Tomato,vegetative,12.0,13,clay,81.5,31.7,18.0,85.5,20.7,7.6,7.9,168.0,no_watering
Pepper,seedling,10.7,23,clay,58.2,68.9,29.4,70.2,40.3,23.1,6.0,168.0,no_watering
Pepper,fruiting,11.8,15,loam,90.6,4.4,29.0,36.8,24.9,5.6,2.8,155.0,no_watering
Potato,seedling,13.4,66,sandy,91.2,16.5,17.8,90.2,42.8,1.2,3.9,143.0,no_watering
Pepper,seedling,8.3,11,loam,62.1,62.7,20.6,45.2,35.6,6.4,8.9,131.0,no_watering
Tomato,seedling,22.1,2,loam,60.6,65.9,15.5,36.2,82.6,19.4,6.6,168.0,no_watering
Tomato,vegetative,17.9,90,loam,66.1,22.3,24.1,62.0,20.2,11.8,6.6,33.0,water_later
Tomato,flowering,20.3,127,clay,55.3,72.0,18.3,43.0,60.0,16.0,6.8,168.0,no_watering
Tomato,vegetative,20.1,130,clay,53.2,63.1,24.6,54.9,49.8,11.2,3.1,168.0,no_watering
Potato,flowering,24.5,83,sandy,80.0,7.3,26.1,60.4,16.0,11.5,7.8,12.0,water_now
Tomato,seedling,12.7,140,loam,47.2,63.0,15.7,54.8,45.3,6.7,10.3,39.0,water_later
Tomato,fruiting,21.6,94,loam,57.6,11.2,20.2,30.2,68.1,19.6,11.4,13.0,water_later
Potato,fruiting,29.6,109,sandy,42.2,36.9,13.2,37.8,45.1,22.0,5.4,11.0,water_now
Pepper,fruiting,5.1,36,clay,94.8,2.8,23.8,65.7,34.2,12.3,12.0,44.0,water_later
Pepper,flowering,13.5,103,loam,70.1,7.5,29.1,30.1,84.4,8.2,10.1,11.0,water_now
Tomato,flowering,18.4,33,clay,58.4,58.8,16.3,66.2,49.6,21.0,2.2,168.0,no_watering
Pepper,vegetative,8.2,112,loam,53.0,33.0,33.0,48.8,85.4,18.3,2.4,168.0,no_watering
Pepper,fruiting,5.1,96,loam,45.2,31.7,26.7,28.1,58.8,2.1,5.2,11.0,water_now
Potato,vegetative,13.6,59,loam,42.2,54.5,28.1,82.9,87.4,20.5,2.6,168.0,no_watering
Potato,vegetative,21.5,129,loam,60.6,19.8,26.5,43.0,53.1,21.3,7.1,38.0,water_later
Potato,fruiting,22.1,105,clay,99.4,0.2,28.2,90.4,87.0,20.1,11.2,85.0,no_watering
Tomato,flowering,11.9,30,loam,76.6,22.7,19.2,91.4,42.0,7.0,5.9,168.0,no_watering
Tomato,flowering,18.3,65,loam,85.5,7.3,23.2,91.0,87.1,1.6,7.5,37.0,water_later
Pepper,flowering,9.4,9,loam,73.8,10.4,28.5,87.6,39.5,12.3,11.2,19.0,water_later
Pepper,seedling,13.4,15,clay,45.2,65.0,30.4,30.3,77.1,18.7,11.3,168.0,no_watering
Tomato,seedling,15.2,20,clay,73.9,51.8,32.5,75.4,86.6,12.4,3.5,168.0,no_watering
Tomato,fruiting,18.0,44,sandy,86.7,4.0,31.5,46.3,33.5,9.8,10.4,10.0,water_now
Potato,flowering,14.3,100,clay,89.8,5.1,21.4,64.3,79.4,6.8,10.3,36.0,water_later
Pepper,flowering,10.1,68,clay,87.8,4.5,27.1,94.9,49.8,1.6,11.5,30.0,water_later
Pepper,fruiting,11.4,97,loam,40.2,65.4,27.5,57.8,11.3,19.7,3.3,34.0,water_later
Tomato,fruiting,22.0,90,clay,81.2,24.7,22.7,66.6,18.6,19.3,2.9,168.0,no_watering
Pepper,fruiting,10.8,118,loam,61.6,21.5,29.3,51.8,7.2,23.4,7.8,11.0,water_now
Tomato,flowering,8.6,125,loam,76.5,10.6,23.2,94.0,10.2,20.1,7.7,23.0,water_later
Pepper,vegetative,14.0,133,sandy,44.9,27.0,20.9,44.6,73.2,21.7,6.1,35.0,water_later
Potato,fruiting,23.7,125,clay,64.6,21.0,19.1,58.6,21.5,4.4,9.7,33.0,water_later
Tomato,fruiting,22.8,63,sandy,86.8,3.2,33.5,39.0,45.0,1.8,7.6,11.0,water_now
Tomato,seedling,14.9,88,loam,64.8,68.5,25.6,68.1,57.5,18.1,3.6,168.0,no_watering
Tomato,seedling,10.5,103,clay,84.9,13.2,30.7,63.0,26.3,22.0,11.5,76.0,no_watering
Pepper,fruiting,5.3,137,clay,76.6,19.5,29.4,49.6,49.4,22.6,2.0,168.0,no_watering
Tomato,flowering,13.2,23,loam,69.7,10.2,23.9,70.8,77.6,21.6,10.8,168.0,no_watering
Tomato,fruiting,22.8,45,loam,77.0,6.7,21.6,72.5,12.2,1.4,11.0,15.0,water_later
Potato,seedling,14.6,138,clay,100.0,0.0,16.8,35.1,6.1,12.5,9.2,155.0,no_watering
Potato,fruiting,19.2,84,clay,78.0,22.7,28.9,69.9,71.9,15.3,2.3,168.0,no_watering
Tomato,seedling,23.3,146,loam,60.3,101.8,24.2,35.3,35.8,9.1,2.4,133.0,no_watering
Potato,seedling,26.5,16,clay,62.0,75.4,23.5,75.5,20.2,20.0,6.1,168.0,no_watering
Tomato,vegetative,20.2,21,sandy,70.3,12.4,17.9,93.7,21.4,0.5,10.4,17.0,water_later
Pepper,seedling,14.6,44,clay,51.9,100.3,34.5,83.1,49.2,17.4,8.0,168.0,no_watering
Tomato,vegetative,12.2,47,loam,71.8,12.8,23.4,26.1,25.7,2.8,9.4,26.0,water_later
Pepper,fruiting,9.7,146,sandy,47.1,24.2,23.1,83.2,52.5,4.5,8.0,8.0,water_now
Tomato,seedling,22.7,16,sandy,40.3,61.7,33.1,66.1,30.6,20.1,10.1,10.0,water_now
Tomato,fruiting,10.4,93,sandy,56.6,7.0,27.7,72.5,76.1,13.4,10.7,7.0,water_now
Potato,seedling,23.3,90,loam,78.3,58.3,16.6,68.9,7.4,23.5,2.9,168.0,no_watering
Pepper,vegetative,13.6,34,loam,39.0,108.8,15.7,92.1,7.0,13.7,5.7,14.0,water_later
Pepper,flowering,14.6,109,loam,45.2,28.1,25.3,38.0,63.0,24.0,4.7,12.0,water_now
Pepper,seedling,5.6,28,clay,72.8,22.7,34.7,64.7,16.3,14.6,10.1,168.0,no_watering
Pepper,flowering,13.7,86,sandy,95.2,1.9,20.5,75.2,15.9,3.2,6.0,28.0,water_later
Potato,fruiting,28.2,84,sandy,39.3,20.6,23.9,44.4,31.4,22.0,7.4,8.0,water_now
Potato,seedling,16.5,110,loam,66.4,110.9,15.0,30.2,70.2,1.9,3.1,168.0,no_watering
Tomato,seedling,16.8,30,loam,35.1,77.2,17.2,91.9,20.2,13.0,11.4,168.0,no_watering
Pepper,vegetative,6.6,112,loam,79.9,11.1,20.6,88.4,38.8,14.2,10.9,17.0,water_later
Potato,vegetative,17.0,24,clay,66.2,27.3,12.4,75.9,0.2,6.5,9.9,64.0,no_watering
Potato,seedling,29.7,72,clay,94.4,8.4,27.1,29.9,16.3,10.8,6.4,168.0,no_watering
Pepper,fruiting,6.0,12,sandy,38.5,7.3,34.1,58.3,70.7,10.4,10.2,6.0,water_now
Tomato,vegetative,8.2,106,clay,97.7,3.3,18.9,38.1,57.4,20.9,9.6,168.0,no_watering
Potato,flowering,28.6,77,sandy,40.9,26.8,25.3,81.1,15.1,1.3,4.5,10.0,water_now
Tomato,seedling,11.7,69,clay,88.1,24.5,23.8,64.7,18.9,23.6,7.2,168.0,no_watering
Tomato,flowering,10.3,3,clay,93.3,5.0,19.4,57.8,84.5,20.3,6.0,168.0,no_watering
Pepper,fruiting,8.1,55,loam,74.4,6.7,30.1,86.3,33.6,21.1,9.4,13.0,water_later
Potato,seedling,14.1,97,clay,49.7,75.4,20.9,84.6,22.5,16.8,11.5,32.0,water_later
Potato,seedling,27.5,27,loam,49.5,168.0,18.1,44.7,64.6,16.3,3.7,168.0,no_watering
Pepper,seedling,5.1,99,sandy,63.8,20.7,26.0,35.7,24.6,8.1,10.2,12.0,water_now
Pepper,fruiting,8.2,51,sandy,64.2,6.2,32.3,73.9,44.9,12.4,7.6,10.0,water_now
Pepper,vegetative,15.4,29,clay,86.6,10.8,30.9,63.3,24.8,13.1,9.4,64.0,no_watering
Potato,seedling,10.3,130,clay,44.8,68.0,27.6,90.5,43.2,19.5,9.9,17.0,water_later
Pepper,vegetative,6.0,101,clay,92.5,4.2,26.8,31.2,34.9,15.4,11.7,54.0,no_watering
Potato,seedling,20.9,86,loam,74.0,67.8,22.7,88.3,16.3,18.7,5.4,168.0,no_watering
Potato,fruiting,11.4,130,clay,77.5,21.7,25.6,68.2,26.4,24.3,3.1,168.0,no_watering
Pepper,fruiting,14.3,123,clay,59.9,16.5,34.4,33.4,43.9,5.0,4.2,27.0,water_later
Tomato,fruiting,13.6,50,loam,45.5,20.9,21.5,70.8,54.2,22.5,7.6,11.0,water_now
Pepper,seedling,7.6,30,loam,83.3,18.1,19.8,88.2,22.0,6.9,11.3,115.0,no_watering
Tomato,flowering,13.7,71,loam,47.7,24.5,23.0,59.7,71.7,19.0,7.2,16.0,water_later
Tomato,fruiting,21.7,108,sandy,65.2,11.9,24.5,63.4,38.3,10.4,4.7,14.0,water_later
Pepper,flowering,13.1,73,sandy,52.0,17.5,31.6,85.1,84.2,10.0,3.6,12.0,water_now
Pepper,flowering,15.2,51,clay,73.6,23.2,21.4,54.2,14.5,4.7,7.2,52.0,no_watering
Tomato,seedling,21.9,17,clay,78.5,47.0,33.0,27.1,17.1,13.6,3.0,168.0,no_watering
Potato,seedling,30.2,133,clay,62.8,132.1,12.6,27.0,14.8,5.1,5.5,168.0,no_watering
Potato,seedling,19.0,115,sandy,72.8,36.2,12.8,63.2,83.4,18.9,6.3,168.0,no_watering
Pepper,flowering,15.7,12,loam,37.1,15.3,29.5,66.5,73.7,1.2,11.5,8.0,water_now
Pepper,fruiting,7.7,44,clay,69.4,21.5,15.8,81.5,34.9,4.6,7.1,57.0,no_watering
Pepper,flowering,9.5,122,clay,62.5,24.7,34.4,40.6,16.5,8.4,11.6,11.0,water_now
Potato,seedling,21.0,80,clay,42.7,124.8,21.8,34.4,6.2,0.7,10.9,15.0,water_later
Pepper,seedling,5.2,149,sandy,76.7,17.1,24.5,67.7,56.3,10.5,5.5,52.0,no_watering
Potato,flowering,18.3,106,clay,51.6,69.6,16.1,88.2,40.5,23.7,2.4,168.0,no_watering
Pepper,flowering,7.2,49,clay,52.8,25.9,31.6,52.0,36.3,5.1,10.6,11.0,water_now
Pepper,vegetative,7.7,61,sandy,52.7,12.4,34.7,27.9,79.3,5.9,9.3,8.0,water_now
Tomato,flowering,12.0,120,clay,43.2,43.7,27.3,28.3,53.4,0.3,3.2,23.0,water_later
Tomato,seedling,10.2,98,clay,67.7,51.8,21.5,28.6,8.8,9.7,8.6,87.0,no_watering
Pepper,vegetative,10.0,115,clay,50.3,34.1,25.4,69.2,41.0,9.2,9.7,14.0,water_later
Tomato,flowering,23.4,80,sandy,83.1,10.5,31.3,49.6,63.8,11.5,4.6,37.0,water_later
Pepper,fruiting,5.4,137,sandy,85.4,2.0,27.8,46.5,8.2,3.9,11.1,8.0,water_now
Potato,vegetative,18.2,137,loam,86.1,15.9,13.7,32.1,5.1,7.8,3.0,109.0,no_watering
Potato,fruiting,17.4,47,loam,52.6,31.0,12.1,42.5,34.0,17.5,7.6,17.0,water_later
Pepper,fruiting,9.0,13,sandy,51.0,54.6,24.0,86.5,62.8,3.3,2.7,40.0,water_later
Tomato,flowering,8.4,15,loam,73.6,25.7,16.7,26.8,67.1,11.5,6.3,168.0,no_watering
Tomato,seedling,17.5,149,loam,95.1,12.9,19.2,37.2,60.6,13.7,2.2,168.0,no_watering
Pepper,fruiting,13.0,6,loam,50.6,27.8,25.0,45.2,63.3,5.6,8.7,16.0,water_later
Tomato,vegetative,14.2,111,clay,67.3,57.9,16.3,56.1,78.2,9.1,4.5,168.0,no_watering
Tomato,flowering,16.5,47,clay,82.9,14.2,31.5,81.6,9.5,7.3,5.2,84.0,no_watering
Tomato,flowering,11.8,113,clay,99.0,1.3,24.4,87.3,65.8,10.7,4.4,168.0,no_watering
Potato,seedling,30.4,130,clay,87.5,75.2,17.1,76.7,34.4,4.8,5.6,168.0,no_watering
Pepper,flowering,12.7,1,sandy,58.1,14.2,27.1,28.4,38.5,14.3,5.3,24.0,water_later
Pepper,flowering,8.0,36,clay,76.9,16.7,15.1,47.4,4.1,21.7,9.1,55.0,no_watering
Pepper,fruiting,13.0,47,clay,90.9,5.9,33.6,67.6,32.0,20.6,5.5,86.0,no_watering
Pepper,flowering,16.0,42,sandy,66.9,30.3,18.8,50.4,79.7,14.7,4.6,156.0,no_watering
Tomato,vegetative,14.8,41,sandy,45.0,69.4,19.6,63.1,26.8,14.3,5.0,13.0,water_later
Potato,flowering,18.6,62,sandy,72.7,12.0,18.7,38.1,39.3,23.1,5.1,16.0,water_later
Potato,seedling,19.1,86,sandy,64.2,34.6,26.7,51.2,23.5,8.4,5.2,59.0,no_watering
Tomato,fruiting,24.0,24,sandy,75.7,10.0,30.3,38.5,6.7,1.2,8.0,12.0,water_now
Tomato,seedling,11.5,6,clay,97.8,6.4,24.3,38.4,40.2,12.5,9.3,168.0,no_watering
Potato,seedling,28.9,129,clay,94.6,6.4,23.8,63.6,84.7,12.7,11.2,168.0,no_watering
Pepper,vegetative,14.1,10,sandy,70.3,14.7,34.7,55.3,16.2,3.5,2.3,82.0,no_watering
Potato,seedling,12.4,144,sandy,99.7,0.4,27.5,28.8,46.5,13.0,5.0,168.0,no_watering
Potato,vegetative,21.3,108,sandy,90.7,3.4,16.8,66.5,1.1,20.5,10.2,14.0,water_later
Tomato,flowering,16.3,2,sandy,48.3,70.5,25.9,35.7,82.2,15.2,2.2,168.0,no_watering
Potato,fruiting,11.3,52,loam,79.8,19.6,13.9,41.0,56.3,2.3,5.5,63.0,no_watering
Pepper,fruiting,15.3,74,loam,44.0,29.6,16.9,36.1,68.6,0.1,9.9,9.0,water_now
Potato,seedling,11.9,93,loam,76.9,19.8,20.5,28.7,18.3,8.0,10.9,40.0,water_later
Pepper,flowering,14.3,51,loam,52.3,17.8,35.9,66.5,19.3,11.1,11.4,8.0,water_now
Potato,seedling,10.1,32,loam,61.7,47.5,25.2,55.9,17.8,6.4,11.9,38.0,water_later
Pepper,seedling,11.8,4,sandy,95.1,8.1,15.5,83.2,71.1,20.1,9.5,168.0,no_watering
Pepper,fruiting,13.7,114,clay,59.3,18.4,23.2,52.9,49.0,7.4,10.8,12.0,water_now
Tomato,vegetative,19.7,73,sandy,98.2,1.3,20.9,45.1,69.2,24.9,2.9,168.0,no_watering
Tomato,flowering,8.9,101,clay,71.2,9.4,29.1,45.1,18.2,12.0,10.6,14.0,water_later
Tomato,fruiting,16.4,12,clay,75.9,9.8,20.6,66.2,13.7,21.8,10.5,83.0,no_watering
Potato,vegetative,19.9,70,loam,94.5,10.0,22.1,31.1,78.6,5.3,5.5,86.0,no_watering
Tomato,fruiting,8.7,112,clay,89.7,3.2,31.2,61.0,44.7,7.3,9.0,33.0,water_later
Potato,vegetative,16.1,39,clay,48.6,60.8,27.5,91.1,23.2,10.8,5.9,37.0,water_later
Potato,seedling,15.5,146,sandy,43.3,47.7,13.4,29.9,56.3,2.3,9.8,11.0,water_now
Potato,flowering,30.6,58,clay,98.3,1.2,21.1,36.5,45.7,13.8,6.3,139.0,no_watering
Tomato,vegetative,11.8,108,sandy,56.4,29.0,22.1,30.0,51.8,19.9,8.6,14.0,water_later
Pepper,seedling,7.3,98,sandy,88.2,12.1,24.9,63.2,74.8,7.0,3.0,168.0,no_watering
Pepper,vegetative,5.6,42,loam,49.5,54.5,17.1,30.5,30.9,6.8,3.8,61.0,no_watering
Pepper,seedling,16.0,104,sandy,47.6,55.5,24.3,91.3,23.6,12.7,9.6,12.0,water_now
Pepper,fruiting,10.8,101,loam,62.3,11.5,35.1,51.0,8.4,11.0,7.6,11.0,water_now
Potato,fruiting,15.5,73,sandy,42.4,67.1,13.3,40.2,75.7,22.0,2.5,168.0,no_watering
Potato,vegetative,23.4,106,sandy,48.0,24.6,28.7,73.4,28.6,9.6,4.8,33.0,water_later
Pepper,seedling,11.0,78,loam,36.8,76.9,15.3,48.3,72.7,0.3,10.6,10.0,water_now
Potato,flowering,26.9,92,clay,75.0,51.9,12.3,93.8,3.4,15.7,6.7,72.0,no_watering
Potato,fruiting,17.2,127,loam,71.1,61.2,21.8,30.6,83.1,11.5,3.0,168.0,no_watering
Tomato,flowering,15.2,132,loam,62.4,38.8,20.0,65.9,39.0,1.2,8.8,13.0,water_later
Potato,fruiting,19.5,30,clay,82.5,24.6,25.8,63.3,50.1,23.3,5.3,168.0,no_watering
Tomato,flowering,15.5,13,loam,56.9,14.5,20.7,29.2,33.1,0.5,10.7,15.0,water_later
Potato,flowering,12.0,80,loam,79.1,16.9,21.2,69.9,18.0,12.8,2.8,106.0,no_watering
Potato,flowering,12.6,104,loam,64.4,14.9,16.3,87.7,34.3,7.9,10.6,14.0,water_later
Tomato,vegetative,9.5,30,clay,97.7,1.4,29.9,39.1,58.9,16.8,9.3,64.0,no_watering
Potato,flowering,20.2,7,loam,74.8,11.1,28.4,81.9,38.0,24.5,8.4,83.0,no_watering
Tomato,vegetative,10.7,80,loam,49.4,59.0,20.1,69.1,60.9,4.7,2.6,62.0,no_watering
Potato,seedling,29.8,105,clay,52.9,75.5,24.4,52.5,16.6,22.8,10.2,35.0,water_later
Potato,vegetative,13.3,18,loam,58.2,18.1,25.3,64.7,0.5,14.1,12.0,15.0,water_later
Pepper,vegetative,7.0,55,loam,98.1,2.1,24.3,55.8,24.7,14.5,3.4,155.0,no_watering
Pepper,fruiting,7.4,118,loam,65.7,16.9,15.3,57.0,62.0,1.5,8.7,13.0,water_later
Potato,vegetative,10.1,8,loam,68.6,18.6,18.8,82.4,84.9,17.2,7.6,168.0,no_watering
Tomato,flowering,10.2,130,loam,95.9,1.1,28.7,78.5,19.1,17.3,11.1,17.0,water_later
Tomato,seedling,12.3,26,clay,82.4,32.5,32.3,35.2,19.2,11.1,3.7,168.0,no_watering
Pepper,seedling,13.4,111,clay,39.5,168.0,34.8,55.8,61.8,24.6,2.4,58.0,no_watering
Tomato,seedling,8.7,149,sandy,44.3,48.5,33.1,68.4,42.5,21.3,4.2,13.0,water_later
Tomato,seedling,17.4,119,sandy,82.7,9.7,34.0,48.8,46.3,2.7,9.8,16.0,water_later
Potato,seedling,30.8,81,sandy,94.5,15.6,13.0,79.3,49.6,5.4,3.9,168.0,no_watering
Pepper,flowering,8.8,90,loam,67.1,17.1,31.6,80.3,72.8,9.9,3.3,39.0,water_later
Potato,seedling,23.1,39,loam,86.3,16.4,20.4,60.4,79.2,4.3,8.8,137.0,no_watering
Potato,fruiting,31.4,104,loam,61.5,107.9,16.3,82.2,75.9,17.5,2.1,168.0,no_watering
Pepper,vegetative,9.3,61,sandy,54.4,9.6,32.1,63.1,71.4,22.8,11.0,8.0,water_now
Pepper,seedling,5.9,148,loam,87.0,15.3,24.1,27.6,75.1,2.6,3.0,168.0,no_watering
Pepper,seedling,10.0,108,clay,88.0,20.8,18.8,32.1,36.8,4.5,7.8,168.0,no_watering
Potato,flowering,20.3,6,loam,39.5,70.1,24.4,36.0,53.2,7.0,5.8,14.0,water_later
Tomato,flowering,20.0,43,clay,63.3,16.9,33.9,25.3,85.4,20.2,5.4,168.0,no_watering
Tomato,fruiting,10.8,11,loam,85.8,6.5,20.3,94.9,77.5,14.2,6.6,168.0,no_watering
Pepper,seedling,8.4,11,clay,95.5,9.8,23.2,26.2,56.2,16.7,6.4,168.0,no_watering
Pepper,vegetative,8.1,70,sandy,96.9,3.0,18.1,68.9,50.2,1.9,4.5,59.0,no_watering
Pepper,fruiting,14.0,127,clay,38.7,50.1,27.5,82.8,26.3,11.6,2.1,14.0,water_later
Potato,vegetative,26.0,20,clay,93.5,7.0,14.4,59.3,74.8,7.9,6.2,168.0,no_watering
Tomato,fruiting,19.6,123,clay,67.6,24.9,20.5,80.6,23.7,6.7,4.8,59.0,no_watering
Pepper,flowering,9.7,14,clay,40.2,74.4,23.6,52.6,65.9,1.1,8.0,14.0,water_later
Tomato,flowering,22.9,48,loam,66.0,15.1,24.4,69.6,36.4,8.9,8.1,16.0,water_later
Pepper,fruiting,10.5,105,sandy,72.4,15.6,23.3,55.9,9.3,22.9,4.6,13.0,water_later
Potato,flowering,30.0,53,clay,42.2,106.3,15.6,46.1,63.2,21.8,3.4,168.0,no_watering
Potato,flowering,25.2,47,clay,36.1,91.6,14.3,46.4,55.9,20.9,3.0,21.0,water_later
Potato,seedling,26.8,49,loam,84.6,19.6,28.3,38.4,59.9,13.4,5.7,168.0,no_watering
Pepper,fruiting,8.9,39,clay,55.9,54.4,28.0,65.4,1.5,1.2,2.3,70.0,no_watering
Tomato,flowering,8.9,136,loam,93.7,4.8,32.7,39.8,87.9,0.9,5.2,35.0,water_later
Potato,flowering,13.9,1,loam,79.0,17.7,24.4,73.2,17.2,19.8,2.4,168.0,no_watering
Potato,seedling,17.9,26,loam,94.4,5.8,27.5,50.0,24.1,15.2,8.1,168.0,no_watering
Tomato,fruiting,14.3,97,clay,38.0,86.8,21.1,81.1,69.0,5.1,5.8,12.0,water_now
Tomato,vegetative,10.4,104,loam,92.0,5.7,21.7,62.6,56.0,11.7,6.0,128.0,no_watering
Tomato,fruiting,13.4,129,sandy,91.9,2.3,20.9,85.1,80.8,10.2,7.5,15.0,water_later
Tomato,fruiting,9.8,132,clay,59.4,27.2,24.4,58.5,31.5,21.6,3.7,107.0,no_watering
Pepper,fruiting,15.2,134,sandy,42.6,24.7,19.7,38.9,16.6,4.9,3.1,11.0,water_now
Potato,fruiting,18.4,145,clay,48.1,67.3,18.6,83.0,7.0,5.7,3.1,62.0,no_watering
Pepper,seedling,13.4,52,clay,82.3,61.6,15.0,83.8,88.7,6.9,4.9,168.0,no_watering
Pepper,flowering,15.3,17,loam,39.0,45.7,22.8,68.3,18.2,17.1,6.3,12.0,water_now
Tomato,vegetative,23.4,75,loam,39.1,52.5,19.6,55.0,60.6,11.2,8.2,9.0,water_now
Pepper,flowering,10.9,145,loam,50.5,23.1,22.1,48.0,81.7,20.2,7.1,12.0,water_now
Tomato,vegetative,22.3,121,loam,35.1,104.4,27.9,78.7,3.8,18.4,6.9,9.0,water_now
Pepper,vegetative,11.2,61,sandy,98.6,0.6,35.1,72.1,17.4,22.8,5.1,38.0,water_later
Potato,fruiting,26.5,4,loam,72.5,29.6,23.7,52.8,60.2,4.5,4.0,168.0,no_watering
Tomato,flowering,17.7,147,sandy,72.1,6.2,30.2,38.4,46.1,18.6,8.2,10.0,water_now
Potato,seedling,26.9,27,sandy,87.5,13.4,27.0,50.8,59.2,7.0,8.2,112.0,no_watering
Pepper,seedling,9.2,88,sandy,69.0,30.8,26.4,39.4,14.0,21.6,5.4,37.0,water_later
Tomato,vegetative,22.2,120,clay,49.0,53.3,29.7,53.4,60.0,20.4,7.2,15.0,water_later
Potato,fruiting,10.6,90,sandy,80.7,9.8,23.9,86.1,52.7,11.8,4.0,34.0,water_later
Potato,fruiting,16.1,99,sandy,79.2,8.1,25.4,81.3,58.4,21.0,6.2,14.0,water_later
Pepper,fruiting,9.0,95,clay,55.2,45.4,18.8,66.8,54.6,10.3,8.0,14.0,water_later
Pepper,vegetative,10.1,112,clay,40.2,136.3,17.6,76.3,23.7,20.7,5.5,16.0,water_later
Pepper,flowering,8.4,7,loam,70.3,19.2,24.4,36.3,69.6,19.9,3.0,168.0,no_watering
Potato,seedling,22.2,53,loam,59.5,37.8,28.5,31.2,77.0,3.3,7.9,41.0,water_later
Potato,flowering,25.1,40,clay,42.6,31.1,27.6,36.9,29.3,23.4,6.4,14.0,water_later
Potato,flowering,12.5,121,clay,93.7,3.3,13.9,82.9,83.7,23.9,11.9,168.0,no_watering
Potato,vegetative,18.6,106,loam,65.5,23.8,14.1,60.3,17.4,11.3,9.8,31.0,water_later
Potato,vegetative,18.0,33,sandy,97.2,2.1,18.4,60.7,77.1,9.2,3.1,168.0,no_watering
Tomato,fruiting,23.8,95,clay,90.7,3.6,26.8,48.2,63.2,9.4,8.2,37.0,water_later
Tomato,flowering,13.8,85,sandy,58.6,8.9,25.8,37.2,60.0,12.8,10.2,9.0,water_now
Pepper,flowering,6.7,88,sandy,86.1,6.3,18.6,35.9,49.6,8.9,6.4,14.0,water_later
Pepper,flowering,14.3,68,clay,82.4,15.3,17.9,83.9,16.0,19.6,5.2,86.0,no_watering
Potato,seedling,14.1,55,sandy,61.1,51.8,20.6,73.2,77.9,5.9,8.8,40.0,water_later
Potato,fruiting,26.4,110,clay,63.6,26.2,14.5,28.6,87.0,8.9,8.3,40.0,water_later
Pepper,fruiting,7.1,131,loam,60.5,17.5,27.5,51.2,62.2,15.9,10.3,11.0,water_now
Pepper,flowering,13.8,32,sandy,66.9,9.5,30.5,39.4,35.4,23.9,4.8,36.0,water_later
Pepper,seedling,6.4,144,clay,64.7,58.8,28.2,56.8,30.0,24.2,3.2,168.0,no_watering
Potato,fruiting,17.3,24,clay,65.5,51.8,17.5,38.0,24.5,10.4,7.1,65.0,no_watering
Tomato,flowering,9.4,126,clay,71.2,11.8,29.5,85.6,33.6,11.9,11.4,15.0,water_later
Potato,flowering,24.8,8,sandy,89.9,4.0,23.8,56.1,24.1,16.5,5.4,88.0,no_watering
Tomato,fruiting,18.6,49,loam,87.0,14.8,16.4,37.2,76.2,15.6,5.2,168.0,no_watering
Pepper,seedling,13.7,10,sandy,47.0,39.6,34.9,64.2,20.6,0.8,8.8,14.0,water_later
Potato,vegetative,23.1,121,clay,75.3,23.3,15.2,30.2,31.7,3.2,6.3,66.0,no_watering
Tomato,flowering,13.2,72,clay,62.5,18.4,29.6,83.2,6.7,18.5,7.5,28.0,water_later
Pepper,fruiting,9.2,139,sandy,39.0,17.9,24.8,71.0,64.5,1.5,7.6,8.0,water_now
Pepper,seedling,8.9,99,clay,52.9,90.1,16.9,41.0,65.3,1.0,7.5,67.0,no_watering
Tomato,flowering,11.2,29,sandy,47.5,28.2,24.8,64.6,13.2,7.3,9.5,9.0,water_now
Pepper,flowering,6.7,83,sandy,95.6,3.7,21.1,74.7,84.0,3.5,2.7,61.0,no_watering
Potato,vegetative,29.2,80,sandy,96.5,2.7,18.5,62.8,76.5,18.2,4.2,88.0,no_watering
Pepper,flowering,9.5,77,loam,74.7,5.9,30.0,53.6,76.3,11.0,11.1,11.0,water_now
Tomato,seedling,17.9,37,sandy,71.7,29.5,24.3,71.6,67.3,21.8,6.3,168.0,no_watering
Potato,flowering,23.6,89,clay,56.4,58.2,12.1,70.7,64.8,18.4,7.5,136.0,no_watering
Tomato,seedling,15.7,138,loam,55.1,27.2,31.6,33.0,2.8,25.0,12.0,13.0,water_later
Tomato,fruiting,8.2,5,clay,61.6,26.0,16.4,30.3,6.5,22.5,4.5,168.0,no_watering
Potato,seedling,25.3,76,loam,42.2,153.8,24.8,58.1,57.9,6.9,2.6,107.0,no_watering
Pepper,flowering,8.5,14,loam,43.7,15.2,33.4,79.2,74.5,17.4,10.4,9.0,water_now
Potato,flowering,11.7,60,clay,82.2,10.7,27.0,25.5,80.9,13.1,4.7,168.0,no_watering
Tomato,fruiting,13.5,2,sandy,92.1,3.9,16.7,81.4,90.0,13.6,3.7,168.0,no_watering
Potato,fruiting,24.1,27,loam,64.8,54.2,17.1,80.1,33.2,23.6,5.1,168.0,no_watering
Potato,vegetative,11.7,108,sandy,69.9,13.1,24.8,64.5,44.3,3.6,5.6,15.0,water_later
Potato,seedling,23.0,15,loam,97.2,6.9,28.7,75.6,71.4,20.5,4.4,168.0,no_watering
Potato,vegetative,27.2,47,loam,49.3,16.5,28.7,47.3,62.5,8.7,11.1,10.0,water_now
Potato,flowering,22.6,88,loam,88.3,18.3,12.7,26.4,69.5,20.3,4.6,168.0,no_watering
Potato,seedling,12.3,128,sandy,83.6,10.7,28.5,35.1,68.7,0.8,9.6,17.0,water_later
Potato,flowering,29.6,55,sandy,99.6,0.2,21.1,69.3,62.3,22.7,8.8,16.0,water_later
Potato,fruiting,20.5,122,loam,73.2,32.8,16.2,83.8,43.7,0.2,10.9,16.0,water_later
Potato,fruiting,14.7,146,loam,70.7,26.9,24.8,59.7,10.4,21.3,3.3,58.0,no_watering
Pepper,vegetative,11.6,26,loam,79.7,14.3,29.1,52.0,50.7,1.5,8.3,37.0,water_later
Pepper,vegetative,9.4,107,clay,88.6,11.9,21.8,73.0,59.5,24.9,4.9,168.0,no_watering
Potato,flowering,30.6,101,sandy,99.0,0.2,28.5,67.6,73.1,5.7,10.7,11.0,water_now
Tomato,flowering,12.8,52,clay,54.5,24.0,16.8,67.3,22.7,8.8,12.0,18.0,water_later
Pepper,flowering,9.6,134,clay,84.8,18.6,20.4,85.0,36.4,5.4,5.1,111.0,no_watering
Potato,fruiting,26.9,3,sandy,39.1,53.6,16.9,31.7,87.9,22.1,2.5,168.0,no_watering
Tomato,seedling,10.1,113,loam,60.7,25.8,32.3,54.8,2.4,20.8,10.7,15.0,water_later
Pepper,fruiting,11.5,75,clay,72.8,16.3,15.1,34.2,45.6,0.3,7.6,36.0,water_later
Tomato,flowering,10.4,69,clay,84.1,25.0,16.2,48.1,13.6,20.9,2.2,168.0,no_watering
Pepper,fruiting,7.5,14,loam,97.4,0.8,28.0,87.3,29.2,0.9,7.2,57.0,no_watering
Pepper,flowering,13.3,118,loam,57.8,14.3,27.1,74.8,52.6,24.0,8.9,36.0,water_later
Pepper,seedling,12.9,9,clay,66.4,53.8,35.1,47.4,52.7,12.6,6.1,168.0,no_watering
Potato,fruiting,13.1,69,loam,70.2,20.0,12.5,29.7,22.2,3.4,6.4,37.0,water_later
Potato,seedling,25.4,46,sandy,40.9,48.7,24.0,39.6,87.2,6.0,7.5,14.0,water_later
Tomato,flowering,18.3,129,clay,96.9,2.2,22.4,33.1,21.6,8.6,5.3,86.0,no_watering
Tomato,fruiting,19.1,10,sandy,62.9,36.4,18.1,44.7,39.1,17.2,4.8,58.0,no_watering
Tomato,flowering,19.9,104,clay,74.8,40.0,31.3,80.5,38.8,4.8,2.9,107.0,no_watering
Pepper,seedling,8.3,144,loam,66.2,56.1,15.4,30.4,73.3,7.5,2.7,168.0,no_watering
Tomato,fruiting,18.3,15,clay,77.9,22.8,18.4,29.6,84.9,13.1,3.7,168.0,no_watering
Potato,seedling,12.9,94,clay,45.1,168.0,13.1,82.0,71.1,5.3,3.6,168.0,no_watering
Tomato,seedling,8.7,90,clay,88.1,19.0,22.3,80.8,86.8,9.0,8.5,168.0,no_watering
Tomato,fruiting,19.9,96,clay,79.9,7.9,23.8,55.5,1.9,14.8,9.4,31.0,water_later
Pepper,vegetative,5.3,58,sandy,52.7,35.4,17.7,79.1,52.6,17.4,8.1,10.0,water_now
Tomato,seedling,23.0,21,sandy,55.8,58.7,24.7,87.0,33.7,7.3,4.5,168.0,no_watering
Potato,flowering,27.8,113,sandy,39.6,17.9,14.9,48.9,66.3,3.7,10.7,7.0,water_now
Pepper,fruiting,14.4,121,loam,48.9,18.3,19.9,76.4,56.6,5.7,11.3,8.0,water_now
Tomato,vegetative,15.9,9,clay,62.3,16.2,32.9,73.8,16.2,23.8,10.7,38.0,water_later
Potato,flowering,26.0,5,sandy,42.6,49.8,15.0,89.7,51.5,5.4,2.8,59.0,no_watering
Tomato,fruiting,17.4,121,sandy,77.4,20.6,19.1,40.3,54.4,15.8,2.5,83.0,no_watering
Potato,fruiting,28.1,61,sandy,93.7,2.5,12.4,26.3,82.8,18.3,9.6,16.0,water_later
Tomato,seedling,12.3,147,clay,87.5,19.2,18.9,47.2,22.3,23.6,12.0,168.0,no_watering
Potato,seedling,18.0,6,clay,77.8,56.2,21.2,94.4,36.7,12.4,6.5,168.0,no_watering
Tomato,flowering,12.5,147,clay,57.4,41.5,20.0,36.1,64.9,6.8,4.0,111.0,no_watering
Tomato,vegetative,19.0,22,loam,87.5,12.7,24.0,86.6,74.6,3.8,7.8,104.0,no_watering
Potato,flowering,22.2,122,clay,70.2,18.9,21.4,31.3,74.2,4.8,6.6,40.0,water_later
Potato,seedling,17.4,16,clay,62.1,62.6,22.6,50.0,4.9,6.2,7.1,159.0,no_watering
Potato,flowering,29.5,26,sandy,71.8,8.4,28.4,47.7,37.5,5.4,6.2,15.0,water_later
Potato,fruiting,11.3,120,clay,98.7,1.0,23.4,30.0,85.7,7.3,6.7,83.0,no_watering
Pepper,fruiting,9.1,19,clay,80.1,19.7,29.0,90.4,43.5,9.6,2.6,168.0,no_watering
Pepper,seedling,15.3,57,clay,93.1,15.0,18.5,40.0,31.6,8.4,8.4,168.0,no_watering
Tomato,vegetative,22.2,65,loam,73.7,29.0,26.2,81.2,72.2,6.8,5.6,58.0,no_watering
Pepper,fruiting,12.9,78,loam,63.6,23.4,16.4,32.7,11.7,16.3,4.8,33.0,water_later
Pepper,seedling,12.0,8,sandy,96.2,2.6,34.1,65.7,38.2,24.2,6.8,168.0,no_watering
Tomato,fruiting,15.5,102,sandy,47.7,20.9,23.1,81.7,4.8,8.4,4.5,11.0,water_now
Tomato,seedling,19.1,149,loam,98.3,2.7,27.8,39.0,67.2,24.5,3.9,168.0,no_watering
Potato,vegetative,31.5,76,sandy,80.2,6.6,20.3,45.2,21.1,6.4,11.4,11.0,water_now
Tomato,fruiting,22.3,23,loam,68.8,10.2,30.7,28.4,18.7,4.2,5.3,35.0,water_later
Tomato,seedling,15.1,103,loam,94.6,5.0,33.2,61.4,25.3,3.5,9.1,56.0,no_watering
Pepper,flowering,6.5,25,clay,60.5,27.5,30.7,31.1,20.4,7.6,7.2,37.0,water_later
Potato,seedling,16.2,103,sandy,42.0,48.4,19.5,75.2,11.4,2.0,9.2,10.0,water_now
Potato,seedling,27.0,70,clay,83.1,28.0,24.8,66.3,62.9,6.8,7.3,168.0,no_watering
Potato,flowering,19.5,81,clay,80.0,18.4,18.3,76.4,17.7,24.8,7.3,87.0,no_watering
Tomato,fruiting,12.6,141,sandy,86.5,3.4,23.8,46.8,67.0,14.9,8.9,14.0,water_later
Tomato,seedling,15.1,50,sandy,41.7,65.1,17.4,38.3,24.3,19.9,6.4,13.0,water_later
Tomato,fruiting,11.9,38,loam,96.1,1.0,28.0,56.6,63.1,22.9,8.6,86.0,no_watering
Potato,fruiting,11.8,20,sandy,71.6,18.0,18.7,38.6,45.5,11.3,4.4,168.0,no_watering
Pepper,flowering,12.9,117,sandy,44.7,27.5,25.5,27.6,53.7,12.2,2.2,24.0,water_later
Potato,flowering,20.1,103,clay,81.6,9.7,24.1,29.8,51.5,20.6,7.7,62.0,no_watering
Potato,vegetative,20.9,74,clay,81.5,18.2,21.1,90.6,46.7,1.0,5.9,106.0,no_watering
Potato,fruiting,26.2,109,loam,87.9,5.3,27.9,91.3,46.0,5.9,8.3,32.0,water_later
Tomato,seedling,22.1,29,sandy,43.5,85.1,17.1,78.0,54.9,19.8,6.0,33.0,water_later
Potato,fruiting,15.7,109,clay,55.9,42.0,18.7,45.0,75.6,3.6,4.5,62.0,no_watering
Potato,flowering,10.5,131,clay,91.2,7.0,17.2,51.7,75.8,20.6,9.4,168.0,no_watering
Pepper,flowering,7.9,46,clay,99.7,0.6,21.0,25.5,89.6,16.5,3.3,168.0,no_watering
Tomato,flowering,21.8,37,sandy,77.9,4.6,31.2,44.9,64.8,21.7,8.8,12.0,water_now
Potato,flowering,23.4,115,clay,85.9,9.6,21.1,85.7,28.5,5.6,10.3,38.0,water_later
Pepper,vegetative,11.9,123,loam,44.8,109.8,21.6,90.8,28.6,14.3,3.8,107.0,no_watering
Potato,seedling,17.3,96,sandy,67.2,79.2,12.1,89.0,89.7,2.1,3.5,168.0,no_watering
Potato,vegetative,20.2,42,clay,55.1,31.2,26.9,26.2,89.9,14.3,5.9,168.0,no_watering
Potato,flowering,17.2,106,sandy,85.7,23.4,12.7,68.9,47.7,16.5,3.9,168.0,no_watering
Pepper,flowering,12.5,56,sandy,59.9,45.0,30.1,33.5,59.1,12.1,2.4,44.0,water_later
Tomato,vegetative,14.5,145,loam,98.5,1.4,15.0,77.7,11.1,3.4,5.8,108.0,no_watering
Pepper,seedling,7.5,37,sandy,59.2,42.6,30.0,36.6,17.5,18.5,9.3,15.0,water_later
Tomato,vegetative,17.1,43,clay,55.5,24.9,27.1,34.5,16.8,5.8,9.2,33.0,water_later
Tomato,vegetative,9.6,114,sandy,60.5,42.2,20.1,90.6,54.0,21.2,8.2,11.0,water_now
Tomato,vegetative,23.4,122,clay,54.3,48.9,15.0,67.7,77.0,16.6,7.0,168.0,no_watering
Pepper,vegetative,12.0,128,clay,54.8,47.7,32.7,74.8,42.1,15.2,8.2,36.0,water_later
Tomato,fruiting,14.5,42,sandy,83.6,8.0,15.4,32.4,82.9,18.3,10.2,15.0,water_later
Pepper,fruiting,16.0,135,loam,35.1,18.5,16.6,45.5,50.4,3.4,11.4,7.0,water_now
Pepper,flowering,12.3,95,clay,75.9,12.6,23.0,35.2,63.5,4.8,8.3,40.0,water_later
Pepper,vegetative,12.1,19,clay,43.5,35.2,29.0,93.1,66.9,15.9,8.1,168.0,no_watering
Pepper,fruiting,12.6,22,sandy,62.7,6.8,24.8,75.2,73.6,23.8,10.8,10.0,water_now
Pepper,flowering,12.8,37,loam,64.3,11.3,17.0,26.5,67.2,7.7,11.8,13.0,water_later
Potato,fruiting,27.7,144,clay,62.6,33.9,19.8,38.8,75.6,20.7,6.0,168.0,no_watering
Tomato,seedling,19.4,40,loam,70.3,33.8,33.1,34.6,12.7,18.8,8.9,40.0,water_later
Pepper,flowering,8.5,81,sandy,77.4,12.0,16.3,47.3,46.7,15.6,6.3,32.0,water_later
Pepper,seedling,8.2,135,clay,80.9,40.6,32.4,77.4,87.8,8.5,7.4,168.0,no_watering
Pepper,flowering,11.7,77,sandy,72.8,10.0,24.7,31.7,28.2,6.1,6.8,12.0,water_now
Pepper,vegetative,7.1,76,clay,44.0,45.1,21.3,39.6,17.7,2.9,8.1,12.0,water_now
Tomato,seedling,16.1,147,clay,51.8,86.1,28.1,28.0,23.2,1.3,5.6,64.0,no_watering
Pepper,fruiting,8.9,116,loam,65.6,9.4,27.9,50.5,69.3,23.6,7.8,12.0,water_now
Pepper,flowering,14.5,56,clay,86.6,13.5,29.8,74.0,28.8,6.8,9.3,37.0,water_later
Tomato,vegetative,20.1,139,clay,92.8,5.4,19.0,83.4,52.5,22.6,10.1,168.0,no_watering
Tomato,vegetative,21.4,45,loam,78.4,14.6,19.5,68.7,39.4,24.0,7.7,168.0,no_watering
Potato,fruiting,26.3,144,loam,88.5,15.2,12.1,44.5,78.3,24.3,10.6,41.0,water_later
Potato,fruiting,25.6,10,clay,89.1,9.5,13.1,55.4,89.8,24.7,7.5,168.0,no_watering
Potato,vegetative,17.7,37,loam,73.4,16.6,14.8,33.4,9.5,2.1,11.1,31.0,water_later
Pepper,flowering,14.1,140,sandy,62.7,15.8,32.6,52.3,26.6,17.0,10.9,7.0,water_now
Tomato,flowering,17.3,94,loam,54.2,16.8,31.6,30.5,75.3,18.9,6.0,12.0,water_now
Pepper,flowering,14.3,143,sandy,63.8,13.5,20.6,52.3,13.1,12.6,9.3,10.0,water_now
Potato,fruiting,27.9,121,clay,80.5,21.0,18.3,58.2,79.8,23.0,6.6,168.0,no_watering
Pepper,fruiting,13.3,76,loam,48.8,31.8,33.9,53.1,10.3,2.9,2.1,13.0,water_later
Pepper,fruiting,10.1,139,clay,46.9,16.8,23.2,40.8,20.4,7.1,10.9,9.0,water_now
Potato,vegetative,21.1,43,loam,69.2,30.2,17.4,49.1,40.3,7.2,3.9,132.0,no_watering
Potato,vegetative,14.9,141,loam,38.5,76.1,16.2,76.8,43.0,19.3,2.6,14.0,water_later
Pepper,vegetative,8.1,15,clay,70.6,15.5,36.0,27.6,60.5,20.2,5.3,168.0,no_watering
Pepper,flowering,11.7,127,loam,75.8,13.9,33.6,68.9,34.4,13.9,8.4,12.0,water_now
Pepper,fruiting,5.1,125,loam,93.6,1.9,26.0,92.0,18.3,9.4,10.6,14.0,water_later
Tomato,vegetative,22.1,145,sandy,44.3,34.2,17.5,79.6,12.8,11.4,6.0,11.0,water_now
Pepper,flowering,15.8,7,clay,59.6,19.8,23.8,41.2,44.0,4.0,8.1,62.0,no_watering
Pepper,vegetative,15.2,65,loam,61.8,18.2,29.0,53.9,31.7,20.0,9.1,17.0,water_later
Potato,seedling,19.2,19,clay,96.5,8.4,12.5,35.9,17.6,21.5,5.9,168.0,no_watering
Potato,flowering,27.9,41,sandy,52.1,29.2,17.8,56.4,64.6,4.6,4.7,14.0,water_later
Pepper,seedling,5.3,37,sandy,66.1,19.4,27.5,89.4,46.7,19.0,11.2,126.0,no_watering
Tomato,vegetative,18.1,123,sandy,98.0,0.8,29.2,49.6,58.3,20.9,9.6,13.0,water_later
Potato,flowering,11.9,46,loam,60.8,21.0,21.1,63.0,55.6,23.8,5.9,168.0,no_watering
Pepper,seedling,5.7,79,loam,94.2,4.7,32.7,25.9,19.2,17.3,7.4,105.0,no_watering
Tomato,flowering,8.9,147,loam,39.8,18.7,20.6,43.8,8.8,20.0,11.3,7.0,water_now
Tomato,flowering,12.5,77,sandy,75.9,13.8,21.6,65.1,1.8,14.0,6.2,13.0,water_later
Pepper,fruiting,14.8,149,loam,81.3,4.8,35.9,72.6,70.4,21.2,7.2,16.0,water_later
Pepper,vegetative,10.5,35,loam,84.3,10.3,16.4,40.1,60.2,18.9,8.0,168.0,no_watering
Pepper,flowering,8.7,66,loam,75.1,5.5,34.3,88.4,73.1,16.3,10.8,15.0,water_later
Potato,flowering,12.9,124,clay,79.2,20.4,13.3,44.4,33.1,16.0,5.5,135.0,no_watering
Tomato,fruiting,11.4,65,loam,61.7,9.5,21.8,34.7,79.1,24.3,11.2,10.0,water_now
Tomato,vegetative,23.9,50,clay,51.2,35.4,25.6,49.6,3.6,18.2,7.5,34.0,water_later
Tomato,seedling,13.3,27,loam,42.8,151.9,15.6,74.4,65.4,10.1,4.7,168.0,no_watering
Tomato,flowering,21.0,49,sandy,86.8,8.9,19.5,92.1,27.9,3.2,2.9,85.0,no_watering
Tomato,fruiting,8.0,67,clay,43.7,26.3,24.6,62.2,12.8,6.3,6.5,12.0,water_now
Pepper,flowering,14.7,9,clay,65.6,15.5,19.9,33.3,2.7,19.1,10.4,40.0,water_later
Potato,fruiting,10.9,88,loam,76.9,15.0,21.8,57.5,20.3,9.1,4.6,62.0,no_watering
Pepper,seedling,9.5,59,loam,77.3,43.1,29.1,90.8,36.7,23.9,5.6,168.0,no_watering
Potato,seedling,28.6,64,loam,36.4,133.2,23.6,39.9,25.5,5.7,3.8,17.0,water_later
Potato,seedling,19.0,7,loam,82.1,33.1,28.6,38.8,13.1,18.0,2.3,168.0,no_watering
Potato,seedling,16.0,99,sandy,98.2,2.5,17.0,91.1,47.3,14.0,5.3,168.0,no_watering
Potato,vegetative,11.6,68,clay,59.5,68.3,13.1,46.9,17.5,20.1,4.5,82.0,no_watering
Pepper,fruiting,9.2,9,sandy,60.9,4.4,34.4,58.8,2.4,12.2,11.3,9.0,water_now
Tomato,vegetative,22.4,99,loam,63.1,36.8,33.2,80.7,1.5,13.0,4.9,34.0,water_later
Pepper,fruiting,5.3,55,sandy,57.6,14.1,20.6,76.4,46.1,23.8,5.4,12.0,water_now
Pepper,vegetative,6.1,68,loam,57.6,18.9,27.2,41.3,72.1,16.2,7.4,14.0,water_later
Potato,vegetative,10.1,107,clay,38.2,160.5,14.0,78.2,33.1,17.9,6.3,13.0,water_later
Potato,vegetative,24.5,143,loam,59.4,27.4,24.4,63.7,77.6,17.6,5.6,168.0,no_watering
Pepper,seedling,11.5,79,clay,56.8,74.0,20.0,93.6,56.6,22.3,9.5,168.0,no_watering
Potato,vegetative,25.0,139,clay,35.5,75.1,15.7,78.5,37.0,6.3,8.5,10.0,water_now
Potato,seedling,30.6,120,loam,85.7,33.4,23.7,59.7,49.9,8.6,2.4,168.0,no_watering
Potato,flowering,15.5,43,loam,47.1,28.2,25.4,66.0,0.6,11.2,5.7,14.0,water_later
Potato,vegetative,12.1,58,clay,37.6,34.8,20.6,39.2,46.8,20.2,9.7,10.0,water_now
Pepper,fruiting,5.7,99,sandy,82.7,5.2,34.6,84.2,81.0,16.9,5.8,17.0,water_later
Pepper,seedling,5.3,139,loam,93.8,6.6,23.4,38.6,2.9,23.5,3.3,168.0,no_watering
Potato,fruiting,21.9,135,loam,70.9,28.8,19.0,84.3,38.4,19.5,5.4,82.0,no_watering
Tomato,seedling,9.8,72,loam,62.9,46.8,27.9,36.6,52.0,12.7,5.2,168.0,no_watering
Pepper,flowering,12.6,24,clay,73.6,55.6,17.1,72.5,66.8,23.5,2.7,168.0,no_watering
Potato,seedling,21.2,30,sandy,73.5,38.1,27.6,58.9,62.1,12.7,2.3,168.0,no_watering
Pepper,vegetative,6.7,144,loam,47.4,48.1,25.3,92.2,66.9,18.0,3.3,168.0,no_watering
Pepper,vegetative,8.8,76,loam,90.0,4.5,23.2,77.1,6.3,6.7,10.4,27.0,water_later
Pepper,fruiting,10.1,89,sandy,75.0,6.5,17.5,39.2,36.1,16.3,8.9,10.0,water_now
Pepper,fruiting,14.7,107,clay,71.8,24.7,17.3,61.3,69.6,23.5,7.7,87.0,no_watering
Pepper,seedling,14.2,83,sandy,68.3,63.0,24.1,74.9,66.0,18.7,2.5,168.0,no_watering
Pepper,vegetative,9.1,82,loam,68.1,14.4,21.4,84.6,14.3,0.0,11.3,14.0,water_later
Pepper,flowering,15.2,34,loam,78.5,8.9,18.8,59.7,46.9,10.2,11.3,31.0,water_later
Tomato,flowering,23.5,147,loam,43.5,16.0,34.0,39.9,89.7,5.0,7.9,9.0,water_now
Tomato,fruiting,11.3,95,clay,89.6,7.9,30.3,92.5,27.9,14.1,8.6,59.0,no_watering
Tomato,seedling,16.3,14,clay,72.8,65.1,17.7,57.7,42.9,16.7,5.6,168.0,no_watering
Pepper,flowering,12.8,144,sandy,40.2,22.7,32.4,36.4,13.3,22.1,11.5,6.0,water_now
Tomato,seedling,9.9,148,loam,99.9,0.3,15.9,36.0,56.5,19.6,4.9,168.0,no_watering
Tomato,flowering,14.5,108,clay,45.0,38.6,19.8,40.3,82.6,10.6,6.1,14.0,water_later
Pepper,flowering,9.0,66,sandy,85.9,3.8,23.7,70.0,4.3,1.2,8.4,12.0,water_now
Tomato,flowering,23.5,142,clay,50.2,15.1,31.7,58.9,11.6,8.6,11.7,11.0,water_now
Pepper,flowering,12.6,143,clay,85.1,9.4,24.6,93.3,31.5,23.3,6.8,59.0,no_watering
Pepper,seedling,12.6,50,clay,40.3,73.2,30.1,58.1,71.7,19.0,10.2,14.0,water_later
Potato,seedling,21.6,97,loam,65.3,80.7,27.4,34.7,6.1,9.1,8.0,36.0,water_later
Pepper,fruiting,15.9,73,sandy,38.2,34.3,33.4,78.3,70.6,19.7,2.1,10.0,water_now
Pepper,seedling,9.8,67,sandy,73.5,36.3,21.9,55.3,0.4,13.5,5.4,59.0,no_watering
Tomato,flowering,14.8,33,clay,90.9,13.5,18.9,30.8,71.7,12.7,3.4,168.0,no_watering
Potato,fruiting,13.0,59,sandy,65.7,10.6,16.0,75.7,1.6,9.3,11.0,10.0,water_now
Potato,vegetative,32.0,14,sandy,50.2,93.7,14.2,52.1,89.8,7.2,3.6,168.0,no_watering
Tomato,flowering,19.4,20,clay,80.8,21.5,30.6,55.6,45.2,2.0,2.3,168.0,no_watering
Tomato,seedling,17.4,138,sandy,73.3,31.2,28.1,63.0,16.8,10.7,3.9,62.0,no_watering
Potato,flowering,19.8,134,loam,44.2,23.7,27.6,85.3,54.7,12.5,7.3,10.0,water_now
Potato,vegetative,14.7,114,clay,43.5,145.0,14.0,59.4,55.7,17.6,4.0,168.0,no_watering
Pepper,flowering,8.4,42,loam,59.2,22.1,31.3,86.7,71.7,8.4,6.7,14.0,water_later
Pepper,flowering,8.9,72,clay,62.4,44.6,18.8,93.6,71.7,4.0,11.2,16.0,water_later
Pepper,seedling,8.1,85,clay,65.7,63.5,17.2,73.3,44.6,8.9,10.6,158.0,no_watering
Potato,fruiting,30.1,91,loam,83.8,11.9,12.0,83.4,12.6,21.5,11.5,23.0,water_later
Pepper,vegetative,10.0,22,loam,72.4,22.3,18.5,52.8,28.1,14.2,11.1,80.0,no_watering
Potato,seedling,13.6,134,clay,39.8,164.2,14.7,88.5,37.5,4.1,5.1,52.0,no_watering
Tomato,seedling,17.3,111,sandy,68.2,21.5,29.8,94.4,4.6,15.0,9.2,16.0,water_later
Tomato,flowering,11.8,12,clay,96.0,2.8,33.9,74.4,89.1,12.4,6.7,168.0,no_watering
Potato,fruiting,28.3,40,loam,93.8,2.4,21.5,34.1,6.2,8.3,10.4,34.0,water_later
Potato,vegetative,12.5,49,loam,66.5,19.2,27.4,45.6,71.8,24.7,5.0,168.0,no_watering
Tomato,flowering,17.4,149,loam,95.7,3.1,26.5,53.6,41.5,0.3,2.6,96.0,no_watering
Tomato,seedling,18.5,93,sandy,66.6,39.3,15.8,94.2,32.7,11.0,8.0,35.0,water_later
Tomato,fruiting,15.7,55,loam,69.1,8.2,29.2,25.4,19.1,19.6,8.2,15.0,water_later
Tomato,flowering,19.8,103,sandy,62.4,11.8,20.5,91.1,53.0,3.3,9.5,11.0,water_now
Tomato,fruiting,21.5,83,sandy,64.6,14.1,30.9,92.7,37.4,19.6,2.4,14.0,water_later
Potato,fruiting,26.1,95,loam,70.2,13.5,20.3,31.7,61.7,1.3,8.7,16.0,water_later
Pepper,flowering,14.1,111,clay,59.7,22.9,32.4,53.5,17.7,0.2,8.5,13.0,water_later
Potato,vegetative,30.5,26,clay,36.4,84.2,14.8,53.5,87.5,6.0,6.0,38.0,water_later
Tomato,flowering,19.4,89,clay,80.6,6.7,28.7,27.0,18.1,18.8,10.6,31.0,water_later
Tomato,vegetative,15.0,12,clay,89.2,14.8,29.4,86.0,9.7,22.3,9.4,127.0,no_watering
Potato,fruiting,16.9,97,clay,65.1,15.8,25.3,31.0,31.0,13.3,9.8,35.0,water_later
Tomato,fruiting,16.5,8,loam,44.7,37.8,17.4,26.2,6.2,2.2,8.9,12.0,water_now
Tomato,vegetative,22.7,140,clay,69.2,36.3,19.6,26.2,6.9,3.5,4.1,105.0,no_watering
Tomato,flowering,18.0,15,sandy,62.0,8.3,29.2,78.0,7.0,11.1,9.9,14.0,water_later
Pepper,flowering,7.0,91,clay,37.2,46.3,33.1,75.8,65.1,2.9,9.0,8.0,water_now
Tomato,flowering,18.0,105,loam,90.4,11.0,16.6,73.6,9.7,20.7,10.4,23.0,water_later
Pepper,seedling,14.2,78,loam,85.5,41.2,17.4,36.7,35.6,20.1,7.0,104.0,no_watering
Potato,seedling,23.0,74,clay,41.2,100.2,16.2,25.6,80.4,2.7,8.2,40.0,water_later
Tomato,flowering,13.9,48,sandy,67.6,9.0,20.8,42.9,36.9,1.1,9.0,11.0,water_now
Potato,vegetative,27.5,131,sandy,73.7,18.9,17.0,75.6,86.4,18.6,5.4,168.0,no_watering
Pepper,seedling,8.9,3,loam,77.9,18.7,31.1,72.8,69.6,20.3,11.4,168.0,no_watering
Tomato,fruiting,16.8,147,loam,59.5,11.0,21.8,54.5,84.2,16.7,11.2,10.0,water_now
Pepper,seedling,6.1,54,loam,98.8,1.4,22.8,56.5,38.4,22.4,2.8,168.0,no_watering
Tomato,fruiting,9.1,5,sandy,37.2,19.8,31.2,74.7,1.9,5.2,3.0,11.0,water_now
Potato,flowering,15.1,2,loam,55.9,23.7,18.6,35.1,42.0,21.6,7.0,168.0,no_watering
Potato,fruiting,29.6,107,loam,88.4,16.3,27.6,55.0,29.5,1.5,2.0,108.0,no_watering
Pepper,seedling,7.8,60,clay,53.2,48.4,34.5,41.6,15.7,19.3,7.9,38.0,water_later
Pepper,seedling,11.4,137,sandy,69.7,29.5,29.6,32.5,78.6,16.1,10.2,39.0,water_later
Pepper,flowering,14.9,68,loam,65.0,13.0,27.1,84.1,17.1,13.3,8.2,13.0,water_later
Potato,fruiting,12.6,148,sandy,41.8,28.8,25.8,26.6,70.6,15.6,2.8,11.0,water_now
Pepper,seedling,13.8,87,clay,78.3,28.5,26.4,71.1,51.4,6.0,9.9,158.0,no_watering
Tomato,fruiting,23.2,1,sandy,88.0,4.6,17.7,47.4,37.3,4.7,5.0,88.0,no_watering
Tomato,flowering,14.5,85,sandy,94.5,2.8,22.3,52.6,84.3,22.5,5.3,168.0,no_watering
Pepper,flowering,13.1,40,loam,64.6,8.7,33.1,61.5,39.8,0.3,9.5,12.0,water_now
Tomato,seedling,10.8,149,sandy,85.5,10.3,20.1,33.4,17.2,12.5,11.7,18.0,water_later
Pepper,vegetative,5.4,89,sandy,89.6,7.7,32.8,48.0,29.7,21.2,4.2,25.0,water_later
Pepper,flowering,9.9,117,sandy,38.0,34.8,20.4,51.1,87.3,18.9,9.8,7.0,water_now
Pepper,flowering,14.2,144,loam,38.4,76.8,17.5,49.1,63.7,0.8,5.8,11.0,water_now
Pepper,vegetative,14.8,146,sandy,40.3,42.5,18.1,62.7,80.9,22.8,10.3,7.0,water_now
Tomato,fruiting,23.0,55,clay,85.6,6.7,18.3,58.9,73.0,7.8,11.2,36.0,water_later
Tomato,fruiting,22.2,70,loam,87.5,4.4,29.9,56.4,38.1,23.5,5.7,37.0,water_later
Pepper,flowering,11.5,131,sandy,76.1,26.9,18.1,87.2,89.7,13.9,4.1,168.0,no_watering
Pepper,vegetative,5.9,104,clay,75.2,35.4,19.8,84.2,36.9,18.0,2.7,168.0,no_watering
Pepper,flowering,10.6,125,sandy,86.8,3.8,25.7,61.8,88.0,10.5,7.1,13.0,water_later
Potato,fruiting,11.7,30,clay,64.3,50.9,28.2,48.9,10.5,16.8,2.6,168.0,no_watering
Tomato,fruiting,12.3,41,loam,95.5,4.3,16.1,63.3,16.5,12.9,4.0,131.0,no_watering
Potato,flowering,23.1,57,loam,42.0,22.6,28.3,29.0,61.4,7.8,6.6,10.0,water_now
Tomato,vegetative,21.3,144,sandy,48.1,48.6,24.6,62.7,18.3,18.3,9.6,9.0,water_now
Pepper,flowering,7.6,91,clay,87.8,9.6,15.1,33.6,58.3,3.3,11.6,35.0,water_later
Pepper,fruiting,6.0,57,loam,69.8,11.1,27.8,72.5,8.7,2.5,5.1,23.0,water_later
Potato,fruiting,12.9,141,loam,55.4,78.9,18.2,30.6,69.5,8.4,3.2,109.0,no_watering
Pepper,seedling,12.6,63,loam,91.3,17.4,23.5,43.2,48.8,0.8,6.2,132.0,no_watering
Potato,seedling,24.2,62,loam,64.3,79.3,15.7,56.0,87.8,4.0,7.8,159.0,no_watering
Potato,vegetative,16.6,71,sandy,93.0,4.9,21.4,84.5,78.0,18.6,6.3,85.0,no_watering
Tomato,seedling,18.9,57,sandy,75.4,15.6,33.2,93.3,82.6,20.1,9.0,19.0,water_later
Potato,seedling,13.7,3,sandy,66.6,50.1,25.6,36.2,72.9,2.1,6.5,168.0,no_watering
Potato,seedling,14.7,128,loam,47.3,73.9,18.2,81.9,25.9,15.2,9.1,17.0,water_later
Tomato,fruiting,17.0,18,loam,47.2,36.3,23.1,58.7,83.5,22.7,5.0,168.0,no_watering
Pepper,flowering,11.2,39,clay,99.4,0.3,34.7,62.8,82.8,4.4,6.8,91.0,no_watering
Tomato,fruiting,16.0,28,loam,98.3,0.9,24.2,52.0,85.1,4.7,7.9,62.0,no_watering
Tomato,vegetative,12.4,140,loam,79.3,21.4,15.8,25.8,65.1,6.8,3.7,168.0,no_watering
Tomato,vegetative,8.8,118,clay,71.1,66.1,23.4,93.6,16.3,3.5,2.9,168.0,no_watering
Potato,fruiting,24.0,80,clay,43.3,56.7,18.7,58.7,52.0,13.8,5.2,85.0,no_watering
Pepper,seedling,9.0,28,clay,77.1,53.5,26.1,90.9,37.6,7.4,7.8,168.0,no_watering
Tomato,seedling,21.9,63,sandy,61.1,31.2,24.9,83.9,67.6,15.0,9.3,16.0,water_later
Pepper,fruiting,7.6,66,sandy,67.4,11.3,16.5,78.2,6.3,9.3,6.0,12.0,water_now
Tomato,vegetative,14.3,49,clay,60.3,43.0,22.6,46.5,88.9,0.5,5.4,79.0,no_watering
Pepper,flowering,15.7,44,loam,39.7,16.0,32.2,29.3,59.9,8.1,11.8,7.0,water_now
Tomato,flowering,9.5,29,clay,89.6,11.5,33.2,90.9,79.1,12.4,2.2,168.0,no_watering
Tomato,vegetative,21.5,135,clay,50.7,137.0,18.2,33.7,59.0,24.0,3.5,168.0,no_watering
Potato,seedling,11.2,32,clay,45.7,133.9,20.4,40.6,86.3,16.5,3.4,168.0,no_watering
Tomato,vegetative,13.1,26,loam,93.8,4.6,24.0,34.7,12.5,22.6,4.8,129.0,no_watering
Pepper,vegetative,10.5,116,clay,50.3,65.9,20.2,42.1,83.2,16.8,5.0,168.0,no_watering
Tomato,vegetative,18.5,46,loam,95.1,3.0,21.3,32.0,24.5,22.7,8.5,62.0,no_watering
Pepper,vegetative,5.3,108,clay,40.4,21.7,32.1,60.5,51.7,24.9,10.7,14.0,water_later
Pepper,vegetative,8.1,24,clay,49.7,31.9,32.1,36.9,46.1,12.7,6.4,168.0,no_watering
Tomato,vegetative,17.4,35,clay,36.7,141.8,29.6,68.2,39.8,13.3,2.4,35.0,water_later
Tomato,flowering,23.0,117,clay,53.5,43.5,21.5,78.9,54.0,16.1,7.9,17.0,water_later
Tomato,fruiting,10.3,31,loam,98.4,0.8,25.7,36.5,60.6,9.3,4.3,108.0,no_watering
Pepper,vegetative,10.4,136,sandy,98.6,1.1,22.1,41.2,35.0,5.4,7.9,34.0,water_later
Pepper,flowering,8.8,72,loam,94.2,7.7,23.0,77.0,73.9,12.0,5.8,168.0,no_watering
Potato,seedling,24.3,95,loam,50.1,101.3,15.8,41.1,71.7,8.4,11.0,37.0,water_later
Tomato,flowering,20.2,12,clay,82.5,34.2,20.8,78.3,21.0,4.8,2.6,168.0,no_watering
Tomato,seedling,23.0,123,loam,98.5,5.3,27.1,34.0,89.9,21.3,2.3,168.0,no_watering
Pepper,seedling,15.6,62,clay,99.3,0.8,23.3,52.6,20.7,18.8,11.8,150.0,no_watering
Potato,fruiting,27.7,128,clay,95.0,2.8,21.2,62.8,28.1,10.7,10.0,63.0,no_watering
Potato,vegetative,23.7,140,sandy,40.6,32.3,24.9,65.2,27.5,16.2,11.6,6.0,water_now
Tomato,flowering,8.2,91,clay,47.4,27.8,25.8,35.2,76.3,18.6,6.4,168.0,no_watering
Potato,vegetative,11.2,117,loam,84.1,6.3,27.7,84.1,18.1,5.9,9.3,17.0,water_later
Pepper,seedling,14.1,51,sandy,79.4,20.1,28.9,51.4,89.5,9.6,5.1,168.0,no_watering
Potato,flowering,30.3,89,loam,75.4,17.3,25.5,67.4,50.5,10.8,3.5,85.0,no_watering
Tomato,seedling,8.1,76,sandy,37.6,70.4,23.7,38.9,77.5,7.7,3.6,12.0,water_now
Tomato,seedling,11.2,32,sandy,92.3,6.6,33.7,68.4,46.6,16.1,4.5,168.0,no_watering
Tomato,seedling,20.2,125,sandy,82.8,11.0,26.8,25.6,13.0,18.4,10.7,16.0,water_later
Pepper,seedling,13.4,142,clay,44.6,95.2,15.4,92.9,64.1,4.3,11.1,47.0,water_later
Potato,seedling,10.9,90,sandy,62.0,52.7,28.4,78.0,72.7,7.6,2.1,168.0,no_watering
Potato,seedling,16.2,61,loam,63.4,78.9,23.5,35.8,81.8,16.8,2.3,168.0,no_watering
Tomato,seedling,8.8,21,clay,82.3,33.1,33.1,48.4,82.3,9.6,2.8,168.0,no_watering
Tomato,vegetative,15.6,72,clay,46.6,55.7,19.9,85.4,34.0,3.8,9.8,15.0,water_later
Tomato,fruiting,22.6,13,loam,55.1,26.4,22.1,65.7,84.1,19.5,4.7,168.0,no_watering
Pepper,vegetative,15.9,112,clay,63.4,51.7,15.2,94.3,74.3,9.6,6.0,168.0,no_watering
Tomato,fruiting,11.2,36,clay,66.3,27.0,18.1,83.9,18.8,3.0,8.6,37.0,water_later
Tomato,seedling,21.2,66,clay,35.4,128.6,30.0,68.0,46.8,4.3,7.5,35.0,water_later
Tomato,vegetative,18.8,147,sandy,69.4,12.3,31.2,84.9,12.7,3.3,11.9,9.0,water_now
Pepper,vegetative,6.6,1,sandy,52.9,42.4,21.3,26.2,34.3,9.8,4.6,168.0,no_watering
Pepper,fruiting,9.6,36,sandy,44.8,10.8,30.3,53.3,15.5,0.7,8.3,8.0,water_now
Tomato,vegetative,19.2,142,loam,74.3,31.4,25.8,42.4,0.9,23.8,3.0,108.0,no_watering
Pepper,fruiting,8.2,149,loam,64.0,9.4,26.7,32.8,63.1,2.9,8.3,11.0,water_now
Pepper,fruiting,15.1,64,loam,64.6,9.9,35.7,47.8,14.2,10.8,8.9,10.0,water_now
Potato,seedling,14.0,113,loam,80.4,14.0,28.2,58.1,89.4,13.6,11.4,62.0,no_watering
Potato,flowering,27.7,7,clay,64.4,29.3,20.0,42.0,9.8,12.3,4.9,135.0,no_watering
Potato,vegetative,18.0,20,sandy,78.8,9.4,27.3,36.1,23.8,21.9,9.3,15.0,water_later
Pepper,fruiting,13.2,51,clay,77.6,44.5,19.8,86.3,76.4,11.9,3.6,168.0,no_watering
Pepper,fruiting,11.3,6,clay,44.4,48.2,19.1,28.1,17.2,1.2,10.5,14.0,water_later
Pepper,fruiting,11.2,27,loam,94.2,4.0,15.4,27.0,45.2,7.7,2.9,168.0,no_watering
Potato,flowering,18.2,58,clay,66.6,45.1,12.2,81.1,6.4,13.4,10.3,35.0,water_later
Pepper,seedling,9.8,119,sandy,97.9,2.7,24.4,76.1,86.7,16.6,4.7,168.0,no_watering
Potato,fruiting,17.1,126,loam,55.7,15.5,18.8,31.0,43.4,6.8,12.0,10.0,water_now
Potato,seedling,27.3,9,clay,63.5,83.7,14.0,35.1,2.4,14.2,7.5,168.0,no_watering
Pepper,flowering,5.6,77,sandy,65.9,9.1,28.4,39.4,58.9,4.7,5.4,12.0,water_now
Pepper,flowering,15.4,31,loam,63.0,19.6,34.9,92.9,87.9,1.4,8.5,13.0,water_later
Tomato,fruiting,8.5,65,sandy,88.8,5.3,19.7,41.6,54.8,11.1,6.0,14.0,water_later
Pepper,seedling,8.0,88,sandy,56.8,48.1,23.1,55.2,25.1,24.5,2.4,168.0,no_watering
Pepper,seedling,12.2,84,loam,86.4,33.2,23.2,50.5,13.7,16.4,2.4,168.0,no_watering
Pepper,flowering,15.1,149,loam,75.3,8.0,24.4,46.3,86.2,1.1,9.8,14.0,water_later
Potato,seedling,19.5,57,sandy,72.8,43.3,12.4,54.1,87.9,22.8,4.7,168.0,no_watering
Tomato,seedling,11.9,41,sandy,53.9,36.7,32.1,38.8,19.8,4.4,5.8,28.0,water_later
Pepper,flowering,8.1,15,loam,54.6,30.7,32.1,79.9,29.5,4.0,3.0,81.0,no_watering
Pepper,seedling,8.6,103,sandy,54.6,29.2,34.6,32.7,52.9,14.3,6.1,13.0,water_later
Potato,seedling,19.3,10,loam,41.4,67.9,23.4,94.5,2.8,17.4,11.8,18.0,water_later
Potato,vegetative,30.9,148,loam,63.5,21.6,16.5,63.5,43.9,15.2,10.9,14.0,water_later
Pepper,seedling,15.8,111,sandy,46.9,34.4,31.9,79.3,55.8,23.0,8.6,10.0,water_now
Potato,fruiting,16.7,61,clay,71.2,56.6,23.0,25.5,35.9,3.5,5.1,64.0,no_watering
Pepper,vegetative,8.7,129,loam,59.2,22.4,35.9,49.3,45.2,15.7,3.4,34.0,water_later
Pepper,seedling,13.7,43,clay,87.8,16.1,32.1,44.2,52.7,13.0,11.2,168.0,no_watering
Tomato,vegetative,14.8,110,clay,70.1,26.2,25.0,67.5,20.9,8.4,11.0,33.0,water_later
Tomato,seedling,19.9,16,clay,87.8,47.7,27.3,90.3,11.2,3.3,6.5,168.0,no_watering
Potato,seedling,31.5,143,clay,53.9,74.0,17.9,60.2,57.0,18.0,9.3,168.0,no_watering
Pepper,vegetative,6.0,108,loam,62.6,24.5,19.7,73.2,14.4,8.4,7.9,17.0,water_later
Tomato,seedling,23.3,142,clay,43.7,168.0,27.6,63.1,28.0,4.6,5.4,59.0,no_watering
Tomato,seedling,13.8,123,clay,80.0,16.8,33.7,58.8,23.2,15.6,10.9,61.0,no_watering
Potato,vegetative,11.7,87,loam,78.0,21.5,26.7,90.3,78.5,7.7,2.2,168.0,no_watering
Potato,vegetative,29.9,84,clay,43.5,93.0,16.7,83.9,48.2,17.4,2.8,168.0,no_watering
Potato,flowering,14.4,125,clay,52.1,32.2,12.1,45.5,16.1,5.4,11.0,13.0,water_later
Tomato,vegetative,8.8,90,loam,39.0,20.8,29.3,62.3,56.4,4.9,10.8,7.0,water_now
Potato,vegetative,27.9,62,sandy,68.1,53.9,13.0,33.1,71.6,23.4,3.7,168.0,no_watering
Tomato,vegetative,22.6,68,clay,75.7,17.3,17.0,65.2,13.5,12.6,10.8,39.0,water_later
Potato,seedling,19.5,35,loam,56.7,82.9,27.4,49.5,87.8,23.2,2.6,168.0,no_watering
Tomato,fruiting,18.9,101,loam,87.1,7.3,24.4,53.8,77.0,23.2,6.5,33.0,water_later
Tomato,seedling,19.2,132,clay,70.1,38.6,27.0,54.9,69.9,22.5,10.4,138.0,no_watering
Tomato,flowering,17.2,91,clay,92.1,3.0,25.8,41.9,14.1,14.5,11.3,31.0,water_later
Potato,fruiting,18.8,112,loam,42.6,38.3,13.7,82.6,8.4,0.5,9.8,10.0,water_now
Tomato,seedling,22.9,100,loam,80.4,27.6,30.2,41.2,72.2,22.3,7.5,113.0,no_watering
Pepper,flowering,10.3,11,loam,49.9,31.3,26.9,38.4,34.6,12.4,2.7,59.0,no_watering
Potato,vegetative,24.3,141,clay,73.3,79.1,14.5,59.0,31.0,17.4,5.4,168.0,no_watering
Tomato,seedling,19.2,94,clay,73.9,130.1,16.4,90.0,53.1,4.5,2.3,168.0,no_watering
Pepper,fruiting,6.0,70,clay,56.2,53.6,29.4,31.8,61.9,1.4,3.9,35.0,water_later
Tomato,vegetative,8.9,54,clay,72.7,16.0,28.0,75.3,82.1,9.4,10.4,37.0,water_later
Potato,flowering,17.1,26,clay,95.4,4.5,17.5,44.3,17.3,20.4,5.9,168.0,no_watering
Tomato,seedling,11.0,113,loam,91.6,13.2,23.4,52.4,3.2,1.7,6.7,105.0,no_watering
Potato,seedling,30.7,62,loam,49.7,49.9,25.4,59.7,26.2,20.9,10.8,15.0,water_later
Pepper,flowering,14.9,7,sandy,93.0,4.2,32.5,92.4,12.2,10.3,6.5,57.0,no_watering
Potato,fruiting,16.8,10,clay,39.6,37.2,27.9,58.2,89.9,8.7,6.4,62.0,no_watering
Tomato,fruiting,13.5,100,loam,52.9,37.6,29.9,82.4,64.9,8.3,7.7,11.0,water_now
Pepper,fruiting,10.8,50,sandy,63.9,7.1,33.0,89.8,69.9,21.8,10.2,15.0,water_later
Potato,vegetative,16.0,108,clay,68.9,36.0,25.8,34.7,12.3,22.0,2.3,168.0,no_watering
Potato,flowering,14.3,125,sandy,98.9,0.7,19.5,92.9,60.5,14.3,11.9,14.0,water_later
Pepper,vegetative,12.4,124,loam,37.6,28.2,27.4,29.3,23.4,15.9,7.7,9.0,water_now
Potato,vegetative,30.4,64,sandy,41.3,34.5,15.4,45.7,63.0,17.8,5.7,15.0,water_later
Potato,vegetative,29.5,108,sandy,91.1,3.8,22.6,30.1,57.9,19.2,6.1,59.0,no_watering
Pepper,vegetative,11.7,69,sandy,74.4,12.2,24.9,77.2,10.6,19.1,5.9,17.0,water_later
Pepper,vegetative,5.8,9,sandy,74.2,13.9,27.3,72.6,66.7,16.3,3.4,168.0,no_watering
Pepper,flowering,7.0,147,loam,63.7,28.5,25.5,42.4,46.2,18.2,5.7,46.0,water_later
Tomato,seedling,9.4,48,loam,55.4,65.3,19.1,45.2,71.4,22.9,8.1,168.0,no_watering
Tomato,seedling,11.3,75,sandy,95.6,3.8,32.3,32.7,19.7,5.9,9.5,18.0,water_later
Potato,vegetative,23.7,138,loam,90.6,10.3,12.6,45.4,39.8,7.4,6.3,63.0,no_watering
Tomato,flowering,21.0,93,clay,81.5,24.7,25.0,85.7,43.5,19.5,2.5,168.0,no_watering
Potato,seedling,21.9,16,loam,99.3,0.9,16.3,30.7,32.3,22.7,11.3,168.0,no_watering
Pepper,seedling,10.1,46,sandy,40.4,60.2,30.4,39.3,72.0,21.0,9.6,21.0,water_later
Tomato,vegetative,21.4,87,clay,41.2,52.1,18.7,37.0,73.5,14.1,7.1,14.0,water_later
Tomato,seedling,20.6,69,clay,60.2,51.7,19.0,58.2,9.9,11.0,11.9,43.0,water_later
Potato,fruiting,21.5,82,sandy,84.3,8.1,18.5,53.1,36.6,17.2,6.9,64.0,no_watering
Pepper,seedling,5.6,100,sandy,42.2,42.6,19.5,36.3,83.0,2.1,11.9,9.0,water_now
Tomato,fruiting,22.2,64,sandy,45.0,24.8,33.2,67.5,18.3,6.3,6.0,8.0,water_now
Potato,vegetative,22.2,42,loam,82.8,13.4,16.4,55.2,29.2,13.5,7.2,133.0,no_watering
Potato,seedling,12.8,16,sandy,88.1,14.6,18.9,33.9,24.0,16.9,5.8,168.0,no_watering
Potato,fruiting,20.6,19,clay,90.8,5.5,27.4,73.3,85.1,24.2,7.3,168.0,no_watering
Potato,seedling,31.4,12,clay,49.0,109.1,14.5,50.0,44.2,18.1,7.1,168.0,no_watering
Tomato,fruiting,16.0,121,clay,39.4,66.3,32.2,43.6,6.0,0.2,3.2,12.0,water_now
Tomato,vegetative,16.4,119,sandy,94.3,3.4,17.9,59.1,63.3,24.4,5.8,37.0,water_later
Potato,fruiting,15.0,62,sandy,55.0,13.3,25.6,54.5,40.5,5.3,10.5,8.0,water_now
Pepper,vegetative,14.0,149,sandy,78.8,11.2,22.1,34.6,41.2,17.5,8.8,12.0,water_now
Potato,fruiting,13.1,65,clay,69.4,36.9,24.3,53.1,57.7,9.6,4.6,68.0,no_watering
Tomato,seedling,19.3,74,clay,82.1,24.8,22.6,52.5,55.4,8.3,9.8,106.0,no_watering
Potato,flowering,29.2,83,clay,51.9,168.0,12.1,66.4,5.3,10.7,2.8,108.0,no_watering
Potato,flowering,25.1,146,sandy,79.3,5.5,28.3,69.9,42.7,0.5,10.4,9.0,water_now
Potato,flowering,14.6,58,clay,45.3,83.2,28.2,75.4,63.1,4.6,2.1,168.0,no_watering
Tomato,fruiting,22.4,79,loam,73.7,8.0,24.8,91.6,76.3,1.4,10.1,12.0,water_now
Tomato,seedling,15.5,68,clay,54.9,168.0,30.1,28.0,27.5,9.3,5.3,134.0,no_watering
Pepper,flowering,12.4,128,sandy,80.6,8.3,21.0,26.6,87.3,16.1,7.4,87.0,no_watering
Tomato,fruiting,13.3,46,clay,75.7,13.2,33.5,43.1,71.8,14.3,7.8,36.0,water_later
Tomato,flowering,19.5,89,clay,58.8,62.0,16.2,44.8,6.7,23.5,4.0,60.0,no_watering
Tomato,seedling,18.2,131,clay,98.2,2.6,28.5,35.6,55.7,10.5,8.8,168.0,no_watering
Pepper,vegetative,14.4,10,clay,65.1,31.5,33.9,76.0,27.2,16.9,3.0,168.0,no_watering
Potato,fruiting,17.9,144,clay,54.4,71.4,24.4,89.9,74.2,2.9,5.8,39.0,water_later
Potato,vegetative,28.0,26,sandy,52.9,47.7,18.5,57.5,45.7,10.7,5.6,64.0,no_watering
Potato,flowering,15.9,134,clay,71.7,35.1,27.8,81.2,4.7,0.9,7.4,35.0,water_later
Potato,fruiting,13.1,72,clay,55.6,34.3,24.4,78.2,25.4,11.7,9.1,16.0,water_later
Tomato,seedling,17.5,50,clay,56.8,122.6,28.8,90.1,85.5,5.4,2.6,168.0,no_watering
Potato,flowering,12.6,134,sandy,97.1,0.8,26.7,54.0,35.3,19.6,9.0,12.0,water_now
Tomato,seedling,19.3,95,sandy,39.5,67.9,24.8,48.2,2.6,9.0,5.0,12.0,water_now
Pepper,seedling,14.5,133,clay,44.8,168.0,22.0,86.1,58.1,1.6,4.5,108.0,no_watering
Pepper,flowering,6.5,142,clay,63.1,60.7,26.0,58.0,55.6,17.7,4.9,168.0,no_watering
Potato,flowering,13.4,124,clay,83.1,22.6,12.5,74.3,66.0,9.6,3.1,168.0,no_watering
Tomato,fruiting,10.3,80,loam,48.6,34.6,29.6,32.5,85.1,10.4,3.3,13.0,water_later
Tomato,vegetative,17.7,111,clay,99.3,0.7,22.0,89.5,69.2,23.1,5.4,168.0,no_watering
Pepper,vegetative,14.4,79,loam,88.5,9.7,22.3,81.4,26.1,21.6,6.9,47.0,water_later
Tomato,seedling,19.4,27,clay,37.8,123.0,32.1,31.2,61.7,14.1,2.9,168.0,no_watering
Potato,fruiting,12.0,39,sandy,93.7,6.8,18.5,47.7,57.1,14.3,3.0,168.0,no_watering
Tomato,vegetative,23.9,107,sandy,85.6,10.5,26.8,90.0,42.0,17.1,11.3,12.0,water_now
Tomato,flowering,13.8,62,clay,47.2,22.9,32.0,52.0,80.4,21.2,11.9,9.0,water_now
Potato,seedling,26.2,99,clay,75.3,29.5,26.2,57.0,0.6,8.4,10.0,62.0,no_watering
Potato,seedling,22.9,59,sandy,59.4,70.0,22.1,79.1,77.9,10.1,2.6,168.0,no_watering
Tomato,flowering,19.7,36,loam,36.6,25.1,16.0,31.8,0.1,23.7,10.5,7.0,water_now
Pepper,fruiting,15.2,64,loam,77.4,9.1,23.8,68.7,26.4,1.4,6.2,32.0,water_later
Potato,seedling,10.2,115,sandy,63.2,52.4,23.1,87.8,47.4,8.8,8.1,45.0,water_later
Potato,fruiting,10.8,12,loam,72.3,20.0,15.4,39.2,4.5,5.8,4.8,132.0,no_watering
Pepper,fruiting,15.6,125,clay,49.3,43.5,15.9,86.8,87.9,6.1,4.3,59.0,no_watering
Pepper,fruiting,9.1,135,clay,56.9,18.3,24.0,53.2,84.5,12.7,7.6,15.0,water_later
Tomato,fruiting,23.0,121,sandy,98.9,0.4,27.4,89.1,12.3,10.5,4.3,35.0,water_later
Tomato,fruiting,13.7,10,sandy,80.9,11.7,15.9,91.5,65.2,14.2,5.0,168.0,no_watering
Tomato,flowering,16.2,148,loam,44.2,42.9,22.3,86.0,22.2,15.6,3.8,103.0,no_watering
Tomato,vegetative,22.3,105,sandy,65.8,43.6,17.9,85.3,38.6,12.3,2.7,86.0,no_watering
Potato,fruiting,27.5,87,clay,43.6,56.1,28.1,80.0,56.4,20.5,3.0,168.0,no_watering
Potato,vegetative,19.2,15,clay,91.3,9.5,21.8,59.7,8.4,19.9,6.7,168.0,no_watering
Potato,fruiting,26.9,2,sandy,73.7,31.0,20.8,78.9,71.6,21.7,3.9,168.0,no_watering
Pepper,flowering,8.4,62,sandy,60.7,42.7,24.8,75.5,45.7,9.1,2.4,37.0,water_later
Tomato,vegetative,9.8,138,clay,52.2,121.2,16.2,68.3,28.0,21.0,2.8,91.0,no_watering
Tomato,vegetative,15.6,21,loam,46.9,51.6,20.2,49.0,12.3,1.9,6.3,33.0,water_later
Tomato,seedling,15.5,100,sandy,68.7,42.5,20.2,72.0,43.8,20.9,4.9,168.0,no_watering
Potato,flowering,17.1,121,clay,83.1,11.2,20.9,78.0,77.2,17.4,9.6,168.0,no_watering
Potato,seedling,26.2,71,loam,70.2,89.3,21.5,88.6,6.9,9.2,9.3,52.0,no_watering
Potato,flowering,24.2,48,sandy,53.4,23.9,27.1,94.8,61.8,6.2,11.6,8.0,water_now
Potato,vegetative,12.8,45,sandy,47.1,22.3,24.1,54.2,27.7,17.1,7.8,14.0,water_later
Pepper,seedling,14.7,93,clay,66.3,128.6,19.7,65.5,28.9,17.8,4.1,168.0,no_watering
Tomato,flowering,11.2,10,loam,45.2,19.7,24.0,70.2,25.9,6.4,9.8,13.0,water_later
Pepper,seedling,8.2,75,loam,60.3,58.4,34.1,75.8,32.7,8.9,6.0,37.0,water_later
Potato,flowering,31.7,40,sandy,69.4,13.9,22.0,76.4,41.3,23.3,10.5,11.0,water_now
Potato,flowering,27.3,129,sandy,84.3,7.3,28.5,48.4,75.4,5.6,9.0,11.0,water_now
Potato,vegetative,13.2,137,loam,90.6,13.7,26.2,30.7,68.5,24.0,3.9,168.0,no_watering
Pepper,fruiting,6.5,5,clay,48.4,31.7,34.9,78.2,71.4,16.6,7.7,16.0,water_later
Potato,vegetative,14.8,148,clay,44.2,78.8,13.6,55.6,81.3,7.1,11.3,16.0,water_later
Potato,fruiting,11.7,121,sandy,52.8,26.7,12.2,42.9,79.1,1.4,4.9,13.0,water_later
Pepper,fruiting,8.6,131,loam,75.4,7.4,35.1,30.4,21.7,6.0,10.5,10.0,water_now
Tomato,fruiting,12.4,135,loam,55.2,15.3,23.2,49.5,81.4,3.6,7.7,13.0,water_later
Pepper,flowering,5.6,93,sandy,40.7,11.1,33.9,35.5,5.1,12.0,6.6,8.0,water_now
Tomato,fruiting,17.7,22,clay,74.1,25.5,21.9,39.7,88.6,22.2,3.3,168.0,no_watering
Tomato,fruiting,8.2,136,loam,53.5,17.3,17.6,27.6,46.1,3.3,10.5,9.0,water_now
Tomato,flowering,16.2,76,loam,68.4,25.6,26.3,40.7,59.5,12.1,2.6,168.0,no_watering
Tomato,flowering,11.7,131,sandy,63.5,10.0,22.5,58.6,80.0,20.4,8.9,10.0,water_now
Potato,fruiting,30.6,86,sandy,61.6,23.8,26.0,63.9,51.9,6.3,2.4,36.0,water_later
Potato,flowering,28.2,92,sandy,69.2,27.6,13.5,38.5,87.6,15.3,5.4,15.0,water_later
Tomato,vegetative,12.9,11,loam,78.9,16.8,23.3,51.3,48.5,11.8,8.2,168.0,no_watering
Pepper,flowering,8.7,1,clay,49.8,20.8,30.4,44.3,52.2,13.1,7.0,59.0,no_watering
Potato,seedling,22.9,130,clay,53.5,91.8,15.3,26.4,42.8,8.9,8.0,168.0,no_watering
Pepper,vegetative,14.0,137,loam,75.7,9.5,32.5,41.1,2.5,0.7,11.7,12.0,water_now
Tomato,seedling,16.7,26,loam,82.7,57.9,28.1,57.6,86.7,11.8,4.0,168.0,no_watering
Tomato,vegetative,22.1,32,sandy,67.6,12.6,17.2,70.1,17.7,21.7,10.7,14.0,water_later
Potato,flowering,21.5,76,loam,97.4,3.8,26.7,57.6,55.7,13.0,4.7,62.0,no_watering
Pepper,vegetative,13.1,140,loam,82.6,14.0,29.4,33.0,3.6,14.8,11.9,13.0,water_later
Pepper,seedling,10.9,11,clay,78.8,28.0,25.7,25.9,87.6,2.1,8.7,168.0,no_watering
Pepper,vegetative,11.2,111,clay,51.4,64.6,24.4,39.0,48.5,9.4,2.2,168.0,no_watering
Tomato,seedling,22.4,39,loam,46.2,47.7,29.2,63.4,11.0,10.6,9.6,17.0,water_later
Pepper,vegetative,7.4,143,clay,37.2,121.1,27.6,53.7,10.7,23.4,3.4,14.0,water_later
Pepper,fruiting,14.3,75,sandy,93.4,4.1,20.0,88.2,52.3,0.9,7.3,14.0,water_later
Tomato,flowering,18.3,54,clay,51.5,21.8,31.5,76.7,7.8,1.3,7.8,15.0,water_later
Pepper,flowering,6.6,143,sandy,74.9,9.2,27.6,69.4,81.8,16.2,4.0,14.0,water_later
Tomato,vegetative,17.3,31,sandy,86.8,7.7,17.5,71.1,44.7,21.4,6.2,168.0,no_watering
Potato,fruiting,11.5,22,clay,74.4,33.8,22.9,80.1,82.3,16.2,3.5,168.0,no_watering
Potato,seedling,28.6,8,sandy,79.5,16.9,14.8,38.3,64.2,15.0,10.3,168.0,no_watering
Potato,flowering,18.9,53,sandy,93.8,2.8,27.2,30.6,89.4,24.8,2.9,168.0,no_watering
Tomato,flowering,8.9,103,sandy,66.8,19.6,23.7,53.9,46.2,6.2,6.7,13.0,water_later
Tomato,flowering,23.0,72,clay,48.4,64.3,19.9,71.3,44.9,2.7,9.6,14.0,water_later
Tomato,seedling,19.7,72,loam,63.1,40.9,33.1,58.3,13.6,17.2,5.6,105.0,no_watering
Tomato,fruiting,11.5,18,sandy,47.2,34.4,20.9,72.5,76.7,21.9,2.6,168.0,no_watering
Potato,fruiting,31.1,10,clay,36.6,129.3,17.5,91.5,11.4,6.8,3.9,39.0,water_later
Tomato,fruiting,9.5,33,sandy,85.9,4.1,26.3,82.0,46.0,11.8,5.3,36.0,water_later
Potato,vegetative,27.7,66,clay,89.6,10.0,15.1,40.6,75.6,14.9,9.5,113.0,no_watering
Pepper,vegetative,14.5,106,sandy,67.3,11.9,35.7,49.8,45.1,21.3,9.7,11.0,water_now
Tomato,seedling,14.0,129,clay,52.2,42.1,32.5,89.8,78.8,12.6,12.0,111.0,no_watering
Tomato,seedling,20.2,149,sandy,36.7,140.0,22.7,86.2,79.8,1.6,7.2,11.0,water_now
Pepper,seedling,5.5,109,clay,42.7,82.7,29.1,69.7,70.0,9.7,6.3,83.0,no_watering
Pepper,fruiting,9.8,146,sandy,41.8,13.4,15.5,44.9,62.6,7.6,9.8,7.0,water_now
Pepper,flowering,9.9,66,loam,99.1,0.8,27.1,62.9,28.8,10.2,6.4,39.0,water_later
Potato,fruiting,15.6,80,sandy,73.2,20.8,14.6,74.9,57.1,8.1,9.8,12.0,water_now
Potato,fruiting,10.0,8,sandy,45.4,27.1,22.5,74.2,13.5,3.9,8.5,11.0,water_now
Pepper,vegetative,7.8,8,sandy,64.3,30.4,17.3,88.7,59.3,20.5,3.5,168.0,no_watering
Tomato,vegetative,19.1,141,loam,77.9,29.7,18.5,80.2,77.9,15.4,3.0,168.0,no_watering
Potato,fruiting,26.9,116,loam,41.7,47.7,27.0,41.4,75.5,2.6,2.6,14.0,water_later
Potato,flowering,24.2,4,sandy,90.8,9.2,21.1,27.6,83.8,17.0,4.4,168.0,no_watering
Potato,fruiting,25.4,65,clay,95.9,2.3,16.7,68.3,41.5,17.1,11.5,61.0,no_watering
Potato,fruiting,11.3,99,clay,95.1,4.3,28.7,75.1,44.4,15.5,9.3,83.0,no_watering
Potato,flowering,18.2,104,sandy,37.3,17.5,19.7,70.6,37.4,13.7,10.1,6.0,water_now
Potato,seedling,22.2,27,sandy,83.9,10.8,19.3,40.4,9.2,11.7,11.1,38.0,water_later
Pepper,seedling,6.8,56,sandy,51.4,27.6,31.5,43.8,56.8,24.2,8.5,12.0,water_now
Tomato,fruiting,19.6,115,loam,46.6,17.1,30.3,38.5,13.6,3.1,5.9,11.0,water_now
Pepper,fruiting,15.2,68,loam,62.9,10.5,32.3,65.7,38.9,5.8,9.6,10.0,water_now
Pepper,vegetative,9.8,61,loam,76.1,18.5,22.3,81.5,59.8,3.1,5.3,63.0,no_watering
Tomato,seedling,21.9,38,sandy,95.9,4.8,23.0,47.4,43.4,18.0,5.2,168.0,no_watering
Potato,vegetative,21.7,32,loam,65.9,19.1,14.7,71.3,31.7,16.3,10.6,55.0,no_watering
Pepper,vegetative,7.1,2,sandy,51.0,14.8,21.3,63.8,67.0,1.6,11.9,12.0,water_now
Tomato,fruiting,16.4,81,clay,63.0,36.9,16.4,81.4,52.6,17.6,3.2,168.0,no_watering
Potato,flowering,26.9,125,clay,67.4,40.2,15.2,68.9,25.6,20.2,11.4,38.0,water_later
Potato,flowering,26.6,110,loam,85.9,6.0,26.8,63.7,78.9,14.2,7.3,32.0,water_later
Tomato,fruiting,11.5,144,sandy,94.6,2.4,19.4,38.4,17.0,6.2,3.0,37.0,water_later
Tomato,flowering,23.5,83,sandy,81.8,4.0,29.2,64.7,55.4,5.9,9.5,11.0,water_now
Tomato,fruiting,18.9,135,sandy,83.4,8.8,24.2,71.8,14.5,15.7,4.3,34.0,water_later
Potato,flowering,22.5,53,clay,35.8,57.7,20.6,44.8,36.9,6.9,7.2,10.0,water_now
Tomato,vegetative,15.4,72,loam,65.1,29.8,16.0,54.1,26.4,3.5,5.9,39.0,water_later
Potato,seedling,31.3,135,sandy,42.1,30.8,27.8,62.9,24.3,10.6,11.7,8.0,water_now
Potato,fruiting,20.7,17,loam,95.4,2.6,22.2,86.8,75.6,5.0,7.1,141.0,no_watering
Pepper,seedling,15.1,118,clay,67.1,103.0,27.4,66.0,41.0,22.4,3.0,168.0,no_watering
Pepper,vegetative,6.1,25,sandy,39.5,23.4,25.6,76.2,77.9,22.7,6.9,10.0,water_now
Pepper,flowering,5.8,76,sandy,39.8,22.8,26.8,42.4,38.4,16.0,3.3,10.0,water_now
Tomato,fruiting,14.9,48,clay,55.1,24.3,15.6,58.1,88.8,4.0,8.2,38.0,water_later
Tomato,fruiting,16.9,85,sandy,57.8,8.8,29.1,91.9,45.8,16.5,8.4,8.0,water_now
Tomato,flowering,11.2,134,loam,67.3,14.8,31.6,25.7,57.6,20.2,4.2,37.0,water_later
Tomato,seedling,20.3,54,loam,90.0,13.4,24.0,68.6,78.2,14.7,11.0,168.0,no_watering
Pepper,vegetative,9.3,56,clay,90.0,7.3,32.4,84.7,28.5,14.3,10.4,41.0,water_later
Tomato,fruiting,21.9,21,loam,66.3,12.8,31.0,70.7,21.1,21.4,11.0,13.0,water_later
Tomato,vegetative,22.6,84,loam,62.4,58.9,18.8,78.3,17.4,24.6,7.3,33.0,water_later
Tomato,flowering,16.4,48,loam,58.3,28.4,29.9,60.5,16.9,11.3,2.3,62.0,no_watering
Potato,vegetative,18.1,51,clay,91.8,5.4,15.0,77.6,55.6,9.9,11.3,64.0,no_watering
Pepper,flowering,5.3,51,sandy,70.7,19.7,21.9,65.9,14.6,17.8,6.9,32.0,water_later
Tomato,seedling,8.2,36,loam,37.6,90.7,23.9,55.4,16.2,23.7,5.4,18.0,water_later
Tomato,fruiting,16.6,4,loam,45.2,61.9,22.7,49.3,26.0,3.7,3.6,59.0,no_watering
Pepper,seedling,7.9,30,sandy,98.8,1.3,26.0,93.7,43.4,7.4,5.0,168.0,no_watering
Potato,vegetative,13.1,133,clay,83.2,18.2,12.9,26.5,29.1,1.6,5.2,111.0,no_watering
Tomato,vegetative,14.1,111,sandy,41.4,36.5,20.7,71.3,83.4,0.7,5.1,11.0,water_now
Pepper,flowering,15.1,114,loam,80.6,14.8,19.5,50.1,12.2,13.0,3.1,84.0,no_watering
Tomato,fruiting,17.3,74,loam,46.3,20.1,24.4,38.4,12.7,12.6,7.6,10.0,water_now
Tomato,fruiting,13.6,12,sandy,90.0,6.8,16.8,58.4,37.6,15.8,4.8,107.0,no_watering
Potato,seedling,17.9,84,clay,78.5,35.9,15.3,55.0,10.4,0.6,9.3,106.0,no_watering
Potato,seedling,31.2,67,sandy,64.9,31.0,21.0,90.7,30.5,15.6,9.0,23.0,water_later
Pepper,seedling,11.1,120,sandy,87.2,20.0,26.7,48.5,18.4,7.7,2.1,132.0,no_watering
Potato,seedling,21.4,24,clay,36.1,143.9,17.1,34.3,73.1,13.8,9.7,168.0,no_watering
Potato,flowering,14.9,147,loam,86.3,8.7,14.9,50.6,79.3,12.2,5.9,168.0,no_watering
Potato,vegetative,23.8,32,loam,84.8,26.6,14.2,42.1,15.4,16.1,3.0,168.0,no_watering
Pepper,flowering,13.9,52,sandy,49.9,13.8,22.4,41.7,83.7,1.8,10.4,8.0,water_now
Potato,seedling,31.9,20,clay,51.1,81.5,20.0,83.6,69.5,4.6,10.7,168.0,no_watering
Tomato,vegetative,10.0,95,clay,77.7,37.0,17.7,72.5,58.5,3.4,6.5,108.0,no_watering
Potato,fruiting,27.5,10,clay,37.0,52.8,23.5,94.7,76.2,2.9,9.4,14.0,water_later
Potato,flowering,12.4,103,clay,94.1,4.4,12.4,81.2,41.6,4.7,9.6,62.0,no_watering
Tomato,fruiting,11.1,82,sandy,82.5,5.6,27.2,57.9,64.1,21.8,11.2,9.0,water_now
Pepper,vegetative,14.4,60,clay,82.0,24.9,25.8,71.5,8.1,24.1,2.2,168.0,no_watering
Tomato,vegetative,16.9,13,sandy,74.2,15.4,16.0,91.7,4.8,22.0,7.4,41.0,water_later
Pepper,flowering,8.5,133,loam,76.5,6.5,29.7,75.0,22.6,2.8,9.7,13.0,water_later
Tomato,vegetative,11.5,90,sandy,96.0,2.5,22.3,36.2,44.2,16.3,5.8,39.0,water_later
Potato,vegetative,24.9,87,loam,94.0,3.7,13.2,40.7,72.5,10.8,9.0,37.0,water_later
Pepper,seedling,9.7,6,clay,49.4,127.1,25.9,59.3,7.5,8.7,7.9,156.0,no_watering
Pepper,seedling,9.1,13,sandy,91.6,7.3,25.2,43.2,80.7,2.4,7.2,168.0,no_watering
Pepper,fruiting,8.2,79,sandy,65.8,6.4,33.5,26.6,18.3,22.3,10.4,7.0,water_now
Pepper,vegetative,7.2,127,clay,95.2,8.0,29.5,78.2,15.0,22.9,6.0,154.0,no_watering
Potato,vegetative,12.7,141,clay,57.1,31.7,21.1,50.6,39.2,9.2,7.0,34.0,water_later
Pepper,fruiting,7.4,44,loam,47.1,36.3,20.5,72.6,5.2,20.8,6.9,12.0,water_now
Tomato,flowering,10.3,84,loam,49.4,45.3,29.3,65.9,0.6,2.8,3.6,14.0,water_later
Pepper,flowering,8.7,68,clay,35.7,41.0,33.2,88.7,70.6,4.2,8.1,8.0,water_now
Pepper,flowering,12.1,104,sandy,86.3,4.1,24.1,76.8,67.0,11.5,12.0,10.0,water_now
Tomato,fruiting,9.7,71,sandy,90.0,3.5,24.7,53.6,12.0,1.9,5.5,15.0,water_later
Pepper,flowering,13.7,143,loam,58.3,23.1,16.0,25.9,68.0,8.7,6.5,36.0,water_later
Potato,vegetative,16.6,26,clay,90.7,9.5,25.0,73.5,35.7,17.4,6.6,168.0,no_watering
Pepper,vegetative,9.9,147,loam,97.0,1.7,33.9,54.9,44.4,19.3,3.8,62.0,no_watering
Potato,flowering,11.3,52,clay,86.2,16.1,22.5,89.1,7.7,23.6,2.3,168.0,no_watering
Tomato,seedling,13.6,68,clay,97.5,3.4,22.1,49.0,50.0,15.8,10.0,168.0,no_watering
Tomato,flowering,18.9,30,clay,65.5,51.4,15.2,74.5,21.3,8.5,6.3,84.0,no_watering
Tomato,vegetative,18.0,101,loam,45.2,51.4,23.8,52.0,9.7,22.8,8.6,10.0,water_now
Pepper,seedling,7.1,27,loam,55.4,27.5,32.6,56.6,75.8,1.7,11.7,29.0,water_later
Potato,seedling,18.5,139,clay,55.8,108.8,28.1,41.1,57.8,7.8,6.2,143.0,no_watering
Pepper,seedling,6.3,76,loam,78.4,27.1,22.2,76.4,27.3,0.1,7.8,67.0,no_watering
Tomato,seedling,13.7,72,loam,93.2,18.5,17.7,36.8,34.0,19.7,2.2,168.0,no_watering
Potato,fruiting,26.7,7,sandy,48.0,50.3,18.5,49.7,39.5,15.7,4.4,33.0,water_later
Pepper,fruiting,5.3,87,loam,47.4,31.0,19.1,27.8,23.7,6.8,6.4,10.0,water_now
Tomato,vegetative,15.7,113,sandy,69.8,14.6,29.5,58.6,5.1,15.2,10.3,9.0,water_now
Tomato,flowering,10.6,140,loam,69.5,12.8,21.9,35.8,36.0,21.8,11.5,11.0,water_now
Tomato,flowering,15.6,78,sandy,41.4,12.3,28.0,57.2,88.6,11.5,10.2,6.0,water_now
Pepper,seedling,15.2,30,sandy,39.8,104.4,33.5,52.4,9.3,4.8,7.4,11.0,water_now
Potato,vegetative,29.0,76,loam,82.2,20.6,19.6,64.0,36.7,19.7,2.5,168.0,no_watering
Pepper,seedling,11.6,66,clay,41.9,168.0,23.1,85.8,35.0,0.7,5.1,63.0,no_watering
Pepper,vegetative,7.7,81,loam,72.1,14.8,28.9,29.4,80.2,4.9,7.4,32.0,water_later
Tomato,vegetative,13.2,15,clay,40.4,63.4,17.4,43.7,58.5,23.1,8.1,28.0,water_later
Potato,fruiting,23.6,104,clay,82.0,16.6,21.5,50.6,63.2,11.6,7.1,89.0,no_watering
Potato,flowering,18.4,148,clay,56.0,18.4,20.9,27.3,39.3,3.6,11.4,14.0,water_later
Tomato,flowering,16.4,8,clay,100.0,0.1,25.5,82.2,83.5,16.2,9.5,168.0,no_watering
Pepper,vegetative,12.3,8,sandy,35.3,33.7,31.9,89.6,48.1,8.1,3.2,12.0,water_now
Pepper,fruiting,13.5,67,sandy,43.7,19.0,26.0,73.7,85.8,16.6,4.2,10.0,water_now
Tomato,fruiting,14.3,1,sandy,37.3,14.1,30.7,55.5,55.7,21.9,8.9,8.0,water_now
Potato,vegetative,29.2,49,sandy,70.0,6.5,28.5,31.6,39.4,1.5,11.5,10.0,water_now
Potato,vegetative,25.9,51,sandy,80.1,14.5,16.2,76.5,23.0,23.8,6.3,56.0,no_watering
Tomato,fruiting,11.4,17,loam,82.6,28.0,16.3,78.9,21.8,1.7,2.2,168.0,no_watering
Potato,seedling,23.6,42,sandy,77.9,32.2,26.5,94.9,74.0,15.2,7.7,168.0,no_watering
Potato,fruiting,15.4,23,loam,44.1,90.5,16.9,66.0,65.5,24.8,4.5,168.0,no_watering
Pepper,fruiting,14.0,32,loam,43.6,25.6,27.4,85.8,83.4,15.6,6.5,16.0,water_later
Tomato,seedling,8.1,62,clay,85.4,31.0,30.7,70.0,56.2,24.4,2.6,168.0,no_watering
Potato,vegetative,11.6,88,sandy,51.2,40.4,13.1,71.9,18.2,2.3,8.9,10.0,water_now
Pepper,flowering,16.0,102,sandy,63.7,11.4,20.9,70.8,30.3,6.0,7.8,11.0,water_now
Potato,flowering,22.3,12,loam,85.3,6.1,19.5,49.4,12.8,21.7,11.6,36.0,water_later
Tomato,fruiting,21.1,139,sandy,92.5,2.8,28.4,92.3,28.1,22.9,7.8,12.0,water_now
Tomato,seedling,13.3,122,sandy,71.4,13.4,31.2,40.5,38.1,1.0,10.9,13.0,water_later
Tomato,seedling,10.8,45,sandy,69.7,23.1,25.0,60.4,54.1,20.2,8.5,83.0,no_watering
Potato,seedling,26.8,132,sandy,72.4,21.3,18.6,90.0,25.6,14.0,11.4,32.0,water_later
Pepper,seedling,9.2,149,loam,67.0,42.7,23.3,35.1,43.7,5.3,8.7,65.0,no_watering
Tomato,fruiting,16.6,96,loam,85.4,6.0,32.5,55.8,49.3,9.7,3.5,62.0,no_watering
Potato,fruiting,25.6,135,sandy,77.0,11.6,28.8,39.6,1.5,18.9,9.3,10.0,water_now
Potato,vegetative,12.4,86,sandy,92.0,4.1,27.7,67.4,69.5,18.6,3.3,111.0,no_watering
Potato,flowering,12.9,54,loam,67.7,25.4,22.8,27.0,74.4,9.9,6.1,38.0,water_later
Pepper,flowering,14.7,97,sandy,80.7,5.8,28.0,90.9,83.6,20.0,9.6,15.0,water_later
Tomato,seedling,21.0,1,clay,95.6,5.7,32.0,68.9,2.1,22.5,11.4,168.0,no_watering
Potato,flowering,10.1,22,loam,46.0,19.9,22.6,80.8,9.2,22.6,9.5,12.0,water_now
Tomato,seedling,13.8,126,loam,91.8,22.6,19.6,78.4,65.8,5.9,9.3,152.0,no_watering
Pepper,vegetative,7.8,87,sandy,70.2,9.7,24.7,44.8,28.4,22.3,8.5,11.0,water_now
Pepper,fruiting,15.9,111,loam,88.5,9.4,16.9,62.3,70.8,0.7,6.2,36.0,water_later
Tomato,flowering,18.7,137,sandy,74.8,4.4,33.2,58.8,11.4,19.1,10.3,8.0,water_now
Potato,flowering,12.9,32,clay,79.1,26.3,21.4,86.3,28.1,24.8,7.0,82.0,no_watering
Potato,seedling,24.6,127,clay,43.2,168.0,14.6,35.4,56.1,7.2,2.1,168.0,no_watering
Pepper,seedling,11.0,88,clay,59.5,115.4,26.4,87.0,39.9,16.5,4.4,168.0,no_watering
Pepper,seedling,13.3,79,sandy,44.8,102.7,16.5,29.7,59.6,20.5,3.2,168.0,no_watering
Potato,seedling,19.6,21,loam,68.0,57.1,15.1,54.6,79.2,21.9,6.0,168.0,no_watering
Tomato,flowering,12.9,109,loam,82.4,12.6,20.9,29.8,83.1,11.5,6.6,83.0,no_watering
Potato,seedling,19.7,55,clay,80.6,60.9,12.2,68.1,17.3,24.9,4.6,168.0,no_watering
Pepper,seedling,12.6,35,sandy,83.9,13.7,28.5,88.9,8.5,17.1,7.4,60.0,no_watering
Potato,fruiting,27.7,2,loam,94.4,2.4,25.7,46.1,5.3,12.2,7.8,105.0,no_watering
Tomato,fruiting,23.0,133,loam,92.0,5.4,24.7,86.4,5.1,21.0,2.7,84.0,no_watering
Tomato,seedling,13.4,120,loam,97.2,5.6,29.5,77.1,45.2,4.3,9.1,82.0,no_watering
Tomato,flowering,20.7,43,loam,89.9,6.1,32.0,68.5,78.5,11.9,2.8,168.0,no_watering
Pepper,vegetative,13.7,113,loam,80.4,12.6,21.6,67.1,87.7,5.2,7.0,40.0,water_later
Pepper,vegetative,7.5,73,clay,48.5,67.7,22.7,63.6,35.8,6.3,9.8,14.0,water_later
Pepper,flowering,9.8,47,clay,83.8,5.1,33.6,67.9,71.9,10.2,9.5,46.0,water_later
Pepper,vegetative,8.6,42,sandy,39.7,21.1,28.9,56.0,16.9,12.5,10.4,7.0,water_now
Tomato,seedling,11.5,140,clay,53.5,115.3,23.2,25.9,41.9,23.8,3.5,168.0,no_watering
Pepper,vegetative,8.4,16,loam,73.0,21.8,21.8,59.0,25.7,14.8,8.0,133.0,no_watering
Potato,vegetative,25.8,147,loam,71.8,28.2,18.8,87.2,28.1,6.8,4.1,83.0,no_watering
Pepper,fruiting,10.5,104,clay,52.8,15.0,32.4,65.3,35.3,6.6,11.3,9.0,water_now
Potato,fruiting,20.0,38,sandy,88.9,6.6,17.3,89.3,2.6,21.2,4.8,59.0,no_watering
Pepper,vegetative,15.8,104,clay,61.4,23.8,19.6,37.2,5.3,19.6,11.9,16.0,water_later
Tomato,fruiting,12.5,93,sandy,77.7,6.6,30.5,86.8,42.2,20.3,4.2,13.0,water_later
Potato,vegetative,24.1,78,clay,64.1,40.7,22.4,49.2,1.0,7.9,3.6,86.0,no_watering
Pepper,seedling,5.6,120,loam,71.3,20.3,33.1,89.8,0.4,3.5,10.4,31.0,water_later
Pepper,vegetative,5.3,87,loam,94.8,5.5,22.3,53.6,36.7,18.8,4.5,131.0,no_watering
Tomato,fruiting,9.4,3,loam,46.5,26.8,27.5,77.3,51.1,18.8,7.6,14.0,water_later
Tomato,flowering,23.3,126,clay,51.4,25.1,20.7,55.8,86.5,22.3,9.7,35.0,water_later
Potato,vegetative,30.5,17,loam,43.8,42.6,16.7,36.4,41.0,11.6,7.2,16.0,water_later
Tomato,fruiting,16.6,41,clay,70.4,18.0,33.6,78.7,41.5,12.5,3.9,63.0,no_watering
Pepper,seedling,12.6,96,clay,35.5,135.8,21.9,29.0,19.3,10.7,5.3,86.0,no_watering
Pepper,seedling,9.1,105,loam,91.0,8.7,33.8,43.4,3.2,16.1,9.9,38.0,water_later
Tomato,vegetative,16.6,126,sandy,78.8,18.7,20.6,51.3,47.2,15.9,7.4,15.0,water_later
Tomato,seedling,16.8,39,sandy,71.8,55.0,17.7,83.1,62.8,11.4,7.5,168.0,no_watering
Potato,vegetative,14.6,87,loam,70.8,29.9,19.5,63.0,60.5,10.3,5.6,57.0,no_watering
Potato,seedling,14.6,109,sandy,79.9,15.1,23.5,87.4,55.1,20.2,9.5,32.0,water_later
Potato,fruiting,24.8,57,sandy,99.6,0.2,19.7,71.7,46.7,16.8,9.4,40.0,water_later
Tomato,vegetative,10.9,73,loam,76.0,17.3,15.2,52.9,3.0,20.3,8.8,34.0,water_later
Potato,flowering,30.0,8,clay,48.8,68.0,19.7,55.6,59.8,21.7,8.4,168.0,no_watering
Tomato,fruiting,18.7,20,loam,57.4,16.6,17.7,26.3,23.0,14.7,10.9,13.0,water_later
Tomato,vegetative,18.2,39,sandy,64.0,17.4,25.2,70.7,10.9,16.0,6.1,36.0,water_later
Pepper,vegetative,12.1,143,loam,42.7,19.9,34.3,72.1,5.0,4.4,8.8,9.0,water_now
Potato,vegetative,12.0,85,clay,80.6,25.2,22.7,70.2,37.0,3.9,3.0,168.0,no_watering
Potato,vegetative,11.4,89,loam,83.3,8.5,13.9,75.4,70.6,0.3,11.0,19.0,water_later
Potato,seedling,19.0,83,loam,38.1,125.6,20.0,58.8,76.6,10.5,3.9,168.0,no_watering
Potato,flowering,28.3,76,loam,63.1,32.5,16.9,25.5,67.7,6.5,5.6,38.0,water_later
Potato,flowering,25.1,23,loam,90.0,19.2,13.6,74.2,16.7,18.1,3.8,168.0,no_watering
Potato,fruiting,20.6,37,sandy,63.6,27.7,21.2,44.1,59.3,9.9,2.7,110.0,no_watering
Potato,fruiting,19.8,107,clay,41.5,27.7,23.1,69.1,41.8,16.7,11.4,13.0,water_later
Pepper,fruiting,11.4,22,loam,59.4,12.3,32.3,50.6,81.2,22.8,5.4,168.0,no_watering
Potato,flowering,24.8,28,loam,84.8,8.1,18.5,74.0,26.8,11.4,10.8,35.0,water_later
Tomato,vegetative,23.5,36,loam,87.4,4.1,33.8,61.1,9.3,22.6,10.2,30.0,water_later
Pepper,vegetative,9.2,69,loam,36.7,35.2,27.4,77.1,69.7,11.4,10.8,10.0,water_now
Tomato,vegetative,21.0,11,loam,63.9,23.4,23.7,25.6,52.0,5.0,6.1,87.0,no_watering
Potato,seedling,18.8,126,loam,63.0,80.9,23.7,94.3,38.2,22.8,10.1,34.0,water_later
Tomato,fruiting,9.3,108,clay,57.1,18.7,31.3,31.6,32.7,4.1,4.4,33.0,water_later
Potato,fruiting,28.2,128,sandy,51.6,18.6,13.9,75.7,34.2,20.2,9.9,10.0,water_now
Tomato,seedling,10.5,64,loam,73.6,47.1,30.5,59.2,61.0,2.2,9.8,37.0,water_later
Pepper,flowering,5.8,13,clay,92.5,9.2,17.6,89.4,52.7,22.7,2.5,168.0,no_watering
Tomato,vegetative,10.4,141,clay,64.1,96.6,15.6,76.6,6.6,19.1,3.7,111.0,no_watering
Tomato,seedling,23.0,11,loam,95.0,8.3,23.2,88.6,38.8,5.2,7.4,168.0,no_watering
Pepper,fruiting,15.9,89,loam,46.3,17.8,20.1,68.7,26.7,23.5,9.2,9.0,water_now
Potato,fruiting,24.8,124,clay,70.8,44.9,25.9,49.0,68.5,21.9,4.2,168.0,no_watering
Tomato,flowering,14.9,84,clay,39.9,48.9,30.9,59.3,50.1,17.7,3.1,14.0,water_later
Pepper,seedling,7.6,46,sandy,74.8,18.6,30.6,36.9,17.6,6.7,9.2,21.0,water_later
Pepper,fruiting,9.8,144,clay,54.7,29.0,36.0,75.8,44.7,24.7,7.7,16.0,water_later
Pepper,vegetative,10.4,132,sandy,74.2,9.3,22.7,46.2,4.7,24.1,10.3,14.0,water_later
Pepper,fruiting,10.1,146,sandy,59.9,9.1,27.9,58.9,85.2,1.8,8.2,8.0,water_now
Pepper,seedling,14.5,145,sandy,62.1,35.6,15.6,63.7,42.1,5.1,11.1,15.0,water_later
Pepper,fruiting,5.8,50,clay,41.7,24.2,21.9,45.2,72.3,17.7,7.5,58.0,no_watering
Pepper,flowering,8.3,52,clay,53.1,24.0,28.3,81.8,18.3,15.5,6.6,27.0,water_later
Potato,fruiting,23.9,134,clay,40.8,73.9,21.9,77.0,15.1,24.1,8.6,11.0,water_now
Tomato,flowering,18.8,57,clay,61.7,33.4,28.9,72.2,2.3,21.4,5.8,38.0,water_later
Pepper,flowering,8.7,55,sandy,57.5,22.5,34.6,52.9,49.7,20.0,2.9,13.0,water_later
Potato,seedling,24.8,102,loam,77.5,42.6,23.7,77.5,68.6,12.0,6.2,168.0,no_watering
Tomato,seedling,11.0,137,sandy,82.7,12.2,23.3,27.8,81.4,10.6,9.9,58.0,no_watering
Potato,vegetative,20.9,102,sandy,73.0,55.1,14.3,91.2,65.3,12.5,4.4,36.0,water_later
Pepper,vegetative,14.1,92,clay,78.5,21.4,16.4,32.0,9.9,8.3,5.8,86.0,no_watering
Potato,seedling,10.7,92,clay,56.5,120.9,26.0,37.9,29.7,11.2,5.3,168.0,no_watering
Pepper,seedling,14.9,98,clay,56.3,164.3,15.2,71.2,9.8,13.6,5.5,168.0,no_watering
Potato,seedling,30.0,20,loam,74.4,125.3,13.0,47.7,31.2,6.6,3.9,168.0,no_watering
Tomato,vegetative,12.1,30,sandy,85.9,10.8,18.3,79.2,0.7,8.3,3.7,86.0,no_watering
Potato,vegetative,15.4,110,loam,43.8,72.2,12.3,53.0,1.3,6.4,2.7,36.0,water_later
Potato,fruiting,30.9,77,clay,49.9,35.8,16.5,59.8,10.9,0.8,8.5,16.0,water_later
Pepper,seedling,13.9,148,loam,66.2,35.3,32.6,59.2,17.8,15.9,10.2,42.0,water_later
Potato,vegetative,17.7,76,sandy,37.6,33.1,25.2,60.9,85.4,1.1,4.2,10.0,water_now
Potato,fruiting,29.1,9,loam,56.2,59.1,15.5,39.9,21.9,18.0,9.1,34.0,water_later
Tomato,seedling,14.3,53,loam,71.2,24.5,30.2,75.9,82.8,15.6,9.7,168.0,no_watering
Pepper,vegetative,8.9,1,loam,77.3,11.2,32.7,25.9,39.6,5.9,4.7,136.0,no_watering
Tomato,fruiting,22.2,28,loam,76.4,24.4,26.6,91.0,27.2,0.4,6.5,37.0,water_later
Potato,fruiting,17.3,105,clay,72.0,12.2,26.4,29.9,88.5,14.4,9.8,39.0,water_later
Potato,fruiting,17.7,111,loam,58.3,36.5,20.0,83.7,54.6,16.9,7.7,37.0,water_later
Potato,seedling,26.7,84,clay,49.4,126.9,19.5,39.8,26.8,18.0,10.9,33.0,water_later
Tomato,flowering,19.8,97,sandy,88.8,5.2,19.1,31.5,26.0,23.0,4.4,35.0,water_later
Pepper,fruiting,5.0,74,loam,35.1,34.8,15.6,34.0,16.4,4.2,4.0,11.0,water_now
Pepper,flowering,6.7,148,sandy,60.5,36.9,15.4,73.6,0.6,17.7,5.3,13.0,water_later
Potato,seedling,15.8,146,sandy,90.3,16.6,21.0,44.7,55.4,3.3,4.3,109.0,no_watering
Pepper,vegetative,5.2,21,clay,84.7,16.7,30.5,94.2,59.1,15.2,6.9,168.0,no_watering
Pepper,fruiting,15.7,2,loam,72.6,29.2,20.4,63.4,87.5,9.1,4.3,168.0,no_watering
Potato,flowering,11.4,71,clay,41.6,50.6,17.3,29.9,50.5,4.0,5.0,14.0,water_later
Pepper,vegetative,12.8,113,loam,95.3,5.5,19.2,89.4,48.2,7.0,3.0,168.0,no_watering
Potato,flowering,19.1,114,sandy,85.6,10.7,15.8,25.6,4.4,7.2,8.6,13.0,water_later
Pepper,flowering,15.3,128,loam,91.0,3.2,33.7,74.0,23.6,23.0,9.1,14.0,water_later
Tomato,vegetative,21.9,109,loam,50.5,36.1,17.6,33.5,49.3,21.7,6.6,15.0,water_later
Potato,flowering,13.6,62,clay,35.6,44.2,15.9,84.6,48.7,1.1,8.2,10.0,water_now
Potato,seedling,15.0,103,sandy,60.0,55.4,22.7,39.3,38.9,4.6,9.1,14.0,water_later
Pepper,flowering,9.5,52,sandy,88.3,5.4,22.7,59.4,7.6,12.0,6.5,16.0,water_later
Pepper,flowering,10.0,131,clay,58.0,54.8,27.5,38.0,25.0,2.5,2.4,61.0,no_watering
Pepper,vegetative,9.4,108,clay,67.4,46.2,23.8,60.0,44.0,0.1,11.4,18.0,water_later
Tomato,vegetative,14.2,67,clay,38.5,40.1,17.9,60.5,5.8,0.6,11.2,10.0,water_now
Potato,seedling,29.6,93,clay,78.8,38.9,14.5,38.6,56.4,12.7,11.5,160.0,no_watering
Tomato,seedling,12.6,105,loam,79.6,51.2,20.7,69.5,16.2,24.9,5.1,168.0,no_watering
Tomato,fruiting,23.9,18,sandy,86.1,8.0,16.1,78.6,64.1,18.5,2.8,168.0,no_watering
Pepper,vegetative,12.6,72,clay,44.3,39.4,26.7,55.1,38.7,11.4,7.2,28.0,water_later
Pepper,flowering,12.5,50,clay,88.5,5.9,26.7,40.7,65.1,23.1,7.6,168.0,no_watering
Tomato,fruiting,19.1,30,sandy,82.6,8.1,20.4,61.3,43.0,13.4,3.1,168.0,no_watering
Pepper,fruiting,6.7,17,loam,45.7,15.9,23.6,79.2,37.5,8.4,9.2,14.0,water_later
Potato,vegetative,18.8,142,clay,80.4,31.7,12.8,73.4,48.5,23.7,3.3,168.0,no_watering
Tomato,fruiting,12.9,42,sandy,75.1,5.9,33.9,94.2,57.7,23.0,5.2,14.0,water_later
Pepper,flowering,11.6,13,loam,88.2,5.6,30.4,75.8,15.2,20.3,4.4,130.0,no_watering
Tomato,flowering,21.6,46,sandy,79.5,10.3,19.8,79.4,48.8,3.7,9.4,14.0,water_later
Tomato,fruiting,23.2,38,sandy,37.3,59.9,26.5,78.6,69.8,9.0,3.3,11.0,water_now
Potato,vegetative,25.8,145,loam,68.6,23.9,21.2,44.8,87.9,11.1,4.8,168.0,no_watering
Tomato,fruiting,15.7,59,loam,66.1,17.6,28.8,30.2,55.2,12.3,8.0,14.0,water_later
Potato,seedling,15.2,69,loam,53.4,73.9,26.8,46.9,87.0,24.5,3.8,168.0,no_watering
Potato,seedling,31.1,93,clay,53.7,146.1,13.8,29.2,8.5,18.8,5.7,155.0,no_watering
Tomato,fruiting,10.7,96,loam,36.1,37.5,15.7,72.1,51.7,4.9,4.9,10.0,water_now
Pepper,vegetative,6.3,78,sandy,88.9,3.1,30.9,67.6,37.5,4.6,9.5,12.0,water_now
Potato,fruiting,25.3,100,loam,70.3,34.5,13.5,53.5,57.2,8.5,6.2,61.0,no_watering
Pepper,flowering,9.1,58,clay,96.8,2.9,23.1,78.6,73.7,15.8,6.1,168.0,no_watering
Pepper,flowering,11.7,121,loam,97.3,1.1,26.7,81.2,6.6,17.4,7.3,34.0,water_later
Potato,fruiting,15.1,22,sandy,50.8,55.3,25.1,38.4,83.8,18.6,3.2,28.0,water_later
Potato,flowering,17.0,85,clay,48.3,28.0,20.2,86.6,1.8,21.2,9.9,13.0,water_later
Potato,seedling,10.4,145,sandy,73.2,27.4,12.7,39.7,30.1,0.0,10.3,18.0,water_later
Pepper,fruiting,9.8,48,sandy,73.8,3.4,31.4,43.0,39.6,21.1,10.5,8.0,water_now
Tomato,flowering,23.4,62,loam,37.8,69.9,22.3,76.9,31.3,12.2,5.9,11.0,water_now
Potato,flowering,12.4,125,clay,50.8,21.6,17.2,45.8,28.4,16.2,11.6,12.0,water_now
Tomato,flowering,13.5,74,loam,84.8,9.7,22.5,57.2,55.6,12.8,4.5,82.0,no_watering
Pepper,vegetative,10.9,95,loam,42.0,42.5,16.8,28.7,73.3,8.8,6.0,108.0,no_watering
Pepper,seedling,7.8,9,clay,42.3,101.4,29.1,61.0,84.6,6.0,7.1,168.0,no_watering
Tomato,vegetative,20.8,79,loam,42.0,77.2,16.1,37.7,12.4,17.2,2.5,65.0,no_watering
Pepper,seedling,11.3,78,clay,53.2,82.5,34.0,93.4,57.7,16.8,10.4,168.0,no_watering
Pepper,fruiting,11.6,35,sandy,74.9,14.5,28.2,54.5,65.4,23.0,3.1,168.0,no_watering
Tomato,vegetative,16.8,147,loam,64.8,20.3,28.4,37.8,41.9,0.9,5.7,34.0,water_later
Tomato,flowering,8.5,61,loam,89.5,7.6,16.2,63.1,36.1,21.6,11.1,18.0,water_later
Pepper,fruiting,9.5,29,clay,94.4,2.2,34.8,78.9,0.9,15.7,6.7,59.0,no_watering
Potato,vegetative,23.3,64,sandy,62.6,24.1,14.2,89.1,50.7,24.9,5.9,168.0,no_watering
Pepper,flowering,10.5,112,clay,61.0,30.4,31.2,78.3,51.1,21.2,11.7,12.0,water_now
Pepper,seedling,5.0,84,loam,77.1,23.0,26.0,81.8,0.2,8.8,10.8,36.0,water_later
Tomato,flowering,23.4,103,clay,48.6,63.4,15.1,77.6,28.9,22.3,8.9,15.0,water_later
Tomato,flowering,13.3,45,loam,99.9,0.1,16.3,89.1,79.5,21.6,11.1,122.0,no_watering
Pepper,seedling,6.1,145,clay,58.3,65.9,26.0,93.3,86.9,9.6,3.9,168.0,no_watering
Potato,vegetative,24.2,103,clay,84.4,19.0,18.2,43.3,4.7,19.0,9.3,43.0,water_later
Pepper,seedling,7.8,119,sandy,74.9,27.5,31.9,72.3,65.4,14.0,2.1,168.0,no_watering
Tomato,flowering,11.8,124,loam,86.3,9.5,18.5,82.1,28.1,4.6,5.1,61.0,no_watering
Pepper,seedling,6.7,110,clay,44.3,97.6,18.3,53.2,80.7,15.7,7.8,168.0,no_watering
Tomato,seedling,15.0,69,sandy,41.4,122.7,25.2,63.7,30.3,0.8,5.5,13.0,water_later
Tomato,flowering,21.6,76,sandy,86.9,5.6,23.8,70.2,13.4,18.9,5.0,27.0,water_later
Tomato,vegetative,22.1,32,loam,92.2,4.2,26.7,60.3,76.2,15.1,7.6,105.0,no_watering
Tomato,fruiting,8.1,88,loam,60.6,8.7,21.8,28.1,9.9,19.0,11.8,9.0,water_now
Tomato,flowering,11.5,70,clay,55.7,21.9,25.9,50.3,14.5,0.4,8.0,15.0,water_later
Tomato,fruiting,19.2,33,loam,85.8,9.2,26.7,82.5,73.6,2.4,7.0,40.0,water_later
Potato,vegetative,20.4,45,sandy,70.3,32.7,20.2,39.1,49.2,13.3,4.8,81.0,no_watering
Tomato,flowering,10.4,26,sandy,72.0,14.3,16.9,84.5,72.4,23.2,4.9,168.0,no_watering
Potato,vegetative,17.1,5,sandy,36.4,19.9,19.9,93.3,20.8,19.0,11.9,15.0,water_later
Potato,flowering,16.6,1,loam,79.6,11.3,26.6,50.6,87.5,10.4,4.3,168.0,no_watering
Potato,fruiting,21.9,35,clay,95.8,2.5,18.1,29.3,45.0,15.5,9.1,168.0,no_watering
Pepper,flowering,5.8,49,clay,83.5,10.7,17.7,86.8,48.4,2.6,12.0,34.0,water_later
Potato,vegetative,13.8,102,sandy,87.1,12.7,25.8,86.2,77.4,2.0,2.2,85.0,no_watering
Tomato,fruiting,15.7,105,loam,36.4,20.0,32.6,74.9,1.0,24.8,7.6,8.0,water_now
Tomato,flowering,21.0,103,clay,67.1,32.9,32.4,30.3,72.3,16.1,6.5,39.0,water_later
Potato,vegetative,14.4,73,loam,36.1,43.8,21.6,82.4,41.8,18.2,6.1,9.0,water_now
Tomato,fruiting,14.9,127,loam,55.9,27.4,28.8,59.5,71.5,21.6,5.8,13.0,water_later
Tomato,seedling,10.6,90,sandy,44.0,31.5,31.1,66.5,40.4,0.2,10.6,8.0,water_now
Tomato,flowering,19.0,37,sandy,61.7,13.6,20.1,29.9,2.7,13.5,8.1,12.0,water_now
Potato,fruiting,21.5,44,clay,91.8,14.3,15.8,47.2,50.7,23.4,2.4,168.0,no_watering
Tomato,seedling,18.9,9,sandy,94.7,5.9,22.2,44.4,60.4,20.0,7.9,168.0,no_watering
Pepper,flowering,10.5,95,clay,58.0,37.4,28.3,52.6,59.9,5.5,6.5,34.0,water_later
Tomato,seedling,21.0,118,clay,55.9,140.0,29.6,38.0,50.0,5.2,3.4,168.0,no_watering
Pepper,flowering,14.1,57,sandy,90.0,8.7,24.4,47.3,87.9,5.2,3.5,62.0,no_watering
Tomato,seedling,16.4,128,sandy,37.8,73.1,18.3,78.5,5.9,1.2,9.9,9.0,water_now
Potato,fruiting,28.1,75,loam,99.6,0.2,22.4,37.6,44.2,11.9,9.9,35.0,water_later
Pepper,flowering,9.2,17,sandy,93.3,3.7,16.5,50.2,51.3,2.6,3.4,113.0,no_watering
Pepper,fruiting,8.9,40,sandy,71.9,17.2,26.9,86.2,51.7,10.9,3.1,38.0,water_later
Potato,fruiting,21.6,120,clay,77.6,19.9,26.1,67.6,36.3,23.2,5.0,168.0,no_watering
Tomato,fruiting,22.0,2,clay,84.5,5.2,31.0,55.7,8.2,1.0,8.1,64.0,no_watering
Tomato,vegetative,9.8,132,sandy,87.0,13.3,22.0,88.0,17.6,15.5,6.6,36.0,water_later
Tomato,flowering,19.7,46,loam,36.9,23.9,20.7,79.7,47.5,22.4,11.0,7.0,water_now
Tomato,flowering,20.7,102,loam,66.9,13.4,26.8,68.6,60.0,21.6,7.8,61.0,no_watering
Pepper,seedling,10.5,119,loam,85.8,29.3,21.2,36.1,1.1,2.7,3.6,168.0,no_watering
Tomato,vegetative,10.8,15,sandy,43.7,35.7,17.5,68.6,52.9,18.0,9.6,11.0,water_now
Tomato,flowering,11.1,37,sandy,61.7,8.4,31.7,30.0,29.7,16.2,7.1,14.0,water_later
Tomato,vegetative,11.5,120,clay,92.6,14.4,19.4,31.8,62.8,3.7,7.7,104.0,no_watering
Tomato,fruiting,11.2,140,loam,61.8,14.1,16.4,83.6,45.3,10.7,9.6,12.0,water_now
Tomato,fruiting,11.7,146,sandy,40.0,36.9,15.5,31.8,60.4,13.1,5.8,9.0,water_now
Potato,flowering,13.5,11,loam,58.0,65.6,15.6,89.8,75.5,16.6,2.1,168.0,no_watering
Potato,vegetative,32.0,25,clay,80.6,17.8,14.7,67.6,78.8,0.2,7.8,129.0,no_watering
Potato,seedling,20.3,144,loam,69.2,32.4,23.9,30.6,10.4,14.8,10.4,39.0,water_later
Pepper,flowering,15.5,107,clay,45.0,39.0,26.8,82.2,66.7,24.8,6.4,13.0,water_later
Pepper,seedling,8.8,51,loam,92.8,12.7,22.9,56.5,87.2,15.0,4.1,168.0,no_watering
Pepper,seedling,7.4,92,sandy,97.6,2.5,34.4,80.2,32.9,12.6,3.2,168.0,no_watering
Pepper,flowering,9.9,143,sandy,87.1,5.4,19.0,36.6,76.6,23.2,4.6,168.0,no_watering
Tomato,seedling,8.7,65,clay,55.2,100.9,23.2,75.7,28.9,19.9,3.4,168.0,no_watering
Potato,vegetative,22.6,28,clay,41.4,100.5,16.0,82.0,52.4,10.1,6.2,168.0,no_watering
Tomato,fruiting,8.5,91,sandy,42.9,12.0,27.4,90.1,73.6,20.5,8.0,7.0,water_now
Tomato,vegetative,10.5,13,sandy,70.9,25.4,28.7,94.3,81.9,13.5,3.0,168.0,no_watering
Pepper,flowering,15.2,113,sandy,49.0,20.4,18.3,33.4,15.4,12.1,5.3,11.0,water_now
Tomato,vegetative,12.7,124,clay,82.4,16.9,31.9,68.6,33.3,5.7,10.5,31.0,water_later
Tomato,fruiting,23.3,108,sandy,71.5,15.1,20.1,84.1,78.7,7.9,9.3,13.0,water_later
Pepper,fruiting,8.2,89,clay,83.8,6.7,32.1,60.6,36.3,12.2,8.6,33.0,water_later
Potato,flowering,25.1,98,clay,64.3,28.4,25.8,52.9,4.5,16.1,8.0,29.0,water_later
Potato,seedling,18.6,45,sandy,41.9,132.8,12.7,60.8,26.1,22.4,3.1,168.0,no_watering
Potato,fruiting,15.1,20,loam,82.2,15.2,17.1,28.5,45.0,6.0,3.4,168.0,no_watering
Pepper,seedling,11.9,10,loam,43.4,131.9,23.7,40.9,4.7,22.6,3.2,109.0,no_watering
Tomato,fruiting,18.5,148,clay,51.7,24.1,24.4,59.3,4.6,6.7,9.5,12.0,water_now
Potato,flowering,27.3,112,loam,57.2,28.7,25.6,43.6,46.0,7.3,3.4,37.0,water_later
Tomato,fruiting,16.9,62,sandy,62.1,12.3,33.8,45.5,85.3,11.1,3.1,15.0,water_later
Tomato,flowering,13.9,14,sandy,88.9,3.1,21.0,43.9,13.6,23.8,9.0,30.0,water_later
Potato,fruiting,21.4,63,clay,56.2,62.2,12.4,94.5,61.9,12.3,4.1,168.0,no_watering
Tomato,seedling,12.6,137,clay,83.7,28.7,27.4,51.4,21.3,4.4,11.9,59.0,no_watering
Tomato,vegetative,13.8,53,sandy,35.8,42.9,18.5,86.2,71.7,9.9,8.4,7.0,water_now
Tomato,flowering,16.5,82,loam,39.2,78.4,31.6,33.2,86.9,18.2,3.8,11.0,water_now
Pepper,vegetative,9.5,56,sandy,87.1,6.0,22.3,79.8,11.3,9.4,6.7,33.0,water_later
Tomato,vegetative,22.4,118,clay,42.3,55.0,18.5,27.3,39.1,15.2,6.2,15.0,water_later
Potato,fruiting,27.1,126,sandy,91.2,8.9,28.7,79.5,14.4,8.0,2.1,83.0,no_watering
Potato,flowering,25.0,59,clay,98.1,1.3,22.2,41.5,40.5,14.6,7.6,160.0,no_watering
Pepper,seedling,8.5,100,clay,62.9,82.0,21.8,32.1,42.5,8.1,9.9,58.0,no_watering
Tomato,seedling,12.6,89,loam,51.9,48.8,20.1,34.6,18.8,6.1,11.6,15.0,water_later
Pepper,fruiting,6.0,119,loam,47.5,10.0,34.4,63.3,2.0,18.4,9.1,8.0,water_now
Potato,fruiting,20.2,75,clay,68.2,29.6,14.5,68.0,41.1,24.2,6.5,133.0,no_watering
Tomato,seedling,23.2,15,loam,38.4,53.4,28.0,80.6,42.7,10.8,11.2,13.0,water_later
Potato,flowering,19.9,25,loam,94.3,5.3,17.8,43.9,3.1,24.3,5.6,131.0,no_watering
Tomato,seedling,16.4,48,clay,51.4,65.7,29.7,83.2,7.5,23.5,8.0,93.0,no_watering
Potato,vegetative,12.5,84,sandy,86.1,6.2,25.7,50.5,67.6,18.6,10.9,13.0,water_later
Potato,flowering,13.2,56,loam,41.6,42.6,28.6,88.5,57.9,17.3,11.1,7.0,water_now
Tomato,vegetative,15.5,121,clay,49.8,48.9,28.0,67.0,62.2,18.4,4.4,168.0,no_watering
Tomato,flowering,18.2,86,loam,46.9,23.2,32.1,40.2,31.0,18.0,4.5,12.0,water_now
Tomato,seedling,20.5,120,loam,55.7,168.0,18.2,58.2,37.3,1.5,3.9,109.0,no_watering
Tomato,seedling,15.0,38,clay,83.3,62.8,21.3,44.5,57.1,23.0,2.5,168.0,no_watering
Pepper,flowering,13.3,35,loam,44.9,25.4,20.7,83.6,22.8,22.2,7.9,52.0,no_watering
Potato,flowering,16.8,41,clay,36.0,67.2,21.3,25.4,32.7,1.7,3.8,14.0,water_later
Pepper,flowering,12.6,123,loam,78.6,20.0,27.9,64.6,20.9,23.5,3.3,54.0,no_watering
Tomato,vegetative,12.6,130,loam,50.7,41.9,32.5,69.6,72.9,12.8,6.7,15.0,water_later
Pepper,vegetative,15.3,91,loam,75.4,32.0,16.4,70.0,21.2,12.1,3.0,168.0,no_watering
Tomato,fruiting,23.3,23,sandy,42.8,21.4,26.8,44.7,10.6,20.0,3.0,12.0,water_now
Pepper,seedling,14.5,91,loam,38.4,65.1,31.5,37.6,9.7,13.1,6.3,12.0,water_now
Pepper,flowering,8.0,94,sandy,74.4,8.4,15.7,52.4,35.5,1.4,8.1,12.0,water_now
Potato,flowering,22.7,141,loam,61.1,14.0,24.9,48.7,80.7,3.3,11.7,11.0,water_now
Pepper,seedling,6.2,83,loam,64.3,44.6,21.3,79.2,1.1,4.7,5.4,83.0,no_watering
Tomato,flowering,8.0,137,clay,55.7,24.0,24.2,72.5,68.2,7.7,7.6,16.0,water_later
Tomato,flowering,18.1,37,sandy,75.2,14.2,24.3,25.7,49.4,21.7,2.0,168.0,no_watering
Tomato,flowering,16.5,147,loam,38.3,28.3,28.6,83.8,23.8,9.3,6.2,9.0,water_now
Tomato,vegetative,8.6,17,loam,48.4,28.1,21.6,38.0,15.3,5.5,7.7,17.0,water_later
Pepper,fruiting,6.3,83,clay,98.4,0.4,35.7,66.8,59.3,19.4,7.8,39.0,water_later
Potato,seedling,16.3,47,sandy,57.4,48.5,25.9,70.5,4.4,5.4,4.5,39.0,water_later
Tomato,flowering,22.1,79,loam,54.9,12.6,32.6,83.4,85.3,24.3,9.8,16.0,water_later
Pepper,seedling,11.1,110,loam,48.6,70.4,22.4,30.0,40.7,21.2,6.7,168.0,no_watering
Potato,seedling,22.3,71,loam,68.3,78.2,20.6,86.5,58.5,5.6,3.0,168.0,no_watering
Tomato,fruiting,17.5,28,loam,73.1,7.1,25.9,76.7,11.8,5.1,10.8,16.0,water_later
Tomato,seedling,9.0,14,loam,88.2,21.2,25.3,88.9,79.5,21.2,3.2,168.0,no_watering
Potato,vegetative,15.4,33,loam,77.9,13.4,15.6,55.1,29.1,16.8,8.9,40.0,water_later
Tomato,flowering,17.7,121,loam,53.1,53.6,24.3,81.3,50.0,8.3,2.4,37.0,water_later
Tomato,seedling,12.0,4,sandy,61.8,35.0,15.1,80.0,88.7,17.5,10.2,168.0,no_watering
Potato,fruiting,12.8,137,loam,74.9,52.6,13.9,88.6,52.9,2.7,2.2,154.0,no_watering
Potato,vegetative,11.5,10,loam,59.4,29.8,27.4,81.7,28.4,0.5,3.7,85.0,no_watering
Pepper,fruiting,13.0,74,clay,36.2,18.2,35.5,30.5,73.5,8.3,10.2,7.0,water_now
Tomato,seedling,18.4,39,sandy,47.0,71.3,19.8,30.4,20.9,3.4,4.2,46.0,water_later
Potato,vegetative,27.1,144,clay,50.7,41.4,15.5,74.3,69.5,10.7,10.5,15.0,water_later
Pepper,fruiting,6.1,134,sandy,62.3,9.3,27.5,77.2,87.9,21.4,7.7,10.0,water_now
Tomato,seedling,16.7,135,loam,50.2,46.5,28.3,72.3,1.1,17.2,10.8,14.0,water_later
Pepper,flowering,5.1,138,clay,75.9,11.2,29.9,88.1,38.0,23.7,9.4,17.0,water_later
Tomato,fruiting,19.9,58,sandy,72.6,12.4,32.4,46.9,66.2,10.9,4.2,13.0,water_later
Tomato,flowering,17.4,28,sandy,75.1,7.2,15.1,30.1,85.4,6.0,10.2,15.0,water_later
Tomato,vegetative,23.4,64,loam,52.7,59.6,24.6,79.7,2.1,19.8,4.0,36.0,water_later
Potato,seedling,18.3,138,clay,53.6,87.7,21.7,63.5,86.6,21.0,11.3,168.0,no_watering
Pepper,fruiting,14.4,8,clay,72.5,26.6,16.4,57.4,88.7,13.1,6.9,168.0,no_watering
Pepper,vegetative,15.0,126,sandy,99.7,0.2,20.6,45.8,73.3,20.4,5.3,168.0,no_watering
Potato,vegetative,29.2,8,loam,79.5,29.3,12.3,74.8,5.8,22.1,11.7,58.0,no_watering
Pepper,fruiting,10.2,45,clay,89.0,7.4,16.1,90.7,87.7,3.8,9.2,65.0,no_watering
Pepper,fruiting,14.1,68,loam,63.1,11.4,26.0,80.7,73.2,5.8,9.0,12.0,water_now
Potato,flowering,23.6,13,clay,43.1,57.7,28.4,38.1,11.4,24.1,5.6,62.0,no_watering
Tomato,flowering,19.0,4,clay,64.7,74.6,23.7,45.0,7.0,9.2,2.7,168.0,no_watering
Pepper,flowering,5.7,77,clay,79.1,17.1,20.5,51.0,3.4,1.4,4.4,81.0,no_watering
Tomato,vegetative,10.7,128,clay,38.3,29.1,33.5,59.6,64.3,12.0,8.4,9.0,water_now
Tomato,vegetative,18.6,54,loam,80.8,15.9,30.6,51.1,20.6,4.4,2.6,130.0,no_watering
Tomato,vegetative,19.2,143,sandy,58.3,24.2,22.6,27.6,63.8,13.0,6.5,15.0,water_later
Tomato,seedling,22.6,29,sandy,52.7,107.3,26.7,82.8,55.9,18.9,2.8,168.0,no_watering
Potato,fruiting,11.7,53,sandy,80.7,10.1,20.8,78.9,17.7,3.3,6.1,32.0,water_later
Tomato,flowering,16.9,109,sandy,65.6,14.5,24.1,55.9,4.4,3.8,4.7,14.0,water_later
Potato,fruiting,10.9,66,sandy,35.7,24.9,20.9,82.8,26.0,21.6,6.9,13.0,water_later
Pepper,vegetative,7.9,64,clay,58.4,25.4,26.3,32.7,60.8,22.5,9.6,63.0,no_watering
Pepper,seedling,9.1,21,loam,51.9,83.6,16.3,31.8,51.8,2.9,6.0,168.0,no_watering
Pepper,fruiting,13.4,138,clay,74.7,17.0,20.2,53.6,56.8,5.6,7.5,38.0,water_later
Tomato,vegetative,23.6,27,sandy,82.1,8.2,19.2,47.6,69.2,24.6,7.9,162.0,no_watering
Potato,flowering,28.0,26,sandy,97.4,2.8,12.3,69.5,12.8,9.1,9.1,35.0,water_later
Tomato,fruiting,15.4,4,loam,40.6,21.1,15.9,81.2,9.0,18.9,10.6,10.0,water_now
Tomato,seedling,11.6,103,loam,58.1,97.2,18.1,94.3,64.9,6.5,3.6,168.0,no_watering
Pepper,flowering,9.4,59,sandy,92.3,3.1,31.6,52.3,86.9,4.1,9.0,12.0,water_now
Potato,fruiting,30.2,142,sandy,76.4,13.0,14.9,92.2,73.5,5.4,11.1,12.0,water_now
Potato,seedling,23.1,1,clay,72.9,38.0,22.0,73.8,85.7,8.8,10.0,168.0,no_watering
Potato,fruiting,11.5,129,loam,40.0,48.7,26.7,90.6,51.8,16.5,7.3,10.0,water_now
Potato,seedling,27.0,35,clay,39.0,137.0,22.9,39.1,33.5,6.8,10.5,80.0,no_watering
Pepper,flowering,5.1,8,clay,82.4,17.5,16.7,91.8,73.1,6.6,3.7,168.0,no_watering
Pepper,seedling,15.5,61,clay,72.8,74.2,21.6,71.1,56.0,10.0,9.9,168.0,no_watering
Potato,vegetative,30.9,76,clay,75.2,13.3,27.6,55.3,9.3,17.8,9.7,33.0,water_later
Potato,vegetative,28.3,93,sandy,97.9,1.2,12.6,46.8,27.6,18.5,6.0,37.0,water_later
Potato,seedling,29.7,146,loam,88.4,19.2,27.2,35.8,87.0,1.6,5.6,131.0,no_watering
Potato,vegetative,28.5,83,clay,50.5,69.0,14.7,57.1,38.5,4.2,3.9,103.0,no_watering
Potato,fruiting,15.0,100,sandy,46.7,53.9,19.0,84.2,67.5,5.2,3.2,13.0,water_later
Tomato,fruiting,14.7,93,loam,94.6,3.3,27.6,68.2,46.8,7.4,3.1,75.0,no_watering
Pepper,seedling,8.0,74,loam,90.2,7.7,34.4,28.0,47.8,4.7,7.4,83.0,no_watering
Potato,flowering,15.5,37,loam,60.2,53.2,23.9,30.3,29.1,20.3,3.5,168.0,no_watering
Potato,fruiting,27.8,135,clay,37.6,76.2,12.2,92.0,5.9,10.2,5.5,14.0,water_later
Potato,flowering,30.0,44,clay,35.6,49.6,26.7,37.1,1.5,16.2,3.8,13.0,water_later
Potato,vegetative,21.7,113,sandy,50.8,50.0,16.5,30.6,45.9,6.9,3.4,38.0,water_later
Tomato,vegetative,17.1,88,sandy,62.5,16.8,33.0,39.8,16.2,3.1,3.5,14.0,water_later
Pepper,flowering,10.5,111,loam,75.7,17.4,15.8,43.1,12.5,14.5,4.1,56.0,no_watering
Pepper,vegetative,14.4,59,sandy,50.9,17.7,25.9,27.1,2.6,16.5,7.1,11.0,water_now
Tomato,flowering,8.4,36,loam,88.5,8.7,24.0,92.1,42.1,9.0,3.1,168.0,no_watering
Pepper,flowering,12.0,136,clay,94.5,6.1,27.0,91.0,17.4,4.2,5.2,83.0,no_watering
Potato,vegetative,31.7,129,clay,60.6,28.0,15.4,75.4,21.9,18.3,10.7,30.0,water_later
Tomato,vegetative,13.2,118,clay,46.4,116.5,20.0,77.3,34.0,18.8,8.6,64.0,no_watering
Pepper,fruiting,13.9,75,loam,73.8,8.3,31.6,73.3,64.4,2.8,5.8,16.0,water_later
Tomato,seedling,9.7,130,sandy,96.8,2.7,28.6,54.5,65.2,0.3,6.0,56.0,no_watering
Potato,flowering,17.4,27,sandy,52.7,29.9,18.1,74.8,19.9,24.2,3.0,35.0,water_later
Tomato,flowering,13.0,116,sandy,71.1,7.0,26.5,33.7,5.8,17.8,8.4,10.0,water_now
Potato,seedling,31.4,26,clay,78.2,67.0,23.4,65.4,48.8,10.5,5.4,168.0,no_watering
Potato,seedling,24.3,87,loam,80.5,27.9,21.0,27.4,70.4,10.0,9.3,64.0,no_watering
Potato,flowering,17.9,108,clay,67.1,71.7,19.1,83.8,28.5,13.4,3.6,168.0,no_watering
Pepper,fruiting,6.5,64,sandy,59.9,9.0,16.0,28.0,27.2,14.6,8.9,9.0,water_now
Pepper,fruiting,9.8,67,loam,88.1,11.9,17.5,37.4,31.2,9.0,3.3,107.0,no_watering
Pepper,flowering,13.0,14,loam,59.9,38.0,17.2,72.9,36.0,20.2,3.9,168.0,no_watering
Pepper,vegetative,6.5,80,clay,60.9,18.3,27.7,40.9,57.4,5.0,9.6,16.0,water_later
Potato,fruiting,17.5,33,loam,43.5,32.1,25.1,94.0,70.2,19.5,6.5,168.0,no_watering
Potato,fruiting,13.1,70,loam,69.1,32.2,12.4,30.1,60.3,8.4,4.1,168.0,no_watering
Potato,seedling,19.8,33,sandy,52.8,82.2,16.4,49.2,36.7,20.6,8.2,31.0,water_later
Tomato,flowering,8.8,126,loam,91.2,5.4,25.9,56.9,41.5,0.1,3.6,62.0,no_watering
Pepper,seedling,7.5,112,loam,61.6,47.5,21.6,33.7,25.0,12.0,11.1,26.0,water_later
Pepper,seedling,15.1,73,clay,71.1,80.2,17.8,58.6,74.9,13.0,9.4,168.0,no_watering
Pepper,vegetative,11.9,47,clay,72.7,48.4,22.3,78.0,42.4,12.4,8.2,59.0,no_watering
Pepper,seedling,9.6,139,loam,71.7,54.6,23.9,44.8,30.3,2.6,4.8,144.0,no_watering
Pepper,seedling,5.2,108,sandy,82.9,12.5,15.2,44.9,68.5,0.0,4.0,86.0,no_watering
Potato,fruiting,10.7,114,clay,51.0,28.0,27.7,56.3,33.0,0.5,6.3,15.0,water_later
Potato,fruiting,24.0,148,sandy,84.2,6.9,16.8,50.2,48.4,6.1,6.8,37.0,water_later
Potato,flowering,15.3,131,clay,91.3,3.2,27.9,28.8,31.7,4.7,9.5,33.0,water_later
Tomato,vegetative,19.6,52,clay,62.5,34.4,15.3,90.0,67.7,9.6,11.7,151.0,no_watering
Potato,flowering,12.9,133,loam,69.8,14.5,12.5,35.5,83.4,21.0,10.4,38.0,water_later
Potato,vegetative,17.7,29,sandy,55.7,71.9,15.3,77.6,48.4,21.2,5.5,85.0,no_watering
Tomato,seedling,10.8,107,sandy,60.4,29.0,21.7,49.1,36.9,3.8,9.8,16.0,water_later
Tomato,flowering,23.3,145,sandy,39.6,73.7,17.0,50.7,75.5,16.7,2.4,12.0,water_now
Pepper,fruiting,7.7,83,clay,53.0,26.0,21.1,57.3,69.3,22.2,5.7,39.0,water_later
Potato,fruiting,19.0,131,loam,81.0,11.1,12.0,92.9,84.1,5.3,10.3,39.0,water_later
Potato,vegetative,12.4,63,sandy,88.8,13.7,22.1,52.4,64.8,2.1,3.2,60.0,no_watering
Potato,vegetative,17.9,28,sandy,68.0,25.0,14.0,49.5,52.7,24.8,10.1,33.0,water_later
Tomato,seedling,22.9,138,sandy,72.9,60.0,16.1,51.5,9.2,14.6,10.7,21.0,water_later
Potato,vegetative,22.5,64,sandy,35.0,45.5,16.6,78.0,0.1,16.4,4.5,9.0,water_now
Tomato,fruiting,10.8,141,clay,55.4,30.0,31.7,59.0,68.8,12.6,3.9,59.0,no_watering
Potato,seedling,13.8,114,sandy,53.5,38.1,16.3,53.0,68.4,7.3,9.7,16.0,water_later
Pepper,fruiting,10.4,48,sandy,90.7,6.0,35.8,60.7,45.7,23.2,2.1,36.0,water_later
Tomato,vegetative,9.4,95,loam,49.2,16.9,28.7,27.6,69.7,3.4,10.4,9.0,water_now
Tomato,vegetative,13.5,49,loam,61.7,42.5,16.9,66.8,12.4,11.2,4.9,60.0,no_watering
Tomato,vegetative,13.7,39,clay,69.6,28.1,32.9,39.7,78.6,17.7,2.7,168.0,no_watering
Potato,seedling,16.6,65,sandy,53.5,61.0,20.9,48.5,58.0,1.5,4.0,48.0,water_later
Pepper,fruiting,5.9,54,loam,60.5,14.7,35.2,76.6,2.4,3.6,11.9,8.0,water_now
Pepper,flowering,13.6,148,sandy,89.6,7.4,21.3,27.4,28.6,6.1,6.5,15.0,water_later
Tomato,vegetative,15.1,87,clay,89.1,7.4,24.6,74.7,13.4,3.8,10.9,39.0,water_later
Tomato,seedling,15.1,144,loam,96.6,3.6,25.3,51.0,53.9,17.0,8.7,168.0,no_watering
Potato,vegetative,12.6,140,loam,73.2,9.6,26.6,55.4,20.5,13.3,10.4,13.0,water_later
Pepper,fruiting,15.6,50,clay,86.1,9.6,26.0,35.4,58.3,1.7,4.7,84.0,no_watering
Tomato,flowering,8.2,98,clay,82.5,19.4,21.2,27.4,48.1,10.2,10.2,36.0,water_later
Tomato,flowering,8.3,76,loam,97.4,4.1,23.8,56.6,35.6,4.8,4.3,83.0,no_watering
Potato,fruiting,27.4,65,loam,37.8,37.2,18.4,34.5,8.4,13.7,11.7,7.0,water_now
Potato,vegetative,30.7,76,sandy,72.1,22.2,21.2,40.2,22.9,11.1,8.9,12.0,water_now
Tomato,vegetative,13.8,29,clay,54.2,160.9,21.2,32.2,16.0,20.4,2.8,168.0,no_watering
Potato,fruiting,19.7,1,loam,38.1,56.0,27.4,32.9,76.3,11.0,3.1,168.0,no_watering
Potato,vegetative,31.9,90,clay,68.4,28.3,13.3,44.4,7.5,5.7,11.5,32.0,water_later
Tomato,flowering,17.0,95,clay,57.1,68.9,16.1,42.0,27.9,3.2,5.1,39.0,water_later
Pepper,flowering,15.7,140,clay,85.6,5.8,25.5,30.9,34.8,16.9,9.4,39.0,water_later
Potato,flowering,15.4,93,loam,70.2,18.8,26.4,56.0,34.4,13.6,3.5,60.0,no_watering
Potato,seedling,20.8,102,sandy,67.0,96.1,24.8,84.2,66.9,20.3,3.9,168.0,no_watering
Tomato,flowering,20.8,82,sandy,42.6,31.3,20.3,37.9,87.4,4.6,10.6,7.0,water_now
Potato,vegetative,22.9,143,clay,37.8,59.3,16.4,46.7,82.2,5.2,10.3,10.0,water_now
Tomato,flowering,17.4,106,clay,44.1,75.1,21.8,81.8,66.6,4.6,4.9,34.0,water_later
Pepper,seedling,14.0,106,clay,72.9,40.5,21.9,87.4,65.8,1.3,10.4,85.0,no_watering
Potato,seedling,18.9,56,loam,98.6,1.0,29.0,36.2,66.4,1.1,11.3,55.0,no_watering
Potato,flowering,11.4,89,loam,58.5,14.3,25.8,40.3,6.4,7.2,8.3,11.0,water_now
Tomato,flowering,14.7,18,clay,86.6,8.9,23.4,50.7,43.6,2.4,6.1,131.0,no_watering
Tomato,vegetative,21.0,97,sandy,73.5,34.1,15.2,52.7,52.9,14.3,5.0,108.0,no_watering
Tomato,vegetative,20.2,141,loam,63.5,47.6,22.4,63.0,83.3,5.0,3.1,168.0,no_watering
Potato,flowering,10.8,24,loam,95.2,2.2,27.5,74.4,68.1,0.2,8.4,39.0,water_later
Tomato,flowering,18.1,113,sandy,35.4,37.7,15.4,37.5,63.5,20.2,3.7,24.0,water_later
Tomato,flowering,9.7,25,sandy,96.7,1.2,33.3,73.0,7.5,24.7,11.1,12.0,water_now
Tomato,seedling,16.8,120,sandy,71.8,21.5,31.9,25.0,54.1,17.6,8.0,15.0,water_later
Pepper,fruiting,14.2,20,loam,82.1,10.1,29.9,85.7,57.8,24.5,2.2,168.0,no_watering
Pepper,seedling,9.4,139,loam,55.0,58.0,27.4,81.5,22.6,16.7,6.8,106.0,no_watering
Tomato,vegetative,12.7,35,loam,70.5,14.6,32.7,43.5,10.9,0.7,8.1,27.0,water_later
Pepper,flowering,5.9,138,sandy,83.6,6.9,23.8,72.5,31.3,18.9,6.6,13.0,water_later
Tomato,flowering,12.8,94,loam,98.3,0.6,27.1,94.6,20.0,6.9,10.3,18.0,water_later
Pepper,fruiting,13.6,83,clay,95.9,1.2,33.7,49.1,56.5,10.1,7.8,35.0,water_later
Tomato,flowering,20.1,14,clay,69.9,37.6,19.0,38.9,10.4,22.6,2.1,168.0,no_watering
Potato,seedling,18.4,100,sandy,46.3,78.4,19.1,79.7,0.6,17.3,7.3,13.0,water_later
Potato,vegetative,13.2,31,loam,52.7,20.6,29.0,29.5,56.8,3.7,6.6,15.0,water_later
Potato,seedling,13.5,62,loam,80.4,43.8,20.9,69.6,48.3,5.5,2.9,168.0,no_watering
Tomato,seedling,10.1,35,clay,46.4,140.5,15.7,60.0,37.8,16.1,5.1,168.0,no_watering
Tomato,vegetative,9.0,41,sandy,90.8,6.4,15.4,47.1,12.7,0.5,7.6,36.0,water_later
Potato,fruiting,17.8,53,loam,69.0,45.8,25.7,56.8,36.6,5.8,4.9,39.0,water_later
Potato,seedling,12.0,128,clay,38.5,79.5,23.7,69.2,21.9,16.4,12.0,11.0,water_now
Pepper,fruiting,13.3,25,sandy,51.5,11.4,27.4,58.3,74.0,13.1,7.6,15.0,water_later
Potato,vegetative,19.7,115,loam,57.0,63.1,18.9,82.9,55.7,15.0,2.1,168.0,no_watering
Pepper,vegetative,10.8,94,clay,96.7,1.3,32.2,46.5,45.1,20.5,10.2,34.0,water_later
Tomato,flowering,10.7,133,clay,56.3,25.1,25.2,60.8,62.2,17.3,8.0,38.0,water_later
Potato,flowering,16.4,69,loam,63.3,38.7,14.1,50.5,15.8,13.4,2.7,62.0,no_watering
Tomato,flowering,15.8,54,loam,93.9,2.0,30.0,49.4,52.9,5.7,10.5,20.0,water_later
Tomato,seedling,17.5,97,sandy,70.2,73.1,26.3,49.2,32.7,17.2,3.6,168.0,no_watering
Pepper,fruiting,13.4,75,clay,78.5,19.5,22.7,63.1,54.4,12.3,10.1,17.0,water_later
Pepper,seedling,10.6,132,loam,78.3,20.1,28.8,68.7,9.1,22.1,9.5,40.0,water_later
Potato,flowering,29.1,57,clay,74.9,25.6,14.1,84.9,86.1,6.2,8.7,81.0,no_watering
Potato,vegetative,16.0,45,sandy,88.3,4.8,20.0,71.6,77.7,13.5,7.8,36.0,water_later
Potato,seedling,10.2,78,clay,67.4,84.1,24.9,27.5,21.5,9.4,2.1,168.0,no_watering
Pepper,fruiting,5.9,5,sandy,65.8,9.1,30.1,47.4,56.6,13.9,7.1,13.0,water_later
Potato,vegetative,21.9,35,clay,36.1,42.6,16.5,39.0,59.3,20.5,12.0,9.0,water_now
Tomato,flowering,9.1,79,sandy,63.0,10.6,24.6,88.8,83.6,18.2,8.3,38.0,water_later
Potato,fruiting,29.8,119,loam,36.3,49.0,16.6,90.6,81.0,0.0,6.0,10.0,water_now
Potato,seedling,21.7,103,loam,77.5,49.0,27.0,92.0,16.7,23.8,2.6,168.0,no_watering
Potato,seedling,27.4,9,clay,83.7,46.0,26.2,64.1,27.7,6.1,10.8,168.0,no_watering
Potato,fruiting,14.9,105,loam,76.3,16.8,16.8,53.1,53.3,7.3,5.4,62.0,no_watering
Potato,flowering,28.6,117,clay,49.8,63.7,14.4,26.1,2.3,20.5,2.6,62.0,no_watering
Pepper,vegetative,8.8,122,clay,95.0,2.8,19.5,50.6,62.0,11.7,11.3,65.0,no_watering
Pepper,fruiting,14.3,43,loam,94.5,3.2,25.1,46.8,29.3,14.1,8.4,41.0,water_later
Potato,flowering,20.6,15,loam,80.0,11.2,13.3,69.8,60.9,9.4,8.5,168.0,no_watering
Potato,fruiting,21.8,5,loam,42.6,58.7,25.0,86.5,7.7,7.4,4.6,36.0,water_later
Pepper,seedling,5.1,88,sandy,47.3,37.8,29.2,85.2,8.2,15.9,6.9,12.0,water_now
Potato,fruiting,25.4,6,loam,48.7,49.0,15.9,78.3,37.8,2.4,7.2,36.0,water_later
Potato,flowering,28.1,36,sandy,56.1,13.8,17.1,36.9,1.2,7.5,8.9,11.0,water_now
Potato,fruiting,17.9,148,loam,77.9,35.7,26.1,66.1,65.8,14.5,5.2,37.0,water_later
Potato,vegetative,24.4,96,clay,86.8,9.9,20.8,82.2,65.3,4.7,8.4,82.0,no_watering
Potato,vegetative,23.4,136,sandy,88.4,8.0,23.8,94.9,20.6,14.0,3.4,109.0,no_watering
Potato,flowering,15.4,82,loam,46.6,27.6,25.9,93.9,37.6,14.8,11.9,8.0,water_now
Pepper,flowering,11.5,82,loam,55.7,31.9,28.6,25.9,15.3,6.0,5.4,13.0,water_later
Pepper,seedling,11.2,46,loam,71.8,26.6,24.4,79.2,19.1,13.2,11.8,41.0,water_later
Pepper,vegetative,11.2,70,clay,64.4,26.9,24.3,65.6,49.9,1.7,7.2,41.0,water_later
Pepper,seedling,12.6,146,clay,72.8,73.9,17.3,55.6,45.1,18.6,10.1,168.0,no_watering
Pepper,flowering,10.5,106,clay,59.4,48.8,18.6,51.9,25.9,16.2,4.5,56.0,no_watering
Potato,seedling,12.3,80,loam,69.3,70.1,22.9,84.0,36.8,13.6,6.9,86.0,no_watering
Pepper,seedling,12.6,111,sandy,54.1,53.1,21.3,31.7,67.3,20.2,5.3,133.0,no_watering
Potato,seedling,10.5,145,clay,77.9,60.6,15.4,88.0,41.7,4.3,4.5,168.0,no_watering
Tomato,vegetative,12.5,134,clay,85.6,13.3,20.8,83.8,38.2,18.9,6.9,84.0,no_watering
Potato,seedling,29.7,28,loam,59.0,47.0,22.3,46.2,45.4,7.4,8.4,131.0,no_watering
Potato,seedling,20.2,32,clay,37.0,64.5,28.4,36.7,50.2,19.5,10.6,13.0,water_later
Tomato,fruiting,18.8,147,loam,74.5,15.1,28.0,42.2,67.6,6.8,2.0,85.0,no_watering
Potato,fruiting,22.9,127,sandy,95.4,6.0,22.4,31.1,25.1,17.7,3.9,103.0,no_watering
Pepper,vegetative,14.6,119,clay,58.6,57.5,21.0,48.5,11.5,24.2,7.1,36.0,water_later
Pepper,vegetative,14.8,43,loam,97.7,1.6,31.1,34.6,73.4,20.8,12.0,63.0,no_watering
Tomato,vegetative,19.4,56,loam,90.6,7.0,33.1,45.0,54.7,22.1,2.6,168.0,no_watering
Pepper,vegetative,8.8,55,loam,62.7,17.8,34.2,75.6,23.0,13.1,8.5,13.0,water_later
Potato,vegetative,29.5,64,sandy,38.6,34.7,15.0,73.1,58.6,5.4,6.5,11.0,water_now
Potato,vegetative,14.6,145,clay,63.9,35.1,27.8,66.1,58.0,8.2,7.0,37.0,water_later
Tomato,vegetative,15.5,2,clay,89.5,6.5,27.4,71.2,40.2,17.5,11.6,168.0,no_watering
Pepper,vegetative,13.4,86,clay,50.0,33.0,34.2,27.6,14.0,5.9,6.9,14.0,water_later
Tomato,vegetative,16.8,130,clay,83.1,20.6,26.1,47.1,31.2,3.2,2.9,168.0,no_watering
Tomato,vegetative,14.0,42,clay,68.3,41.0,17.7,79.5,36.2,12.4,4.7,168.0,no_watering
Potato,flowering,17.5,42,loam,52.3,86.7,18.2,46.9,12.7,8.0,2.6,59.0,no_watering
Potato,flowering,26.3,124,loam,72.1,15.3,29.0,30.6,33.6,18.7,5.1,36.0,water_later
Potato,flowering,19.3,147,loam,46.1,27.6,28.3,51.0,68.4,14.0,4.6,57.0,no_watering
Tomato,vegetative,14.7,4,loam,83.5,9.5,18.2,58.6,29.0,14.9,9.4,168.0,no_watering
Potato,fruiting,24.7,68,clay,37.3,65.0,15.4,39.5,77.8,2.1,5.4,16.0,water_later
Potato,fruiting,28.4,147,loam,68.7,28.3,28.5,94.4,74.3,21.9,3.6,168.0,no_watering
Pepper,vegetative,9.0,127,clay,90.1,7.9,29.8,63.9,41.8,22.4,7.5,136.0,no_watering
Pepper,vegetative,5.9,52,clay,50.3,49.6,25.9,64.0,60.2,2.5,3.6,113.0,no_watering
Potato,vegetative,29.7,99,sandy,87.9,15.6,18.9,55.7,47.6,4.3,2.5,107.0,no_watering
Tomato,fruiting,19.1,126,loam,40.8,16.7,23.2,27.9,21.2,15.8,9.5,8.0,water_now
Tomato,seedling,19.7,29,clay,64.7,49.9,32.4,43.7,54.2,19.7,5.7,168.0,no_watering
Tomato,seedling,22.1,42,clay,61.4,90.0,19.8,32.3,23.8,2.2,4.9,168.0,no_watering
Potato,seedling,10.6,31,sandy,63.8,37.9,17.1,36.8,0.7,4.7,7.7,38.0,water_later
Tomato,seedling,11.0,110,sandy,71.7,39.1,31.2,86.4,64.3,22.4,2.1,168.0,no_watering
Tomato,flowering,19.2,129,loam,92.3,4.1,27.6,68.3,38.6,24.4,6.9,40.0,water_later
Tomato,fruiting,23.6,71,loam,58.4,11.2,21.1,49.0,48.1,18.7,11.6,12.0,water_now
Potato,vegetative,20.9,141,clay,41.9,41.1,17.5,49.4,50.6,21.3,10.2,11.0,water_now
Pepper,seedling,6.2,112,sandy,94.4,4.2,26.6,33.7,21.5,21.8,8.7,34.0,water_later
Pepper,flowering,15.9,26,sandy,37.8,15.2,25.0,29.7,61.5,12.5,8.3,7.0,water_now
Pepper,vegetative,14.9,122,loam,38.6,48.3,21.4,58.8,1.0,7.4,11.6,7.0,water_now
Potato,vegetative,17.4,17,loam,70.9,16.9,27.5,38.1,84.7,17.1,6.8,168.0,no_watering
Pepper,flowering,11.3,30,sandy,90.7,7.2,16.7,46.1,13.4,15.9,5.5,60.0,no_watering
Potato,seedling,26.8,54,clay,79.2,54.8,26.0,59.2,54.1,8.0,3.3,168.0,no_watering
Potato,vegetative,27.7,88,loam,51.8,39.2,28.0,57.1,54.8,6.7,3.8,45.0,water_later
Tomato,flowering,22.9,128,loam,60.2,41.9,20.5,66.1,63.7,24.7,2.6,168.0,no_watering
Pepper,seedling,10.6,87,sandy,76.1,35.4,17.7,40.0,42.2,5.8,10.3,27.0,water_later
Tomato,vegetative,21.5,81,loam,61.0,40.8,24.4,82.8,31.7,22.6,9.1,15.0,water_later
Pepper,fruiting,10.4,81,sandy,86.6,3.5,30.2,91.7,34.4,14.9,5.3,13.0,water_later
Pepper,seedling,13.9,88,sandy,61.6,57.2,26.1,44.7,58.9,24.2,8.1,168.0,no_watering
Potato,seedling,22.9,5,sandy,48.5,35.2,19.5,58.3,33.1,7.7,11.5,17.0,water_later
Pepper,fruiting,11.0,135,clay,44.7,25.6,34.8,59.0,48.3,5.2,5.1,14.0,water_later
Potato,vegetative,31.9,112,clay,50.9,97.6,13.7,63.2,81.6,2.2,10.3,17.0,water_later
Pepper,vegetative,13.9,15,clay,97.1,4.0,34.4,90.8,64.8,17.6,2.1,168.0,no_watering
Potato,fruiting,23.0,20,clay,90.8,5.6,20.0,93.4,78.3,13.0,11.7,168.0,no_watering
Pepper,seedling,5.7,72,clay,79.6,30.2,20.2,94.2,57.7,2.6,7.6,168.0,no_watering
Potato,fruiting,20.4,100,clay,77.5,36.8,21.7,49.4,36.6,24.9,8.4,83.0,no_watering
Potato,seedling,27.4,139,clay,93.1,12.8,14.4,72.3,68.3,10.9,9.2,168.0,no_watering
Potato,seedling,22.7,138,sandy,45.3,115.9,15.5,90.6,6.4,11.0,2.7,45.0,water_later
Pepper,fruiting,7.3,41,sandy,43.5,7.9,35.3,28.2,59.2,17.2,7.3,13.0,water_later
Tomato,seedling,17.5,27,clay,53.2,68.4,20.0,72.1,8.9,13.7,10.5,65.0,no_watering
Potato,vegetative,17.8,17,clay,79.4,13.5,19.9,27.2,63.8,5.6,8.8,168.0,no_watering
Potato,vegetative,20.3,92,clay,87.7,7.4,27.9,37.1,59.1,9.0,7.2,83.0,no_watering
Tomato,fruiting,21.5,61,sandy,61.6,23.5,27.6,92.1,85.1,12.0,7.9,12.0,water_now
Pepper,vegetative,11.9,143,clay,51.2,39.1,27.5,29.5,88.4,24.3,5.7,168.0,no_watering
Tomato,seedling,9.1,74,sandy,41.9,74.2,22.5,78.5,87.0,18.9,5.7,168.0,no_watering
Tomato,flowering,11.3,98,clay,63.5,19.8,28.0,52.5,56.9,22.7,6.2,62.0,no_watering
Potato,seedling,14.8,16,clay,80.2,35.6,18.1,43.6,62.2,11.2,7.1,168.0,no_watering
Pepper,seedling,11.9,61,clay,89.2,22.5,23.3,42.2,59.9,24.9,6.5,168.0,no_watering
Potato,fruiting,29.8,148,sandy,73.2,6.2,27.1,34.3,57.1,17.3,10.2,9.0,water_now
Pepper,vegetative,12.1,62,sandy,85.3,12.1,20.4,85.8,89.5,10.9,8.0,41.0,water_later
Tomato,fruiting,19.4,71,clay,60.8,12.4,27.7,57.7,48.1,1.2,11.9,11.0,water_now
Tomato,fruiting,20.8,14,sandy,98.8,0.6,16.3,86.6,29.7,22.9,8.5,35.0,water_later
Pepper,vegetative,7.9,122,clay,95.9,4.0,35.4,81.7,67.6,22.5,3.3,168.0,no_watering
Potato,fruiting,12.6,84,loam,89.9,8.1,19.8,71.9,37.7,11.0,3.9,168.0,no_watering
Tomato,flowering,21.2,69,loam,50.0,55.5,22.8,90.3,80.7,14.9,7.7,63.0,no_watering
Potato,fruiting,25.2,26,clay,42.0,49.7,28.4,29.2,10.0,22.5,3.6,37.0,water_later
Tomato,flowering,22.6,26,sandy,98.3,0.4,19.5,45.4,3.0,5.6,10.5,17.0,water_later
Tomato,fruiting,8.4,69,clay,69.3,16.9,31.7,90.1,66.7,14.9,3.5,168.0,no_watering
Pepper,vegetative,15.2,135,clay,98.2,2.0,20.1,35.4,1.1,20.3,4.0,156.0,no_watering
Potato,flowering,13.6,143,loam,44.0,73.8,14.4,25.6,66.8,10.1,5.9,12.0,water_now
Pepper,flowering,13.8,4,clay,51.3,24.2,27.4,60.8,77.8,4.2,9.4,39.0,water_later
Potato,vegetative,20.2,7,loam,86.3,15.4,22.0,67.5,87.3,4.7,2.2,168.0,no_watering
Potato,vegetative,27.0,102,clay,43.6,53.1,25.0,75.5,44.2,21.6,12.0,14.0,water_later
Pepper,vegetative,11.3,112,loam,49.7,111.4,19.0,88.1,34.6,6.7,4.9,33.0,water_later
Tomato,flowering,14.7,34,clay,95.9,3.2,18.8,70.4,13.1,6.6,6.1,158.0,no_watering
Potato,vegetative,31.4,36,loam,98.1,1.1,22.3,52.3,60.4,18.6,11.4,40.0,water_later
Tomato,vegetative,21.4,28,sandy,39.7,21.2,17.6,55.5,2.9,16.5,11.4,8.0,water_now
Potato,seedling,23.1,50,loam,80.8,41.3,19.8,73.0,69.5,6.3,3.9,168.0,no_watering
Tomato,flowering,10.3,77,clay,67.0,14.1,33.8,49.8,85.2,16.1,6.1,40.0,water_later
Pepper,seedling,7.7,122,clay,59.9,60.8,28.3,63.4,30.4,17.9,6.8,168.0,no_watering
Tomato,vegetative,8.1,88,clay,64.6,34.4,18.0,74.6,9.2,11.9,6.3,87.0,no_watering
Tomato,flowering,15.8,28,sandy,85.1,4.0,28.5,58.8,81.6,1.4,8.3,15.0,water_later
Tomato,vegetative,17.4,133,sandy,38.3,18.3,31.0,32.7,10.1,24.0,7.6,8.0,water_now
Tomato,fruiting,16.2,43,sandy,67.7,19.8,21.4,87.4,5.0,2.0,3.1,36.0,water_later
Pepper,vegetative,13.1,77,loam,93.3,2.0,33.2,66.6,4.4,12.0,11.2,14.0,water_later
Tomato,flowering,18.6,99,sandy,83.4,6.6,18.0,91.1,85.1,17.7,11.2,11.0,water_now
Pepper,seedling,12.7,28,clay,51.5,97.7,34.6,89.1,76.0,24.9,5.3,168.0,no_watering
Pepper,fruiting,5.6,4,sandy,45.0,12.4,25.2,66.9,9.6,7.3,7.1,11.0,water_now
Tomato,seedling,23.4,7,loam,36.7,103.8,23.2,29.2,64.7,0.3,6.4,33.0,water_later
Tomato,vegetative,22.8,116,sandy,52.3,89.8,15.6,74.4,45.0,1.9,2.1,36.0,water_later
Potato,seedling,26.5,13,clay,70.2,128.5,27.9,42.5,25.1,18.3,3.8,168.0,no_watering
Potato,seedling,17.2,99,sandy,72.6,23.7,19.9,88.7,30.1,12.4,9.2,31.0,water_later
Potato,fruiting,18.5,28,sandy,41.7,26.0,17.1,83.5,10.4,17.6,7.2,11.0,water_now
Pepper,vegetative,7.9,105,clay,65.1,21.0,28.3,71.4,51.7,14.1,7.8,64.0,no_watering
Potato,flowering,29.3,58,loam,82.3,20.1,16.5,89.7,61.7,2.2,2.3,168.0,no_watering
Pepper,seedling,5.1,21,clay,98.5,1.5,31.0,77.6,49.8,10.5,9.8,168.0,no_watering
Tomato,flowering,12.8,87,clay,98.0,1.3,24.0,92.6,47.4,9.6,8.4,84.0,no_watering
Tomato,fruiting,16.0,135,clay,75.2,9.3,20.5,41.2,46.9,8.6,10.3,19.0,water_later
Tomato,flowering,20.1,53,sandy,60.9,14.7,25.6,29.1,65.2,22.0,7.7,11.0,water_now
Tomato,seedling,20.6,32,clay,39.2,168.0,19.2,77.3,76.2,1.7,10.0,35.0,water_later
Potato,flowering,24.6,28,sandy,85.0,5.1,28.6,30.3,82.9,10.3,4.7,60.0,no_watering
Potato,fruiting,27.0,28,clay,46.8,47.3,27.2,32.3,82.8,16.5,5.6,168.0,no_watering
Pepper,seedling,14.0,16,loam,52.1,44.2,27.0,89.6,38.1,13.5,11.3,81.0,no_watering
Tomato,fruiting,12.8,145,loam,89.7,9.9,21.4,36.2,68.4,23.8,5.0,168.0,no_watering
Tomato,flowering,13.2,30,sandy,70.0,9.9,16.8,85.3,36.1,2.9,9.5,15.0,water_later
Pepper,seedling,5.7,31,clay,38.9,85.2,21.7,62.6,10.0,22.7,11.6,16.0,water_later
Pepper,vegetative,15.0,137,loam,47.9,36.1,34.8,56.9,0.8,5.2,2.4,26.0,water_later
Potato,fruiting,23.6,145,clay,81.3,18.5,21.5,78.3,66.6,9.9,7.8,90.0,no_watering
Pepper,flowering,12.1,104,loam,46.5,55.2,30.1,64.8,59.9,15.2,3.1,14.0,water_later
Pepper,seedling,8.7,57,sandy,51.7,22.6,33.7,72.6,19.9,24.6,11.0,10.0,water_now
Tomato,seedling,8.5,31,clay,98.3,3.6,27.8,79.3,0.3,20.8,3.7,168.0,no_watering
Potato,vegetative,11.5,136,loam,61.8,21.9,16.9,53.4,23.9,1.6,8.9,15.0,water_later
Tomato,seedling,22.0,75,sandy,44.6,73.0,30.0,58.8,87.7,7.7,2.5,168.0,no_watering
Pepper,seedling,7.2,131,sandy,78.1,22.0,15.3,77.8,30.1,3.4,10.9,31.0,water_later
Pepper,vegetative,10.6,74,sandy,44.3,41.3,31.3,73.9,1.2,24.5,3.0,12.0,water_now
Potato,flowering,24.8,74,sandy,35.5,40.9,27.2,74.2,88.6,4.5,4.0,9.0,water_now
Potato,seedling,19.9,124,clay,93.2,26.6,14.8,76.0,79.6,0.0,2.5,168.0,no_watering
Pepper,vegetative,14.9,9,sandy,62.1,19.1,30.0,69.8,2.5,19.9,7.4,16.0,water_later
Pepper,vegetative,5.2,50,loam,68.0,33.4,15.6,69.4,72.5,24.9,2.4,168.0,no_watering
Tomato,vegetative,12.3,4,loam,90.0,6.1,25.6,41.2,22.6,2.3,11.7,55.0,no_watering
Pepper,vegetative,13.0,15,loam,74.2,20.5,15.2,30.7,51.2,2.8,10.2,42.0,water_later
Tomato,seedling,9.3,90,clay,87.0,29.8,25.0,35.3,74.3,22.3,11.2,168.0,no_watering
Tomato,fruiting,19.9,148,sandy,65.4,8.0,22.9,50.7,54.1,8.9,10.4,9.0,water_now
Potato,seedling,29.1,89,loam,49.1,168.0,16.8,61.2,19.4,22.9,3.1,168.0,no_watering
Potato,vegetative,11.0,70,sandy,61.4,8.8,26.4,58.2,45.1,17.8,11.5,15.0,water_later
Tomato,seedling,18.3,123,clay,40.7,168.0,17.8,86.7,15.3,18.9,7.7,35.0,water_later
Tomato,seedling,13.9,16,loam,82.8,31.8,32.0,82.4,13.1,12.5,2.4,168.0,no_watering
Tomato,vegetative,23.7,148,sandy,85.3,9.7,31.7,60.4,72.0,20.5,8.5,12.0,water_now
Potato,flowering,20.9,111,sandy,42.8,22.1,24.2,85.3,73.7,13.4,9.7,8.0,water_now
Tomato,seedling,12.7,84,sandy,71.7,50.3,23.7,52.6,78.1,19.0,3.8,168.0,no_watering
Tomato,fruiting,19.0,104,clay,95.7,2.0,17.2,85.6,32.7,1.4,10.1,37.0,water_later
Tomato,flowering,12.3,59,loam,74.7,12.2,19.2,83.6,84.6,19.9,8.4,37.0,water_later
Potato,flowering,23.7,132,loam,75.6,29.2,12.9,95.0,21.6,23.7,10.8,17.0,water_later
Pepper,seedling,13.5,78,sandy,48.0,25.5,31.4,25.5,62.3,21.1,10.4,9.0,water_now
Potato,flowering,22.7,107,loam,91.2,3.5,26.7,73.4,20.8,1.7,8.2,31.0,water_later
Potato,seedling,10.9,78,sandy,50.2,39.8,14.0,74.0,87.1,15.6,10.9,36.0,water_later
Pepper,seedling,11.8,14,loam,60.5,31.0,29.5,44.4,68.0,12.2,10.4,168.0,no_watering
Pepper,seedling,10.3,44,loam,67.7,29.9,30.3,50.4,44.1,23.3,9.1,168.0,no_watering
Potato,seedling,27.2,86,clay,71.4,67.9,13.0,81.7,60.5,11.5,8.3,168.0,no_watering
Potato,seedling,15.5,58,clay,83.2,32.8,15.2,33.2,53.1,2.7,6.9,168.0,no_watering
Pepper,fruiting,11.4,79,loam,72.8,7.1,24.6,64.6,20.3,6.2,10.8,11.0,water_now
Tomato,flowering,19.8,35,clay,36.9,41.5,30.6,69.2,27.8,22.1,8.3,9.0,water_now
Potato,vegetative,28.0,116,clay,42.4,47.6,23.7,54.3,83.1,6.4,6.1,16.0,water_later
Pepper,flowering,5.5,32,clay,66.7,17.5,27.1,83.0,34.2,3.1,6.3,58.0,no_watering
Tomato,flowering,16.1,26,sandy,56.6,33.9,20.1,34.1,53.0,19.0,3.2,61.0,no_watering
Potato,vegetative,14.7,140,clay,65.0,25.7,24.0,62.5,43.3,2.2,9.7,32.0,water_later
Tomato,seedling,12.9,119,clay,90.0,17.2,16.4,52.6,13.9,17.0,8.9,168.0,no_watering
Potato,flowering,22.6,93,sandy,86.8,4.3,22.4,85.1,46.9,21.3,8.3,16.0,water_later
Pepper,vegetative,14.8,57,clay,49.8,23.8,31.1,86.7,22.7,12.7,10.1,31.0,water_later
Pepper,fruiting,15.9,136,loam,46.6,18.2,15.8,80.6,44.2,5.6,10.7,8.0,water_now
Tomato,flowering,20.0,59,clay,66.2,27.8,19.0,33.2,53.6,6.1,5.9,61.0,no_watering
Potato,seedling,30.4,140,clay,55.0,60.0,18.1,28.1,44.3,11.7,10.5,38.0,water_later
Pepper,flowering,13.3,19,loam,54.7,14.1,24.0,38.7,3.3,4.4,10.1,14.0,water_later
Tomato,seedling,12.9,9,loam,84.9,15.3,30.7,43.1,30.2,15.0,12.0,105.0,no_watering
Tomato,flowering,14.2,3,loam,44.0,51.2,17.6,56.9,33.5,0.9,2.8,83.0,no_watering
Potato,fruiting,20.1,2,clay,69.3,16.9,20.7,87.5,50.7,11.5,10.9,138.0,no_watering
Tomato,vegetative,23.9,149,sandy,75.4,9.9,24.2,73.1,13.6,23.5,8.4,13.0,water_later
Tomato,seedling,13.7,146,clay,74.4,33.0,31.3,38.3,2.2,4.5,8.0,64.0,no_watering
Potato,fruiting,28.8,61,clay,54.0,64.3,26.2,43.8,47.7,23.9,2.7,168.0,no_watering
Tomato,vegetative,16.1,40,loam,42.5,22.8,33.5,56.0,55.3,20.3,9.9,9.0,water_now
Tomato,seedling,17.8,146,clay,35.6,120.1,16.7,55.6,58.9,24.8,8.8,168.0,no_watering
Potato,seedling,13.4,5,clay,50.4,168.0,13.9,92.5,70.5,2.3,3.0,168.0,no_watering
Potato,flowering,10.6,64,loam,47.8,17.2,23.7,94.5,52.5,1.5,11.2,9.0,water_now
Pepper,seedling,8.6,83,loam,82.5,19.3,19.3,68.4,52.7,10.3,10.8,62.0,no_watering
Tomato,seedling,9.8,133,clay,78.7,54.0,24.4,37.4,82.0,17.0,2.5,168.0,no_watering
Tomato,fruiting,17.6,103,loam,70.7,6.6,29.3,53.1,63.8,15.1,10.3,10.0,water_now
Tomato,flowering,9.9,34,sandy,82.3,11.7,26.7,51.1,4.6,23.9,7.4,15.0,water_later
Pepper,fruiting,5.4,42,clay,38.9,36.6,18.8,61.4,39.5,20.2,5.1,168.0,no_watering
Pepper,fruiting,7.1,12,sandy,89.2,5.5,16.6,57.8,83.7,3.0,6.3,38.0,water_later
Potato,flowering,30.4,2,sandy,41.8,45.4,26.2,65.4,44.9,0.6,5.5,12.0,water_now
Tomato,fruiting,11.2,114,sandy,57.0,20.4,20.5,33.0,85.6,20.1,2.2,168.0,no_watering
Potato,fruiting,27.5,47,loam,90.7,6.8,19.8,79.6,21.8,9.7,6.3,108.0,no_watering
Tomato,fruiting,11.0,130,sandy,44.5,20.8,21.7,50.1,12.8,23.0,7.4,9.0,water_now
Potato,flowering,19.9,62,sandy,60.0,7.9,28.2,36.8,9.5,6.2,10.7,8.0,water_now
Pepper,seedling,6.6,27,loam,87.6,10.3,26.2,71.4,88.8,12.9,11.4,168.0,no_watering
Potato,seedling,21.6,119,loam,90.5,24.6,12.7,73.7,45.3,15.7,4.1,168.0,no_watering
Tomato,seedling,20.7,27,sandy,82.9,11.5,20.8,41.8,8.7,11.0,11.3,38.0,water_later
Pepper,vegetative,6.2,62,sandy,70.7,19.9,23.4,48.4,23.9,19.0,10.1,10.0,water_now
Pepper,seedling,14.6,113,sandy,39.1,42.9,28.2,85.4,32.0,24.6,9.4,9.0,water_now
Pepper,fruiting,13.4,135,loam,91.1,4.9,20.0,57.3,79.8,19.0,5.1,88.0,no_watering
Potato,seedling,25.5,70,clay,49.1,114.0,14.8,93.5,59.4,19.5,7.6,168.0,no_watering
Pepper,flowering,7.0,56,sandy,83.8,5.9,32.3,46.3,77.6,1.5,2.8,36.0,water_later
Pepper,seedling,8.8,44,clay,42.2,131.9,26.3,64.6,82.8,18.6,6.0,168.0,no_watering
Potato,seedling,25.5,122,sandy,35.9,168.0,16.9,79.6,69.4,10.4,4.0,168.0,no_watering
Tomato,flowering,21.7,54,loam,55.5,18.5,29.6,71.3,19.8,9.3,6.5,14.0,water_later
Potato,fruiting,12.8,15,sandy,58.7,23.6,25.7,50.6,46.8,16.1,5.5,168.0,no_watering
Pepper,flowering,5.1,61,clay,95.6,4.3,32.5,64.5,15.1,11.3,3.7,132.0,no_watering
Potato,flowering,22.2,31,loam,73.5,22.8,18.0,80.6,46.7,9.4,9.2,35.0,water_later
Pepper,seedling,5.5,57,sandy,77.4,17.5,20.2,80.0,41.1,13.5,8.1,168.0,no_watering
Potato,fruiting,18.3,20,loam,75.6,30.5,21.7,34.6,51.2,7.7,7.1,59.0,no_watering
Tomato,flowering,9.8,99,sandy,84.7,6.4,32.4,82.9,4.6,2.8,9.2,10.0,water_now
Tomato,vegetative,14.2,63,clay,68.5,35.3,19.6,66.8,36.4,5.0,7.5,61.0,no_watering
Potato,seedling,29.1,138,sandy,87.8,14.8,23.6,88.2,54.0,6.4,12.0,30.0,water_later
Potato,fruiting,10.7,110,clay,50.4,70.9,17.4,65.0,23.2,18.8,4.7,66.0,no_watering
Pepper,flowering,8.3,7,clay,63.8,32.6,28.6,75.1,32.4,15.8,2.1,168.0,no_watering
Tomato,vegetative,14.6,5,clay,41.1,31.1,31.9,68.9,1.8,20.8,10.7,13.0,water_later
Pepper,flowering,13.4,78,clay,72.5,28.3,35.6,81.2,3.5,1.6,4.3,39.0,water_later
Potato,flowering,26.2,74,clay,80.3,18.3,22.5,94.2,57.8,8.2,7.7,56.0,no_watering
Pepper,flowering,6.2,6,loam,93.9,2.2,20.1,60.8,0.1,16.5,9.2,58.0,no_watering
Tomato,seedling,13.4,144,sandy,97.0,1.6,26.6,26.7,43.5,17.7,11.1,19.0,water_later
Potato,seedling,27.0,95,sandy,81.1,23.2,25.8,68.0,83.9,22.0,9.5,62.0,no_watering
Potato,vegetative,20.6,103,sandy,41.8,18.7,25.2,71.6,75.6,2.2,9.3,8.0,water_now
Potato,flowering,16.2,129,sandy,48.4,44.4,17.5,57.4,2.4,2.9,7.4,10.0,water_now
Potato,seedling,28.2,75,sandy,48.8,87.3,21.2,89.6,42.2,9.9,11.5,10.0,water_now
Pepper,fruiting,15.8,71,loam,90.1,3.8,18.9,74.5,21.8,19.6,8.2,29.0,water_later
Potato,flowering,25.7,75,loam,39.6,20.1,26.9,59.6,26.1,10.2,9.7,8.0,water_now
Potato,fruiting,27.5,69,clay,59.1,35.7,13.3,60.0,63.4,13.5,11.8,18.0,water_later
Potato,seedling,17.1,57,clay,40.3,165.4,24.6,89.6,80.7,2.2,3.2,168.0,no_watering
Tomato,flowering,8.3,146,loam,54.8,28.8,27.1,88.8,69.2,10.3,3.4,63.0,no_watering
Pepper,fruiting,9.5,75,loam,38.3,18.5,24.0,80.0,83.5,10.0,10.2,6.0,water_now
Pepper,seedling,13.4,85,sandy,52.6,62.5,25.4,85.6,78.8,12.0,8.4,133.0,no_watering
Potato,vegetative,16.7,129,loam,59.0,48.6,12.0,29.9,4.9,13.5,3.0,60.0,no_watering
Potato,fruiting,21.2,102,loam,51.3,46.8,22.4,26.4,63.5,7.2,3.8,38.0,water_later
Tomato,seedling,9.9,115,sandy,86.6,17.1,18.7,28.1,22.5,8.7,9.9,33.0,water_later
Tomato,flowering,15.2,94,loam,97.7,1.3,19.4,38.9,49.7,3.3,7.6,38.0,water_later
Potato,fruiting,30.0,56,loam,86.6,9.9,24.1,46.9,7.7,16.4,8.4,34.0,water_later
Potato,fruiting,11.1,22,loam,63.2,17.9,18.6,29.3,18.8,18.3,9.0,38.0,water_later
Potato,vegetative,15.8,125,loam,79.6,16.7,17.6,66.5,2.2,21.1,5.4,58.0,no_watering
Tomato,fruiting,18.3,135,sandy,97.1,1.3,24.0,41.7,6.3,20.9,2.5,38.0,water_later
Potato,vegetative,28.0,133,clay,46.5,59.5,13.5,27.9,66.2,5.8,5.4,84.0,no_watering
Pepper,fruiting,14.1,9,clay,62.7,67.5,19.8,43.3,74.3,8.6,3.2,168.0,no_watering
Potato,seedling,14.8,51,sandy,45.0,113.7,14.5,78.5,49.3,20.4,3.6,168.0,no_watering
Potato,fruiting,28.6,48,clay,54.7,64.1,17.6,93.8,34.2,16.9,9.2,40.0,water_later
Potato,seedling,26.2,6,clay,67.7,131.7,25.6,60.1,26.9,12.9,2.9,168.0,no_watering
Pepper,seedling,10.8,75,sandy,65.3,42.0,31.8,66.7,35.3,2.5,2.8,64.0,no_watering
Pepper,flowering,12.7,5,clay,62.8,14.9,30.5,94.0,7.2,5.4,11.5,33.0,water_later
Tomato,vegetative,11.0,97,sandy,74.2,17.3,16.2,39.2,16.4,17.1,6.5,16.0,water_later
Potato,flowering,18.4,32,clay,43.4,39.5,16.6,81.8,28.9,6.3,9.2,15.0,water_later
Pepper,vegetative,5.4,60,loam,60.7,25.1,28.4,81.1,80.6,8.2,4.5,168.0,no_watering
Tomato,flowering,11.8,34,sandy,36.5,34.5,15.8,74.7,3.0,0.9,8.5,8.0,water_now
Potato,seedling,16.5,33,loam,73.8,86.0,18.3,74.0,50.8,1.7,6.8,168.0,no_watering
Pepper,fruiting,14.1,17,sandy,65.7,13.6,29.6,58.1,86.2,3.8,7.1,13.0,water_later
Pepper,seedling,11.7,64,sandy,87.8,13.7,26.3,59.1,31.1,16.4,10.4,56.0,no_watering
Pepper,fruiting,5.8,138,sandy,80.4,6.8,22.5,34.2,39.9,10.9,3.4,17.0,water_later
Pepper,fruiting,15.5,123,loam,38.0,38.4,15.6,31.1,30.8,1.7,3.7,12.0,water_now
Potato,flowering,22.0,86,sandy,80.2,9.6,24.1,63.5,49.6,9.1,4.2,32.0,water_later
Pepper,vegetative,12.5,60,sandy,92.3,5.2,28.5,80.0,81.2,22.8,2.2,168.0,no_watering
Potato,seedling,11.1,27,loam,72.4,61.2,21.3,48.6,84.0,0.1,2.1,168.0,no_watering
Pepper,vegetative,15.0,52,sandy,46.5,29.2,23.7,35.7,45.8,8.0,7.4,10.0,water_now
Tomato,vegetative,11.1,79,clay,99.4,0.9,25.6,61.3,26.6,24.5,4.7,168.0,no_watering
Tomato,seedling,12.3,67,clay,67.5,32.1,30.5,46.5,69.1,20.0,12.0,83.0,no_watering
Potato,vegetative,28.2,24,clay,99.7,0.6,13.5,70.0,53.2,21.6,2.3,168.0,no_watering
Tomato,fruiting,12.4,35,sandy,64.8,5.7,25.0,49.0,12.2,2.1,11.8,9.0,water_now
Pepper,seedling,15.4,66,sandy,97.9,1.9,21.7,50.6,6.6,11.4,8.4,55.0,no_watering
Pepper,fruiting,12.3,110,loam,62.2,13.1,26.7,75.1,88.0,5.9,6.8,13.0,water_later
Pepper,seedling,9.0,15,sandy,36.1,80.9,25.0,89.1,12.3,0.3,2.4,35.0,water_later
Pepper,vegetative,9.4,42,sandy,64.8,9.8,25.9,36.8,58.5,20.5,9.7,11.0,water_now
Potato,flowering,24.3,127,clay,51.6,29.2,25.5,51.3,86.5,24.8,6.5,168.0,no_watering
Tomato,vegetative,23.9,101,sandy,39.8,101.6,25.5,56.2,18.9,3.1,3.7,11.0,water_now
Pepper,flowering,11.0,122,loam,49.1,51.7,15.2,26.7,16.6,4.2,4.7,22.0,water_later
Potato,vegetative,21.0,25,loam,50.8,47.2,20.4,58.9,1.9,21.6,4.8,39.0,water_later
Potato,flowering,16.3,23,clay,87.3,7.9,28.2,59.2,61.1,14.3,5.8,168.0,no_watering
Potato,flowering,22.3,74,loam,60.2,24.4,24.7,92.3,69.6,22.4,5.5,75.0,no_watering
Potato,flowering,31.0,66,clay,87.0,13.9,28.4,90.5,4.8,3.7,2.0,168.0,no_watering
Potato,seedling,18.7,135,clay,90.3,27.2,15.6,32.6,75.2,21.9,3.8,168.0,no_watering
Pepper,flowering,14.3,2,loam,97.7,0.9,23.4,74.0,59.8,12.4,8.7,168.0,no_watering
Tomato,flowering,20.8,113,loam,38.9,98.0,20.9,94.7,41.4,5.6,4.4,13.0,water_later
Potato,flowering,28.1,44,sandy,75.6,10.0,25.7,78.8,26.8,10.9,5.1,33.0,water_later
Pepper,flowering,7.5,50,clay,57.8,16.0,34.6,50.8,41.5,6.8,10.8,13.0,water_later
Pepper,seedling,6.9,84,loam,70.4,40.9,18.3,66.7,39.5,9.4,2.7,168.0,no_watering
Tomato,fruiting,19.2,127,loam,74.5,9.3,21.7,83.1,39.7,15.1,9.0,14.0,water_later
Pepper,fruiting,8.1,144,loam,67.8,9.9,30.9,27.1,3.9,16.6,5.0,14.0,water_later
Potato,vegetative,18.3,116,clay,72.3,33.4,20.5,61.0,21.4,3.3,3.6,132.0,no_watering
Pepper,flowering,14.9,56,clay,46.1,31.8,24.4,60.3,7.0,10.2,6.6,15.0,water_later
Potato,flowering,23.5,103,clay,55.5,30.9,16.0,59.3,82.6,3.4,7.9,37.0,water_later
Tomato,seedling,9.5,90,loam,50.0,95.3,16.1,34.7,68.9,12.0,6.1,168.0,no_watering
Tomato,flowering,14.2,56,loam,57.2,14.3,24.9,50.4,59.2,21.4,10.1,73.0,no_watering
Pepper,flowering,11.6,101,sandy,82.8,2.9,33.9,58.0,7.4,13.2,9.1,10.0,water_now
Potato,seedling,23.7,26,clay,51.3,97.3,12.7,44.6,83.3,17.6,11.9,168.0,no_watering
Potato,vegetative,17.9,123,clay,63.9,103.9,12.9,63.2,81.4,6.3,4.0,168.0,no_watering
Pepper,seedling,6.6,75,sandy,66.4,30.8,20.8,33.8,55.3,3.9,3.2,158.0,no_watering
Pepper,vegetative,12.8,4,loam,55.1,41.1,29.5,64.2,21.6,17.5,10.3,17.0,water_later
Tomato,vegetative,13.2,108,sandy,80.3,14.1,21.0,26.6,10.0,1.3,5.1,33.0,water_later
Potato,fruiting,12.8,39,sandy,42.4,33.1,20.7,70.1,13.0,9.0,3.5,13.0,water_later
Potato,fruiting,25.1,25,loam,76.8,70.4,17.0,70.9,61.7,3.1,2.0,168.0,no_watering
Potato,flowering,17.4,107,loam,80.1,25.8,18.7,59.3,84.9,3.2,7.2,36.0,water_later
Tomato,fruiting,17.3,104,sandy,46.9,16.5,31.9,90.0,19.0,0.3,4.5,10.0,water_now
Tomato,seedling,16.2,2,loam,44.5,107.0,33.1,93.6,66.3,9.1,10.3,168.0,no_watering
Tomato,vegetative,12.4,89,loam,71.7,15.3,21.0,51.9,40.9,3.9,10.4,15.0,water_later
Potato,seedling,11.8,59,loam,80.1,47.0,23.1,73.3,56.5,4.6,2.8,168.0,no_watering
Tomato,seedling,16.2,105,loam,76.7,53.6,17.6,92.6,13.5,9.3,7.0,130.0,no_watering
Pepper,flowering,5.9,45,loam,49.5,12.4,24.0,37.8,45.9,7.3,12.0,9.0,water_now
Pepper,seedling,14.1,40,sandy,69.8,45.1,35.7,80.0,10.3,17.9,6.1,37.0,water_later
Pepper,vegetative,12.2,42,loam,64.3,29.5,31.8,27.3,15.2,23.6,3.9,168.0,no_watering
Tomato,vegetative,12.0,5,clay,56.6,27.6,18.0,25.4,67.2,15.2,10.2,168.0,no_watering
Potato,flowering,24.3,97,clay,41.3,61.1,18.5,82.6,37.4,4.8,8.8,11.0,water_now
Potato,flowering,12.9,104,clay,99.3,1.9,21.1,72.9,8.6,3.7,3.5,158.0,no_watering
Tomato,vegetative,19.9,24,loam,85.1,13.2,29.0,52.8,66.6,11.9,5.4,168.0,no_watering
Potato,seedling,10.2,120,sandy,71.6,33.8,20.5,85.6,4.9,7.8,5.2,53.0,no_watering
Tomato,fruiting,16.0,9,clay,71.8,17.1,30.3,36.6,42.1,22.4,2.8,168.0,no_watering
Tomato,seedling,8.3,139,sandy,43.5,40.5,23.7,34.3,52.5,1.4,8.8,12.0,water_now
Potato,seedling,29.0,29,sandy,75.3,56.1,16.6,60.6,53.2,20.6,3.5,168.0,no_watering
Tomato,seedling,16.2,119,clay,46.3,123.6,32.9,58.9,41.9,10.8,6.7,35.0,water_later
Tomato,fruiting,23.8,94,clay,59.7,12.9,31.3,33.0,81.0,22.7,7.9,17.0,water_later
Tomato,fruiting,16.8,112,sandy,67.1,6.9,33.0,63.8,39.0,9.3,11.1,8.0,water_now
Pepper,flowering,5.3,55,sandy,49.1,20.8,18.6,39.7,82.9,11.6,4.3,168.0,no_watering
Pepper,seedling,12.4,72,clay,82.6,50.0,27.9,81.2,50.9,0.7,6.3,168.0,no_watering
Pepper,vegetative,8.5,73,loam,97.0,1.9,19.6,30.8,15.5,23.4,8.4,36.0,water_later
Potato,fruiting,24.7,24,loam,45.0,37.5,21.6,88.1,34.9,0.2,6.9,15.0,water_later
Potato,vegetative,11.7,65,clay,68.4,19.1,14.9,39.6,14.1,5.7,10.7,33.0,water_later
Pepper,seedling,11.0,51,sandy,56.3,67.6,19.4,35.3,51.2,4.7,4.2,57.0,no_watering
Potato,vegetative,30.6,14,sandy,40.2,35.1,17.8,74.5,65.6,8.4,8.6,35.0,water_later
Pepper,fruiting,13.7,76,sandy,71.3,17.1,18.4,91.0,0.7,12.9,2.5,35.0,water_later
Pepper,seedling,5.5,33,sandy,74.8,19.3,16.0,61.9,80.4,5.8,10.4,37.0,water_later
Potato,fruiting,10.6,123,sandy,91.0,3.1,15.9,44.3,40.5,19.8,11.6,11.0,water_now
Tomato,fruiting,17.7,96,loam,62.9,9.9,28.2,83.6,10.2,3.9,9.9,11.0,water_now
Potato,vegetative,19.7,128,sandy,67.8,16.5,24.4,69.6,0.2,12.3,9.3,11.0,water_now
Tomato,flowering,17.4,32,sandy,45.4,19.8,19.1,68.3,60.1,24.6,9.2,15.0,water_later
Pepper,fruiting,10.8,15,loam,54.3,59.5,15.7,47.6,80.9,15.7,2.5,168.0,no_watering
Pepper,seedling,13.7,30,sandy,65.8,36.5,33.6,34.6,68.4,24.0,2.7,168.0,no_watering
Tomato,vegetative,14.8,19,loam,59.2,24.9,27.7,90.0,49.5,9.6,6.8,64.0,no_watering
Pepper,vegetative,8.4,44,sandy,75.3,17.2,16.7,79.7,36.5,16.4,5.3,61.0,no_watering
Pepper,flowering,13.1,13,sandy,95.9,0.6,35.6,82.5,38.3,24.3,11.7,13.0,water_later
Potato,vegetative,16.6,3,loam,39.3,30.9,18.4,88.9,10.8,13.3,10.5,12.0,water_now
Tomato,vegetative,10.3,32,loam,53.1,39.2,29.4,87.6,2.9,23.7,3.1,58.0,no_watering
Pepper,seedling,8.6,22,clay,50.9,110.1,24.4,27.6,39.9,17.8,3.0,168.0,no_watering
Potato,seedling,24.8,34,sandy,53.2,75.6,14.2,78.8,22.8,24.7,4.7,168.0,no_watering
Potato,flowering,15.9,104,clay,43.2,38.3,12.7,60.6,42.6,7.4,11.1,12.0,water_now
Tomato,vegetative,19.4,95,sandy,88.6,3.9,33.4,39.2,24.7,22.4,5.6,38.0,water_later
Potato,flowering,10.3,70,clay,85.3,6.3,17.7,32.1,71.2,15.3,11.2,43.0,water_later
Tomato,fruiting,17.4,82,loam,40.7,15.0,32.7,44.5,56.3,21.0,10.3,6.0,water_now
Tomato,fruiting,21.5,71,sandy,44.7,12.5,26.1,48.2,23.9,15.7,9.1,7.0,water_now
Pepper,flowering,10.9,10,loam,65.0,27.1,19.2,87.0,43.8,4.8,8.7,37.0,water_later
Pepper,flowering,13.9,149,sandy,51.4,20.4,17.2,75.2,10.9,13.5,6.1,11.0,water_now
Tomato,flowering,17.0,72,sandy,67.4,13.2,22.9,40.6,50.6,24.9,5.0,34.0,water_later
Tomato,fruiting,18.5,50,clay,59.5,28.6,19.8,87.2,65.6,9.2,5.4,110.0,no_watering
Pepper,fruiting,11.8,105,sandy,95.8,2.8,17.5,43.3,15.2,15.5,3.5,37.0,water_later
Potato,fruiting,31.8,23,loam,50.0,25.2,28.9,42.4,20.1,16.1,5.3,28.0,water_later
Potato,fruiting,30.3,84,loam,49.2,21.9,20.4,66.0,53.0,9.7,11.0,9.0,water_now
Potato,vegetative,29.1,39,clay,75.3,30.5,22.2,59.6,13.7,12.9,7.5,80.0,no_watering
Tomato,flowering,18.8,12,clay,73.5,32.8,26.7,50.6,68.3,20.5,6.4,168.0,no_watering
Pepper,flowering,5.6,66,loam,95.0,2.7,20.2,90.1,37.5,4.1,5.9,62.0,no_watering
Tomato,fruiting,12.5,62,clay,90.8,3.3,28.3,51.7,71.9,20.3,10.4,58.0,no_watering
Pepper,fruiting,14.7,33,loam,60.6,22.4,21.1,67.8,81.7,22.7,5.8,168.0,no_watering
Potato,fruiting,25.1,63,loam,91.7,5.0,15.7,76.5,64.7,21.1,11.3,40.0,water_later
Potato,flowering,25.0,73,sandy,89.0,4.1,14.3,89.6,17.6,22.0,9.3,15.0,water_later
Tomato,seedling,14.3,109,clay,99.1,1.0,28.5,91.8,74.3,18.5,11.8,168.0,no_watering
Tomato,fruiting,14.9,25,clay,41.9,79.3,19.3,45.8,64.1,21.2,7.1,14.0,water_later
Potato,seedling,29.3,35,sandy,61.1,49.7,13.5,46.9,62.0,22.5,7.3,168.0,no_watering
Pepper,vegetative,8.5,121,loam,38.1,57.7,32.9,41.6,19.8,12.6,6.8,9.0,water_now
Potato,fruiting,17.5,99,loam,70.4,19.5,14.3,57.8,36.5,6.2,10.7,15.0,water_later
Potato,fruiting,30.3,141,loam,43.9,46.8,25.3,66.5,8.1,20.6,9.3,9.0,water_now
Tomato,fruiting,16.4,57,sandy,71.2,8.2,28.5,85.6,82.8,19.5,5.3,168.0,no_watering
Potato,flowering,24.4,55,sandy,56.2,12.1,17.3,68.0,70.1,24.3,11.3,9.0,water_now
Potato,flowering,22.4,17,sandy,42.8,31.4,12.9,67.4,0.9,0.2,5.4,13.0,water_later
Potato,fruiting,27.9,30,loam,92.9,10.8,14.9,65.0,17.3,3.2,2.2,168.0,no_watering
Potato,fruiting,19.4,79,clay,81.8,26.0,22.0,78.7,69.0,17.9,8.9,58.0,no_watering
Potato,flowering,20.9,42,clay,83.8,10.7,15.8,32.6,88.7,1.1,12.0,40.0,water_later
Tomato,flowering,17.0,73,sandy,38.7,21.4,30.1,54.4,65.8,10.4,5.1,11.0,water_now
Pepper,vegetative,13.4,21,loam,89.3,7.7,27.3,86.0,30.5,9.6,5.6,168.0,no_watering
Tomato,vegetative,22.1,119,clay,38.2,55.6,26.9,36.6,40.7,23.7,11.8,57.0,no_watering
Pepper,flowering,14.7,38,clay,38.0,39.0,15.8,46.8,26.2,2.0,10.1,10.0,water_now
Potato,seedling,20.6,75,loam,80.3,44.8,15.2,26.2,23.1,4.8,3.5,168.0,no_watering
Potato,seedling,17.9,59,loam,86.4,17.1,12.5,27.7,53.8,18.6,9.7,168.0,no_watering
Pepper,flowering,8.1,66,sandy,47.1,15.6,32.2,49.2,37.5,19.2,9.1,7.0,water_now
Pepper,vegetative,13.5,16,sandy,79.7,17.6,24.3,65.9,29.7,14.4,6.3,153.0,no_watering
Pepper,fruiting,5.9,106,loam,69.0,5.7,31.8,68.8,50.4,3.5,11.4,9.0,water_now
Potato,seedling,30.3,64,loam,92.8,26.6,22.0,30.9,19.3,19.0,3.8,168.0,no_watering
Pepper,flowering,14.1,37,clay,37.7,42.2,27.3,76.7,67.3,21.6,4.8,13.0,water_later
Potato,flowering,20.8,18,clay,41.3,31.1,23.4,48.3,67.5,21.8,8.9,157.0,no_watering
Tomato,fruiting,17.5,24,clay,36.2,116.8,24.1,28.6,58.9,12.0,3.2,39.0,water_later
Tomato,fruiting,19.1,56,loam,62.1,37.7,28.8,46.7,64.0,12.5,2.3,37.0,water_later
Tomato,seedling,16.9,56,loam,98.0,6.7,17.4,30.4,6.3,3.1,4.5,168.0,no_watering
Potato,seedling,10.5,103,sandy,97.4,2.2,25.0,67.0,42.6,15.5,8.1,82.0,no_watering
Tomato,vegetative,12.1,144,clay,48.1,45.3,23.4,50.7,5.4,4.4,10.9,12.0,water_now
Potato,flowering,19.3,59,loam,99.9,0.0,28.2,77.1,69.2,13.9,8.2,60.0,no_watering
Potato,vegetative,27.6,11,sandy,65.9,18.7,21.6,62.7,18.4,23.0,4.9,85.0,no_watering
Potato,flowering,29.6,25,clay,98.1,1.5,24.0,46.9,89.3,0.5,4.4,168.0,no_watering
Potato,fruiting,27.4,114,sandy,84.8,15.2,25.8,31.9,66.2,3.5,3.5,37.0,water_later
Pepper,vegetative,7.0,94,loam,80.3,6.5,34.4,81.7,76.8,24.1,9.0,36.0,water_later
Potato,fruiting,29.5,130,sandy,66.7,23.7,13.4,53.7,7.0,2.4,7.5,13.0,water_later
Pepper,fruiting,11.4,21,clay,69.8,25.3,21.6,67.7,25.9,9.8,9.7,41.0,water_later
Potato,seedling,19.9,4,loam,67.5,46.2,21.2,62.6,50.5,5.9,8.2,168.0,no_watering
Tomato,vegetative,16.4,30,loam,42.6,87.9,17.3,92.0,61.7,13.2,2.1,168.0,no_watering
Tomato,fruiting,19.4,14,loam,91.1,4.6,33.5,64.6,40.8,2.3,3.3,109.0,no_watering
Tomato,fruiting,12.9,132,sandy,43.5,17.5,26.3,56.8,81.2,2.9,7.0,8.0,water_now
Potato,fruiting,10.8,95,loam,81.7,10.9,15.5,94.4,82.8,22.4,11.4,17.0,water_later
Pepper,fruiting,12.4,26,clay,78.8,9.4,17.5,44.8,54.4,5.2,9.0,57.0,no_watering
Potato,vegetative,22.9,5,sandy,88.5,11.3,24.7,79.5,68.9,10.9,7.3,168.0,no_watering
Pepper,fruiting,7.3,95,sandy,78.2,11.7,26.2,47.9,79.7,21.2,7.2,17.0,water_later
Pepper,vegetative,7.9,20,loam,58.4,15.1,29.2,68.4,36.8,9.9,11.8,38.0,water_later
Pepper,fruiting,6.7,87,sandy,90.6,4.2,22.5,66.5,8.5,6.7,3.5,35.0,water_later
Potato,flowering,31.4,90,loam,79.5,44.1,26.0,87.7,68.4,16.5,2.9,168.0,no_watering
Tomato,seedling,11.0,22,clay,91.9,23.0,15.2,87.0,41.1,1.4,6.6,168.0,no_watering
Pepper,vegetative,13.8,124,clay,93.6,13.1,29.8,94.8,81.2,9.3,3.5,168.0,no_watering
Potato,seedling,13.1,90,clay,71.0,51.3,17.6,53.3,42.9,8.7,7.8,136.0,no_watering
Tomato,fruiting,15.0,14,clay,70.6,18.3,16.6,36.9,48.1,14.1,9.0,88.0,no_watering
Pepper,vegetative,11.6,26,clay,45.9,36.9,32.9,49.2,26.4,21.7,4.8,37.0,water_later
Potato,seedling,11.3,28,clay,82.9,20.9,24.3,49.3,82.3,18.7,9.2,168.0,no_watering
Pepper,seedling,7.7,111,clay,68.0,43.8,21.4,54.0,33.8,2.9,11.1,57.0,no_watering
Pepper,flowering,12.9,93,loam,49.7,21.0,22.5,77.9,17.4,18.2,11.7,9.0,water_now
Pepper,seedling,10.3,73,loam,78.2,18.5,32.8,52.7,86.8,14.9,8.3,79.0,no_watering
Tomato,vegetative,8.0,27,sandy,59.7,20.9,18.6,50.7,37.1,14.1,7.1,15.0,water_later
Pepper,seedling,11.2,138,clay,63.3,33.1,35.7,35.5,42.7,13.8,11.0,81.0,no_watering
Tomato,fruiting,17.7,72,sandy,94.9,3.2,16.8,86.1,59.9,2.2,2.2,62.0,no_watering
Tomato,vegetative,14.9,56,loam,47.4,46.2,15.8,63.0,16.1,19.2,11.2,11.0,water_now
Tomato,fruiting,8.8,43,sandy,79.4,5.3,18.4,68.6,24.4,16.2,11.2,13.0,water_later
Pepper,vegetative,7.8,81,clay,64.1,30.5,27.6,34.3,27.1,12.6,8.3,39.0,water_later
Pepper,seedling,9.1,102,loam,54.4,77.9,32.0,79.5,87.4,13.1,3.0,168.0,no_watering
Pepper,seedling,15.9,94,loam,50.5,58.8,34.8,46.3,43.9,12.8,4.5,168.0,no_watering
Pepper,flowering,11.8,122,loam,45.0,44.7,26.1,51.8,38.2,17.1,4.9,12.0,water_now
Potato,flowering,16.9,87,sandy,46.5,24.1,12.1,48.9,12.4,2.7,7.9,10.0,water_now
Potato,seedling,29.1,122,sandy,70.3,113.6,24.0,82.0,16.4,3.5,2.2,107.0,no_watering
Pepper,seedling,7.6,59,clay,37.4,124.2,32.1,38.5,7.8,2.2,5.3,17.0,water_later
Pepper,fruiting,7.0,76,loam,36.0,11.2,33.2,88.9,17.5,4.4,11.4,6.0,water_now
Tomato,seedling,21.5,91,clay,46.6,54.3,30.8,79.4,64.5,1.5,10.8,17.0,water_later
Potato,vegetative,20.8,93,loam,92.9,6.0,16.8,50.7,52.5,13.3,8.1,58.0,no_watering
Potato,vegetative,24.8,136,loam,84.5,14.0,21.3,61.7,1.3,4.7,3.8,85.0,no_watering
Pepper,vegetative,14.1,49,clay,57.5,46.3,25.2,75.4,82.9,21.1,4.4,168.0,no_watering
Tomato,vegetative,19.5,22,clay,73.1,35.8,21.6,39.2,64.3,3.6,6.2,168.0,no_watering
Tomato,seedling,19.1,112,sandy,89.1,16.9,31.3,26.2,31.2,5.5,6.5,41.0,water_later
Tomato,seedling,18.1,31,loam,59.8,86.4,24.0,74.1,15.6,21.5,7.0,168.0,no_watering
Tomato,vegetative,8.5,14,clay,47.4,46.0,32.5,82.8,62.8,7.8,3.6,168.0,no_watering
Potato,seedling,19.2,99,sandy,92.1,12.0,17.1,27.6,38.9,19.1,11.6,36.0,water_later
Potato,seedling,26.2,25,loam,52.6,164.0,22.3,76.4,73.1,15.0,3.6,168.0,no_watering
Pepper,seedling,10.0,55,sandy,50.8,43.2,21.7,71.9,6.1,16.2,10.2,13.0,water_later
Tomato,seedling,8.6,119,sandy,73.9,31.5,29.1,63.6,72.5,19.7,7.9,26.0,water_later
Potato,vegetative,15.5,129,sandy,60.2,17.5,23.3,29.7,74.2,9.4,5.4,13.0,water_later
Tomato,fruiting,11.1,14,clay,62.2,48.2,24.7,48.5,15.5,15.2,5.1,64.0,no_watering
Potato,seedling,16.5,144,clay,91.2,37.7,12.7,35.1,78.1,21.0,3.4,168.0,no_watering
Tomato,vegetative,16.1,92,loam,39.3,52.1,31.8,57.0,89.4,8.8,4.4,52.0,no_watering
Pepper,flowering,9.8,110,sandy,98.8,0.5,35.4,71.6,47.4,9.7,7.5,12.0,water_now
Tomato,vegetative,19.3,9,loam,69.2,44.5,17.8,47.1,26.0,1.6,6.3,88.0,no_watering
Pepper,flowering,14.0,35,clay,79.1,20.2,27.8,48.0,62.2,23.3,6.7,168.0,no_watering
Pepper,seedling,7.1,128,clay,75.1,45.8,21.4,32.0,11.7,17.4,3.3,168.0,no_watering
Tomato,vegetative,12.1,9,sandy,83.0,8.5,24.7,38.8,39.5,4.4,4.9,82.0,no_watering
Potato,vegetative,10.7,34,loam,35.2,58.1,25.3,40.0,13.3,21.3,2.1,13.0,water_later
Pepper,flowering,14.7,95,loam,78.0,18.2,20.8,88.7,48.5,1.4,3.0,86.0,no_watering
Pepper,seedling,5.5,38,clay,45.0,78.7,24.8,37.6,55.4,1.3,5.3,108.0,no_watering
Potato,vegetative,27.5,100,loam,92.9,8.1,15.3,93.0,46.6,21.7,9.3,55.0,no_watering
Tomato,vegetative,10.4,96,loam,98.9,1.2,15.9,60.4,31.6,9.7,9.1,60.0,no_watering
Potato,seedling,20.1,73,clay,49.5,65.5,19.5,70.6,75.6,7.7,11.5,37.0,water_later
Tomato,fruiting,12.2,77,clay,38.4,17.7,26.8,25.6,14.7,21.5,10.5,7.0,water_now
Pepper,flowering,7.5,36,loam,86.9,2.9,28.7,30.6,85.3,23.7,11.5,24.0,water_later
Potato,flowering,19.9,129,sandy,48.3,45.7,14.2,93.1,2.4,4.8,2.0,23.0,water_later
Potato,seedling,27.2,7,loam,83.7,39.5,19.5,85.2,47.4,0.4,3.4,168.0,no_watering
Pepper,vegetative,14.5,148,loam,96.7,4.3,24.1,92.3,9.4,2.7,3.8,111.0,no_watering
Potato,fruiting,16.9,90,clay,53.1,48.7,16.6,30.9,63.0,17.6,11.8,17.0,water_later
Potato,fruiting,29.7,31,clay,99.6,0.3,28.9,37.7,46.7,23.4,10.5,78.0,no_watering
Pepper,fruiting,10.8,129,sandy,39.8,11.3,32.4,60.0,61.2,6.1,6.7,8.0,water_now
Potato,vegetative,10.2,58,loam,58.7,21.6,27.7,68.9,33.4,23.4,11.9,11.0,water_now
Potato,flowering,22.4,118,clay,39.5,26.1,23.8,88.1,55.8,0.4,11.9,8.0,water_now
Tomato,fruiting,14.9,73,loam,70.2,28.7,30.1,91.4,53.6,19.4,2.4,168.0,no_watering
Potato,vegetative,11.5,96,loam,47.3,34.8,17.9,61.4,30.3,10.1,8.2,11.0,water_now
Potato,fruiting,25.4,70,sandy,55.2,22.5,23.1,50.6,78.2,24.0,5.0,159.0,no_watering
Pepper,seedling,13.3,107,sandy,74.9,40.1,18.1,40.1,65.7,21.8,11.8,168.0,no_watering
Potato,fruiting,14.1,81,loam,58.7,59.8,13.9,85.3,67.4,0.8,4.4,38.0,water_later
Potato,fruiting,24.5,103,sandy,40.3,34.0,15.4,44.7,58.2,16.8,7.1,9.0,water_now
Tomato,seedling,9.2,15,sandy,69.1,39.8,29.1,87.8,71.9,3.4,4.3,168.0,no_watering
Potato,flowering,18.9,51,clay,49.8,32.8,15.6,29.1,51.8,17.6,7.7,86.0,no_watering
Pepper,flowering,5.5,125,sandy,39.7,33.2,19.2,81.0,78.1,22.2,3.6,168.0,no_watering
Tomato,fruiting,19.2,58,loam,98.6,0.7,30.1,62.2,51.4,9.2,10.2,15.0,water_later
Tomato,seedling,11.7,115,sandy,37.8,102.2,26.5,82.9,58.8,5.1,3.4,13.0,water_later
Tomato,vegetative,16.7,34,sandy,78.0,15.4,25.9,74.1,33.3,21.7,2.9,168.0,no_watering
Pepper,seedling,12.8,89,loam,78.3,49.0,21.0,63.4,64.2,5.4,6.1,168.0,no_watering
Pepper,flowering,8.1,56,loam,51.0,24.6,20.1,69.6,26.5,6.1,6.8,13.0,water_later
Tomato,vegetative,10.5,97,sandy,53.1,39.6,26.1,66.8,10.6,2.3,5.8,12.0,water_now
Pepper,seedling,8.0,29,clay,36.7,131.4,19.5,65.2,41.6,3.3,9.6,18.0,water_later
Potato,fruiting,16.8,15,loam,45.6,43.3,12.7,83.4,43.3,24.3,6.4,34.0,water_later
Pepper,flowering,6.6,11,loam,99.7,0.2,28.7,77.0,41.4,20.3,6.9,154.0,no_watering
Potato,flowering,30.9,82,loam,40.8,28.4,14.3,33.2,50.3,1.9,9.0,9.0,water_now
Pepper,fruiting,7.9,99,sandy,49.1,20.6,25.3,93.5,70.3,15.3,5.4,13.0,water_later
Pepper,fruiting,14.4,118,loam,56.9,39.2,27.9,75.7,13.6,15.5,5.5,13.0,water_later
Pepper,vegetative,8.2,2,clay,87.1,7.2,22.0,80.5,50.1,15.5,11.4,168.0,no_watering
Tomato,flowering,21.0,52,clay,42.3,73.8,21.0,51.0,70.2,9.2,2.7,168.0,no_watering
Potato,vegetative,12.1,21,loam,76.5,12.5,17.9,26.1,54.6,24.3,11.1,33.0,water_later
Tomato,vegetative,23.9,113,clay,54.1,40.0,24.6,47.5,86.9,14.6,8.5,17.0,water_later
Pepper,fruiting,11.4,82,clay,94.0,2.9,29.6,60.4,18.3,18.9,6.7,38.0,water_later
Potato,flowering,28.5,112,clay,58.8,54.3,13.7,65.7,75.2,22.3,3.2,168.0,no_watering
Pepper,seedling,9.4,116,sandy,92.8,5.7,20.2,40.1,37.9,17.9,9.3,36.0,water_later
Pepper,fruiting,13.9,65,clay,94.7,3.5,32.1,90.8,41.0,10.4,2.5,168.0,no_watering
Pepper,vegetative,5.7,7,clay,91.6,6.6,28.4,36.7,4.5,23.8,8.9,135.0,no_watering
Pepper,flowering,5.3,119,loam,54.3,46.2,32.3,55.3,55.6,5.7,4.8,12.0,water_now
Tomato,flowering,15.3,103,clay,57.9,51.3,20.7,82.0,73.5,8.0,4.2,168.0,no_watering
Tomato,vegetative,21.0,59,clay,74.2,16.7,32.6,27.0,52.1,8.3,6.7,46.0,water_later
Pepper,fruiting,7.8,67,sandy,78.5,4.0,18.6,52.4,33.4,15.0,11.4,9.0,water_now
Tomato,seedling,21.2,90,loam,37.7,136.6,30.3,91.5,81.6,14.5,2.0,168.0,no_watering
Tomato,flowering,9.4,131,loam,68.0,11.2,22.1,44.8,6.2,4.6,11.1,12.0,water_now
Tomato,vegetative,23.2,65,sandy,43.0,48.2,18.1,81.5,51.0,0.9,7.1,10.0,water_now
Pepper,fruiting,15.8,70,loam,40.8,27.5,33.3,41.1,56.3,13.0,7.4,8.0,water_now
Pepper,fruiting,6.3,23,clay,47.2,35.3,27.7,28.1,70.4,11.2,3.9,168.0,no_watering
Tomato,fruiting,8.4,110,sandy,38.5,19.9,27.1,46.6,41.7,16.0,3.6,10.0,water_now
Pepper,vegetative,14.1,119,clay,86.4,14.4,18.0,57.0,16.9,2.7,6.0,104.0,no_watering
Potato,seedling,23.5,101,loam,83.3,22.1,24.2,83.5,58.7,6.1,7.4,92.0,no_watering
Potato,flowering,20.9,11,loam,56.2,54.7,16.8,32.4,75.1,21.8,5.7,168.0,no_watering
Tomato,seedling,17.9,82,sandy,83.6,18.5,23.3,78.8,40.2,17.1,6.0,168.0,no_watering
Pepper,seedling,9.9,6,sandy,70.3,41.2,31.4,54.2,43.2,19.2,4.4,168.0,no_watering
Potato,vegetative,29.1,71,loam,98.0,1.2,21.4,73.3,30.1,9.9,9.6,38.0,water_later
Potato,seedling,29.0,102,loam,48.8,95.5,22.6,28.2,40.6,0.9,11.7,13.0,water_later
Pepper,flowering,9.5,13,sandy,54.5,8.0,35.8,34.3,79.9,9.3,7.2,11.0,water_now
Pepper,flowering,7.6,148,loam,81.8,8.4,21.3,94.8,85.0,0.3,10.4,15.0,water_later
Potato,flowering,23.2,134,loam,86.9,4.5,27.8,91.9,46.9,19.6,11.1,37.0,water_later
Potato,flowering,30.0,95,clay,45.8,52.0,14.3,83.0,80.1,3.6,7.4,16.0,water_later
Tomato,vegetative,13.0,125,loam,97.0,2.9,26.9,70.1,33.9,18.1,2.8,168.0,no_watering
Pepper,seedling,5.2,11,sandy,65.3,23.1,29.3,52.3,87.5,0.9,8.0,39.0,water_later
Tomato,seedling,20.1,103,clay,44.5,111.2,31.2,73.0,66.2,9.3,9.4,59.0,no_watering
Pepper,seedling,14.6,122,clay,82.9,21.9,29.9,70.9,60.9,11.4,8.5,168.0,no_watering
Potato,fruiting,26.4,130,sandy,44.2,59.6,25.7,27.7,70.8,10.3,5.0,10.0,water_now
Tomato,seedling,17.5,73,loam,94.5,5.6,27.1,65.5,5.5,13.3,8.9,65.0,no_watering
Pepper,flowering,8.0,4,sandy,80.4,4.6,17.7,51.1,88.9,15.7,11.1,168.0,no_watering
Potato,flowering,10.1,141,sandy,54.6,31.2,21.7,58.5,27.3,2.1,3.0,14.0,water_later
Pepper,flowering,6.3,149,clay,41.3,76.7,17.2,41.1,73.8,5.1,5.9,16.0,water_later
Tomato,seedling,23.3,7,sandy,35.4,110.3,23.9,84.1,82.6,17.1,3.8,168.0,no_watering
Tomato,vegetative,19.0,139,clay,62.5,53.5,19.5,82.0,33.7,4.0,5.2,108.0,no_watering
Tomato,seedling,8.9,7,loam,62.5,38.8,22.6,80.6,17.5,24.7,12.0,107.0,no_watering
Pepper,vegetative,14.3,70,sandy,85.3,20.6,15.1,38.5,27.9,10.0,5.0,62.0,no_watering
Tomato,vegetative,21.8,28,loam,47.5,78.0,25.7,51.3,23.5,5.6,5.8,33.0,water_later
Pepper,flowering,9.6,38,sandy,45.7,10.6,25.8,64.9,3.9,3.5,11.4,7.0,water_now
Pepper,vegetative,15.8,20,clay,71.7,17.5,28.1,65.8,5.3,21.0,7.8,80.0,no_watering
Tomato,fruiting,15.7,29,loam,50.4,32.8,24.7,41.2,19.0,2.0,2.1,38.0,water_later
Potato,fruiting,13.0,21,clay,66.2,19.2,28.5,72.8,44.6,24.3,6.8,61.0,no_watering
Potato,vegetative,21.9,136,clay,40.2,45.7,15.2,78.9,78.8,15.3,9.9,12.0,water_now
Tomato,vegetative,11.8,133,loam,47.5,80.0,23.3,49.5,26.9,9.4,5.5,37.0,water_later
Pepper,flowering,11.9,34,loam,92.3,4.3,25.3,76.9,59.5,22.0,4.8,168.0,no_watering
Tomato,fruiting,9.9,68,clay,55.5,17.5,32.6,36.8,57.3,21.0,9.7,11.0,water_now
Tomato,vegetative,14.0,136,loam,62.9,23.0,20.4,40.1,44.5,16.2,8.4,15.0,water_later
Pepper,vegetative,11.5,144,sandy,97.7,1.1,30.0,92.0,34.3,7.6,9.0,15.0,water_later
Pepper,vegetative,11.4,48,loam,37.5,68.5,28.2,27.4,57.8,18.2,5.4,11.0,water_now
Pepper,vegetative,9.0,114,clay,36.9,62.4,16.1,83.6,22.3,6.2,7.0,12.0,water_now
Potato,vegetative,30.0,87,loam,91.9,9.4,22.7,76.8,68.2,17.2,9.0,37.0,water_later
Tomato,flowering,17.4,33,sandy,99.6,0.2,17.5,29.0,44.3,2.8,6.1,40.0,water_later
Pepper,seedling,5.9,125,sandy,62.3,31.4,21.7,41.8,62.6,16.1,9.3,111.0,no_watering
Tomato,vegetative,9.8,57,loam,64.8,24.3,17.4,65.7,46.6,8.1,9.9,32.0,water_later
Pepper,seedling,6.5,21,sandy,62.8,33.7,30.8,38.3,18.4,14.8,10.1,17.0,water_later
Tomato,seedling,23.7,118,clay,44.2,115.6,32.2,49.3,0.6,20.0,7.2,32.0,water_later
Tomato,flowering,22.6,139,clay,55.6,30.3,16.6,54.2,7.9,10.9,7.8,32.0,water_later
Potato,seedling,15.9,126,sandy,73.9,46.6,25.0,28.0,18.1,15.7,7.5,39.0,water_later
Potato,vegetative,25.1,71,loam,48.0,43.5,15.7,92.9,33.7,14.7,10.2,11.0,water_now
Pepper,vegetative,5.3,48,loam,45.0,14.2,34.5,47.9,81.0,7.6,10.3,8.0,water_now
Pepper,fruiting,9.9,75,clay,74.3,21.2,17.3,54.2,72.0,19.3,3.4,168.0,no_watering
Potato,flowering,23.5,133,loam,69.0,11.5,23.3,53.4,26.1,9.5,10.0,12.0,water_now
Pepper,seedling,8.8,142,clay,52.9,73.8,22.4,55.9,30.4,5.4,8.4,60.0,no_watering
Tomato,vegetative,12.2,10,sandy,87.9,2.7,30.5,65.7,28.6,18.2,11.9,16.0,water_later
Tomato,seedling,23.5,143,sandy,95.1,2.3,30.3,38.8,42.4,22.1,11.9,36.0,water_later
Pepper,flowering,14.3,124,sandy,90.7,3.2,31.7,38.1,86.1,16.2,9.9,11.0,water_now
Potato,seedling,13.2,25,clay,77.9,67.4,22.9,88.4,72.8,7.6,3.9,168.0,no_watering
Pepper,fruiting,8.2,89,loam,58.2,21.2,32.2,67.4,89.1,12.1,4.5,17.0,water_later
Pepper,seedling,14.8,75,clay,87.7,14.6,29.7,68.2,75.3,8.3,9.4,168.0,no_watering
Potato,seedling,32.0,5,loam,68.6,68.6,19.4,50.0,25.5,13.8,3.5,168.0,no_watering
Potato,fruiting,14.5,56,clay,35.5,51.0,16.3,87.3,74.1,10.9,11.2,16.0,water_later
Pepper,vegetative,11.6,115,clay,60.0,25.5,18.8,60.3,87.3,13.5,10.5,34.0,water_later
Tomato,flowering,10.0,90,clay,46.0,61.8,19.4,41.2,64.6,12.8,2.2,168.0,no_watering
Pepper,fruiting,10.8,37,loam,52.6,20.7,25.2,90.7,24.3,12.5,7.9,17.0,water_later
Tomato,flowering,15.5,74,loam,97.9,0.7,29.8,54.8,29.7,14.9,11.4,14.0,water_later
Pepper,flowering,6.7,87,loam,40.2,35.7,26.9,28.2,73.1,23.7,2.5,168.0,no_watering
Pepper,fruiting,12.8,133,clay,92.9,3.4,17.6,53.7,32.9,3.5,8.3,40.0,water_later
Pepper,fruiting,10.1,31,sandy,85.3,4.3,34.3,51.6,67.5,2.4,7.6,12.0,water_now
Tomato,fruiting,20.1,87,loam,55.3,10.1,33.8,93.4,79.0,22.9,11.7,10.0,water_now
Pepper,seedling,7.0,132,loam,98.8,1.6,29.5,33.4,38.4,19.7,8.1,168.0,no_watering
Pepper,flowering,7.8,123,clay,73.6,19.8,24.6,94.8,4.0,8.7,4.9,62.0,no_watering
Tomato,vegetative,15.7,111,sandy,95.7,3.9,19.5,65.5,62.1,18.0,8.6,37.0,water_later
Potato,fruiting,11.8,37,loam,84.3,9.1,12.5,52.8,49.6,18.5,10.4,35.0,water_later
Potato,vegetative,23.0,53,clay,81.3,13.6,27.2,92.3,15.8,18.9,7.4,63.0,no_watering
Potato,seedling,24.0,101,loam,46.1,105.4,12.5,26.8,9.2,22.2,5.5,39.0,water_later
Potato,fruiting,12.0,127,clay,41.7,32.6,13.3,58.7,8.8,17.6,11.7,10.0,water_now
Pepper,flowering,14.5,10,loam,42.8,20.8,32.7,61.0,33.3,16.5,5.7,13.0,water_later
Potato,vegetative,16.8,110,clay,65.2,17.7,22.4,63.0,9.8,24.9,11.7,17.0,water_later
Pepper,fruiting,12.5,104,loam,54.3,27.1,29.4,26.5,51.9,10.0,6.3,11.0,water_now
Tomato,vegetative,12.9,72,sandy,68.3,12.2,22.3,70.5,5.0,17.0,8.9,12.0,water_now
Tomato,vegetative,15.8,71,loam,75.0,28.3,23.2,32.7,41.2,14.3,3.2,168.0,no_watering
Potato,fruiting,21.3,89,sandy,51.1,35.8,21.1,92.5,40.1,15.7,6.1,11.0,water_now
Pepper,flowering,5.7,125,sandy,79.2,8.3,34.8,31.0,11.5,21.8,6.8,10.0,water_now
Tomato,flowering,17.7,89,clay,76.6,12.7,15.0,83.6,87.5,17.8,11.9,32.0,water_later
Tomato,fruiting,11.4,78,clay,79.1,11.9,33.7,74.1,89.7,4.8,5.4,40.0,water_later
Potato,seedling,26.4,100,clay,42.8,168.0,22.6,83.0,40.2,20.2,3.0,168.0,no_watering
Potato,vegetative,16.4,140,loam,61.6,32.5,28.2,28.7,10.4,5.9,9.2,12.0,water_now
Potato,seedling,31.0,72,loam,67.4,31.8,24.0,67.2,55.5,12.4,11.6,41.0,water_later
Pepper,vegetative,14.1,137,loam,87.2,6.2,17.6,73.5,11.4,18.3,11.6,34.0,water_later
Pepper,vegetative,16.0,67,clay,68.2,25.3,17.1,71.5,18.3,8.6,8.9,40.0,water_later
Tomato,vegetative,18.2,35,clay,67.3,48.6,27.6,62.3,87.2,1.1,3.4,168.0,no_watering
Pepper,fruiting,13.5,130,sandy,59.6,10.9,32.3,33.3,75.4,19.6,6.7,13.0,water_later
Potato,flowering,21.3,19,sandy,53.9,18.4,21.7,81.1,64.2,4.7,9.5,13.0,water_later
Pepper,fruiting,12.0,8,sandy,91.9,2.9,18.5,88.1,6.4,7.0,7.6,37.0,water_later
Tomato,seedling,21.4,13,sandy,50.7,77.7,30.9,28.3,53.0,11.2,4.2,168.0,no_watering
Pepper,flowering,14.2,138,clay,97.5,1.0,22.1,59.0,61.7,16.4,11.7,39.0,water_later
Tomato,vegetative,11.2,122,sandy,83.0,11.7,23.3,40.3,38.6,12.1,7.1,37.0,water_later
Potato,vegetative,25.3,29,sandy,98.1,2.0,21.0,63.8,64.6,18.6,4.5,168.0,no_watering
Pepper,flowering,12.3,124,loam,76.1,14.3,29.7,63.0,58.6,10.4,6.4,32.0,water_later
Pepper,fruiting,14.2,65,sandy,97.9,0.5,17.0,61.1,84.6,3.7,9.6,13.0,water_later
Pepper,flowering,11.6,36,clay,57.3,47.9,27.3,57.9,76.7,23.2,3.1,168.0,no_watering
Tomato,flowering,21.9,136,sandy,97.0,1.0,28.5,60.1,59.2,1.5,5.7,20.0,water_later
Tomato,seedling,12.0,80,clay,75.2,60.8,29.9,81.1,21.1,5.7,11.0,58.0,no_watering
Potato,vegetative,24.7,36,sandy,80.7,8.1,17.7,92.1,70.7,12.6,9.8,18.0,water_later
Pepper,flowering,11.3,107,sandy,93.0,4.5,21.1,68.9,59.6,4.2,8.7,13.0,water_later
Pepper,vegetative,15.8,51,loam,82.3,9.8,27.1,87.2,72.8,5.3,7.3,41.0,water_later
Pepper,flowering,6.3,13,clay,35.3,38.4,27.6,62.4,7.3,4.1,4.8,13.0,water_later
Tomato,vegetative,19.6,59,sandy,62.1,13.6,29.1,30.8,0.1,3.3,6.4,12.0,water_now
Tomato,seedling,23.5,106,sandy,69.4,85.1,26.4,69.2,12.0,8.7,3.8,62.0,no_watering
Potato,seedling,30.2,83,loam,85.9,24.5,14.2,66.1,22.4,13.0,7.0,168.0,no_watering
Potato,flowering,17.0,58,loam,71.5,11.1,24.0,94.9,18.1,1.4,11.9,14.0,water_later
Pepper,fruiting,5.0,22,sandy,95.7,1.3,16.2,26.3,27.3,19.7,8.6,16.0,water_later
Pepper,seedling,10.0,48,sandy,82.3,14.5,22.5,73.8,4.2,2.8,9.4,38.0,water_later
Pepper,flowering,5.5,142,clay,61.3,27.5,17.9,61.4,31.5,11.2,8.9,17.0,water_later
Tomato,seedling,18.5,64,clay,44.4,64.7,28.2,44.3,69.3,24.8,9.3,168.0,no_watering
Pepper,vegetative,7.9,121,sandy,61.8,8.5,30.0,47.2,12.4,7.5,11.0,8.0,water_now
Tomato,vegetative,9.9,61,sandy,68.9,13.7,27.8,73.0,61.3,14.7,5.5,15.0,water_later
Pepper,seedling,9.7,114,loam,60.0,77.8,22.9,93.9,7.5,19.8,4.2,96.0,no_watering
Pepper,vegetative,10.5,93,sandy,38.1,12.9,32.6,43.6,17.7,18.5,10.3,8.0,water_now
Potato,fruiting,15.8,80,sandy,89.6,5.6,17.1,43.8,16.8,23.6,8.6,14.0,water_later
Potato,vegetative,15.3,26,clay,40.3,39.3,17.9,75.7,67.0,3.9,10.2,13.0,water_later
Potato,flowering,13.6,32,sandy,53.4,24.8,18.3,82.8,8.2,1.9,4.2,17.0,water_later
Pepper,fruiting,5.4,57,sandy,77.7,2.4,33.3,30.0,73.2,24.8,10.7,8.0,water_now
Potato,seedling,29.9,35,clay,37.7,114.9,23.4,73.6,80.7,9.4,8.9,27.0,water_later
Pepper,seedling,6.9,148,loam,67.4,44.9,28.7,69.4,89.6,3.8,2.8,168.0,no_watering
Tomato,seedling,21.3,143,clay,93.9,15.2,22.7,36.9,46.9,7.2,6.4,168.0,no_watering
Tomato,fruiting,12.8,62,sandy,62.4,14.4,33.4,43.9,57.9,19.4,3.3,23.0,water_later
Tomato,vegetative,11.7,96,loam,63.1,19.7,16.2,58.1,77.9,5.9,10.6,30.0,water_later
Potato,flowering,18.7,93,loam,77.6,20.0,13.5,70.0,50.0,16.2,5.4,62.0,no_watering
Pepper,fruiting,10.6,132,clay,60.3,18.1,22.9,78.0,2.3,9.3,7.9,16.0,water_later
Pepper,vegetative,10.9,11,sandy,52.5,14.2,30.2,40.8,42.0,23.4,7.3,13.0,water_later
Tomato,flowering,17.7,133,loam,49.2,18.3,33.0,54.1,61.2,0.6,6.2,11.0,water_now
Pepper,flowering,10.3,52,sandy,61.3,13.5,26.6,58.8,83.4,16.5,4.9,168.0,no_watering
Pepper,fruiting,15.1,138,loam,96.7,1.1,28.7,93.5,55.8,1.0,6.7,33.0,water_later
Tomato,flowering,12.2,64,clay,84.3,6.5,27.3,53.4,64.2,12.5,9.4,37.0,water_later
Pepper,flowering,10.8,40,loam,50.0,35.0,27.7,50.0,45.6,20.1,9.8,10.0,water_now
Tomato,vegetative,22.5,5,clay,42.9,37.2,30.6,83.8,38.1,21.3,7.5,168.0,no_watering
Potato,fruiting,15.5,123,sandy,61.5,18.8,23.2,85.8,47.3,4.5,4.8,26.0,water_later
Potato,vegetative,24.4,137,sandy,48.3,28.0,14.8,87.0,52.1,15.4,7.3,11.0,water_now
Potato,vegetative,25.0,89,clay,82.3,10.9,24.2,82.1,64.1,23.3,10.2,88.0,no_watering
Potato,flowering,27.4,56,loam,79.2,28.7,17.9,40.7,72.7,22.9,6.8,64.0,no_watering
Tomato,fruiting,9.5,104,sandy,73.7,8.7,25.2,79.2,38.5,17.0,8.3,12.0,water_now
Potato,seedling,17.4,38,loam,77.3,18.9,27.4,39.0,29.5,1.4,9.6,61.0,no_watering
Potato,flowering,22.5,27,loam,95.6,6.7,16.3,50.3,6.3,14.3,4.5,155.0,no_watering
Potato,seedling,12.3,12,loam,57.4,104.6,20.8,51.9,1.3,3.6,3.9,168.0,no_watering
Tomato,fruiting,22.8,65,loam,51.7,38.6,16.0,94.2,67.4,4.3,3.3,62.0,no_watering
Pepper,vegetative,8.0,24,loam,82.9,13.1,25.9,90.0,4.5,15.3,4.6,108.0,no_watering
Potato,vegetative,31.8,112,loam,59.9,76.3,19.0,66.1,42.5,6.2,4.8,37.0,water_later
Potato,vegetative,31.9,57,clay,61.6,92.2,14.5,63.2,78.4,19.9,3.5,168.0,no_watering
Pepper,fruiting,12.7,145,clay,97.2,2.5,31.6,61.9,82.2,7.0,4.7,62.0,no_watering
Tomato,flowering,17.1,131,clay,99.4,0.8,17.2,85.3,69.2,14.7,2.6,168.0,no_watering
Potato,flowering,20.8,81,sandy,70.3,16.7,22.7,68.9,17.2,16.7,6.8,12.0,water_now
Tomato,vegetative,9.8,100,sandy,95.3,1.5,33.9,85.1,57.5,21.4,7.8,14.0,water_later
Tomato,flowering,11.3,77,loam,59.1,12.5,30.6,92.0,78.6,17.1,9.5,16.0,water_later
Tomato,seedling,17.7,111,sandy,46.0,60.7,33.3,68.9,88.3,0.5,3.2,35.0,water_later
Potato,vegetative,32.0,142,clay,80.1,20.1,26.7,66.1,14.9,18.9,3.9,160.0,no_watering
Potato,vegetative,29.4,122,clay,58.3,37.4,19.7,79.7,43.5,21.3,8.2,60.0,no_watering
Potato,seedling,12.4,3,sandy,47.2,91.4,13.9,52.4,53.9,11.7,7.2,168.0,no_watering
Tomato,vegetative,23.4,4,clay,52.1,29.2,26.8,26.0,43.9,0.7,9.8,38.0,water_later
Pepper,fruiting,14.1,60,loam,67.0,36.6,29.9,90.3,18.4,22.2,3.3,106.0,no_watering
Potato,fruiting,25.7,114,loam,40.2,26.5,17.8,52.7,9.9,2.4,10.4,8.0,water_now
Pepper,fruiting,15.1,95,clay,42.3,23.5,27.0,65.9,53.6,22.5,8.2,14.0,water_later
Tomato,fruiting,21.9,29,loam,83.1,11.2,18.6,48.6,64.3,19.2,6.6,156.0,no_watering
Pepper,fruiting,7.8,119,sandy,47.3,10.9,20.8,82.7,21.4,0.1,10.3,7.0,water_now
Potato,seedling,30.3,94,clay,55.6,116.3,14.1,71.2,86.4,1.4,6.2,130.0,no_watering
Tomato,vegetative,13.3,140,loam,72.7,30.2,21.6,67.4,0.3,21.3,6.4,37.0,water_later
Potato,vegetative,28.0,106,loam,42.7,65.8,27.0,50.1,58.9,9.3,5.4,14.0,water_later
Tomato,vegetative,15.9,57,sandy,44.4,27.8,25.6,37.9,14.2,15.5,8.6,9.0,water_now
Potato,vegetative,25.1,106,sandy,77.0,7.7,15.0,26.1,87.0,7.2,10.9,13.0,water_later
Tomato,fruiting,13.6,94,sandy,72.0,4.1,32.6,54.3,60.3,16.0,11.0,7.0,water_now
Potato,flowering,22.3,58,clay,42.7,52.0,27.1,73.6,80.6,3.8,3.4,62.0,no_watering
Tomato,flowering,21.0,113,sandy,55.2,11.6,27.6,88.7,48.5,13.7,9.0,11.0,water_now
Pepper,fruiting,11.5,25,clay,46.7,21.6,24.1,41.7,47.2,1.9,7.9,16.0,water_later
Tomato,flowering,19.4,103,clay,41.0,69.6,25.1,73.8,17.5,13.2,9.7,10.0,water_now
Pepper,seedling,7.2,120,loam,61.3,44.9,15.8,69.5,30.6,13.9,11.1,47.0,water_later
Potato,vegetative,14.4,62,loam,36.5,58.0,25.0,83.4,87.1,17.8,5.1,11.0,water_now
Pepper,seedling,14.5,87,loam,48.5,66.4,15.1,90.2,52.4,8.8,11.4,38.0,water_later
Pepper,flowering,14.9,111,loam,44.9,26.3,32.5,66.3,51.6,21.9,3.7,84.0,no_watering
Pepper,flowering,6.8,70,sandy,71.7,12.6,15.2,73.0,71.9,22.1,5.4,38.0,water_later
Tomato,vegetative,8.1,141,clay,50.0,39.7,26.3,41.9,50.9,2.2,6.8,32.0,water_later
Pepper,seedling,13.6,112,loam,70.1,33.6,29.0,55.6,69.7,23.9,7.1,168.0,no_watering
Pepper,seedling,14.7,7,clay,98.7,1.9,28.7,55.0,72.4,14.7,11.7,168.0,no_watering
Potato,fruiting,30.9,129,sandy,85.7,11.6,12.5,57.9,58.6,16.9,3.1,168.0,no_watering
Tomato,flowering,22.6,114,sandy,71.3,7.9,32.5,36.5,66.1,13.2,5.3,12.0,water_now
Pepper,fruiting,8.6,120,loam,46.1,37.9,18.3,79.0,18.3,11.7,4.0,13.0,water_later
Potato,flowering,10.9,18,loam,66.2,28.2,24.7,86.3,8.0,2.5,3.1,97.0,no_watering
Potato,fruiting,10.9,92,sandy,44.0,22.7,14.4,93.3,40.0,22.6,8.6,32.0,water_later
Potato,fruiting,17.4,74,sandy,76.6,8.3,24.8,50.4,18.6,15.8,8.1,12.0,water_now
Tomato,vegetative,21.1,12,clay,84.0,10.4,25.5,90.7,2.6,12.9,10.0,89.0,no_watering
Pepper,vegetative,13.5,78,sandy,46.5,39.9,17.4,45.3,45.9,5.5,4.8,12.0,water_now
Tomato,flowering,12.9,64,loam,98.1,0.5,31.9,80.0,11.9,21.9,11.9,17.0,water_later
Pepper,flowering,9.5,75,sandy,95.4,1.0,35.8,31.1,27.6,7.6,11.6,8.0,water_now
Tomato,flowering,12.6,5,sandy,73.1,10.4,32.3,78.1,63.2,4.8,3.9,86.0,no_watering
Tomato,vegetative,12.1,62,loam,77.0,20.1,26.3,91.9,54.0,2.5,4.0,83.0,no_watering
Potato,seedling,29.5,148,loam,56.1,151.3,15.2,90.7,47.8,12.9,5.3,168.0,no_watering
Potato,vegetative,26.6,31,sandy,47.7,47.3,19.8,69.8,0.4,15.0,3.5,30.0,water_later
Potato,fruiting,13.9,95,loam,43.9,61.8,12.2,84.1,15.3,1.1,8.2,11.0,water_now
Pepper,vegetative,7.3,71,loam,56.6,34.6,25.8,87.8,30.9,20.9,6.2,16.0,water_later
Pepper,vegetative,8.5,112,sandy,62.6,33.8,22.6,48.8,65.3,8.4,3.4,37.0,water_later
Potato,flowering,10.2,118,sandy,40.4,23.9,27.3,65.5,43.4,1.6,3.6,11.0,water_now
Potato,seedling,15.8,55,sandy,62.8,55.2,13.1,78.2,38.7,18.6,6.1,86.0,no_watering
Potato,seedling,26.0,144,sandy,50.7,65.9,28.8,71.7,16.8,21.6,5.2,15.0,water_later
Pepper,fruiting,7.2,106,loam,81.4,12.9,23.7,80.6,7.7,21.0,2.0,108.0,no_watering
Tomato,flowering,17.1,132,sandy,50.3,16.1,33.1,47.3,45.2,10.3,7.0,9.0,water_now
Potato,seedling,18.2,49,clay,48.0,74.3,21.3,38.1,46.6,12.1,8.7,168.0,no_watering
Pepper,flowering,12.9,27,sandy,97.6,0.7,33.0,46.6,28.9,0.5,4.2,37.0,water_later
Potato,flowering,31.0,34,clay,67.5,18.4,19.7,60.9,11.3,20.3,9.1,40.0,water_later
Pepper,seedling,15.7,68,clay,54.2,142.8,21.2,61.1,46.4,3.8,4.1,168.0,no_watering
Potato,fruiting,23.2,126,sandy,46.5,22.8,26.8,46.7,60.6,2.8,5.8,10.0,water_now
Pepper,vegetative,7.7,126,clay,81.9,12.0,30.6,64.1,80.8,19.2,7.6,168.0,no_watering
Potato,vegetative,25.9,92,sandy,91.3,3.6,18.8,38.8,16.3,10.1,9.8,14.0,water_later
Tomato,fruiting,20.8,6,clay,82.0,10.0,23.3,65.6,9.2,11.4,8.1,89.0,no_watering
Pepper,vegetative,10.9,76,loam,75.4,24.2,26.2,34.2,13.1,1.9,11.2,13.0,water_later
Tomato,seedling,11.5,24,sandy,39.7,66.1,33.1,65.1,11.2,1.3,2.8,35.0,water_later
Tomato,flowering,22.3,85,loam,89.9,4.6,25.5,36.6,73.0,15.1,8.9,17.0,water_later
Potato,flowering,23.6,117,loam,51.9,38.4,23.8,73.7,70.0,20.9,6.0,37.0,water_later
Tomato,flowering,22.2,77,clay,50.3,39.7,21.4,82.5,16.3,8.3,7.2,16.0,water_later
Tomato,fruiting,18.6,47,clay,98.6,0.4,32.6,74.2,82.4,8.1,10.8,37.0,water_later
Potato,fruiting,19.1,130,sandy,88.9,7.7,22.3,74.2,13.9,12.1,7.4,15.0,water_later
Pepper,seedling,13.2,39,clay,95.5,15.2,33.1,33.8,10.0,21.0,4.7,168.0,no_watering
Pepper,flowering,7.6,42,clay,70.7,37.1,29.4,86.8,57.3,7.0,4.0,168.0,no_watering
Pepper,vegetative,8.5,107,loam,50.1,47.4,34.8,56.1,6.1,14.7,2.2,58.0,no_watering
Potato,seedling,18.5,25,clay,65.8,77.8,22.7,36.3,16.2,16.1,5.4,168.0,no_watering
Pepper,vegetative,6.5,82,clay,53.1,34.0,34.3,60.0,80.5,8.1,3.6,168.0,no_watering
Tomato,fruiting,10.7,90,clay,45.7,32.9,29.7,27.7,37.2,16.1,2.6,132.0,no_watering
Pepper,vegetative,10.9,14,sandy,89.7,3.4,25.5,27.6,47.7,13.6,9.3,31.0,water_later
Potato,vegetative,13.3,14,loam,44.3,55.8,19.8,73.9,29.8,7.7,5.6,34.0,water_later
Potato,fruiting,20.2,15,sandy,67.9,16.9,13.0,83.1,8.3,23.5,6.9,37.0,water_later
Tomato,seedling,9.7,97,clay,50.2,87.8,17.1,80.2,32.6,3.6,10.1,82.0,no_watering
Tomato,flowering,15.9,84,clay,37.0,40.8,27.5,44.1,16.0,2.2,4.9,11.0,water_now
Pepper,vegetative,5.7,98,sandy,77.6,16.2,20.9,46.0,22.3,1.6,3.3,37.0,water_later
Tomato,vegetative,17.0,105,clay,72.6,23.3,29.6,82.7,74.4,20.0,5.3,168.0,no_watering
Potato,fruiting,10.2,83,clay,74.5,13.5,27.1,62.0,42.9,22.9,8.0,40.0,water_later
Pepper,seedling,11.7,79,sandy,83.2,9.0,31.6,88.4,40.1,12.4,11.3,16.0,water_later
Pepper,seedling,5.9,125,clay,73.5,40.9,21.2,80.4,56.2,18.6,6.0,168.0,no_watering
Pepper,seedling,10.3,141,loam,95.1,10.2,16.7,81.0,22.1,19.0,3.8,168.0,no_watering
Tomato,seedling,20.2,28,loam,82.5,26.5,31.1,79.4,7.4,2.5,6.9,129.0,no_watering
Potato,vegetative,26.0,57,loam,61.6,29.3,17.3,91.1,83.9,7.5,6.8,132.0,no_watering
Potato,fruiting,18.3,146,loam,63.6,22.8,25.7,49.1,88.4,7.7,10.2,11.0,water_now
Tomato,seedling,8.4,43,sandy,98.5,1.7,27.8,66.2,77.4,5.2,2.4,168.0,no_watering
Tomato,vegetative,13.2,146,clay,35.8,110.9,24.9,60.9,52.0,5.2,3.3,34.0,water_later
Potato,seedling,25.0,66,sandy,51.5,41.4,17.7,79.3,80.9,4.6,10.1,13.0,water_later
Pepper,fruiting,5.6,123,sandy,86.2,3.4,22.0,86.5,65.2,24.3,7.5,12.0,water_now
Pepper,seedling,14.3,2,sandy,97.8,4.0,15.4,67.2,54.2,14.3,3.8,168.0,no_watering
Potato,vegetative,29.1,86,loam,41.8,67.9,18.2,58.0,84.5,8.9,4.8,61.0,no_watering
Pepper,fruiting,5.1,34,clay,41.1,31.2,26.4,92.2,37.1,5.9,8.6,11.0,water_now
Pepper,flowering,7.7,38,loam,40.4,24.8,18.8,49.6,34.2,8.6,8.1,10.0,water_now
Pepper,flowering,13.9,86,clay,59.3,31.8,19.2,33.0,12.8,17.1,4.7,40.0,water_later
Potato,fruiting,20.5,49,sandy,77.6,11.9,21.0,38.8,33.8,15.6,5.6,37.0,water_later
Pepper,seedling,12.0,81,sandy,71.3,39.3,20.3,50.6,5.6,10.6,4.5,61.0,no_watering
Pepper,seedling,6.6,74,loam,52.7,57.9,17.5,29.8,63.3,14.2,11.9,35.0,water_later
Potato,seedling,19.8,1,sandy,61.1,40.7,27.2,37.4,38.3,18.6,4.2,168.0,no_watering
Tomato,vegetative,13.8,139,loam,81.7,6.9,30.5,89.1,13.5,7.1,10.6,16.0,water_later
Tomato,vegetative,21.2,34,clay,66.8,42.6,28.8,92.5,81.7,10.1,2.7,168.0,no_watering
Potato,fruiting,23.9,56,loam,45.8,61.5,17.1,39.5,1.6,0.6,2.9,36.0,water_later
Potato,vegetative,25.0,107,sandy,94.3,3.9,18.7,37.7,65.8,19.4,3.2,168.0,no_watering
Pepper,seedling,10.4,1,clay,81.3,50.6,26.2,47.4,72.5,4.6,6.4,168.0,no_watering
Pepper,fruiting,13.0,38,loam,85.8,4.2,29.3,83.4,53.7,19.3,8.7,62.0,no_watering
Pepper,seedling,8.3,123,loam,70.8,48.3,26.1,63.6,85.9,17.0,5.1,168.0,no_watering
Potato,vegetative,21.1,139,loam,99.4,0.3,26.4,64.7,3.1,20.4,5.8,60.0,no_watering
Potato,seedling,31.1,115,clay,45.6,53.8,27.2,53.6,7.9,10.6,11.6,16.0,water_later
Tomato,fruiting,12.3,28,sandy,42.5,32.1,26.1,89.3,50.3,17.2,9.0,8.0,water_now
Tomato,vegetative,10.6,13,loam,97.7,1.2,16.2,54.8,38.4,19.1,10.4,168.0,no_watering
Potato,seedling,31.1,112,sandy,73.8,24.2,25.0,34.3,11.0,23.2,6.1,36.0,water_later
Pepper,vegetative,16.0,125,loam,81.6,16.0,18.8,60.9,77.3,3.6,10.7,33.0,water_later
Tomato,fruiting,23.6,2,loam,96.6,2.1,27.7,92.2,43.5,14.1,2.5,168.0,no_watering
Potato,flowering,11.4,55,clay,68.9,18.7,25.2,43.7,84.0,3.6,7.6,37.0,water_later
Potato,fruiting,19.1,15,clay,80.3,27.0,22.2,32.7,24.1,22.3,7.2,168.0,no_watering
Tomato,vegetative,10.7,54,clay,40.1,58.4,19.9,87.1,36.8,9.9,6.5,168.0,no_watering
Tomato,seedling,14.3,39,loam,91.9,15.1,23.4,56.7,67.0,8.9,4.2,168.0,no_watering
Potato,vegetative,29.4,84,sandy,89.2,4.0,26.5,43.2,30.1,7.8,6.7,15.0,water_later
Potato,fruiting,32.0,140,loam,70.5,23.2,12.7,29.5,89.3,17.3,7.6,159.0,no_watering
Pepper,fruiting,9.8,32,loam,92.1,3.1,23.9,30.2,16.1,17.4,6.2,59.0,no_watering
Tomato,fruiting,22.8,135,sandy,63.9,38.5,17.2,71.9,4.6,20.5,3.2,18.0,water_later
Potato,vegetative,11.1,93,sandy,74.2,22.7,18.8,30.3,41.4,2.5,4.2,33.0,water_later
Pepper,vegetative,11.2,118,clay,38.0,50.6,30.7,73.4,26.9,6.0,4.5,12.0,water_now
Tomato,flowering,8.6,81,sandy,86.4,5.5,29.8,65.3,6.5,13.9,3.0,34.0,water_later
Pepper,fruiting,12.5,38,sandy,88.0,3.1,28.5,35.5,84.6,16.6,4.8,168.0,no_watering
Pepper,flowering,11.2,112,sandy,92.3,4.2,22.2,84.6,71.5,16.7,3.1,168.0,no_watering
Tomato,fruiting,16.1,74,sandy,96.6,1.5,20.0,37.6,51.0,22.3,8.7,20.0,water_later
Potato,fruiting,17.0,67,loam,92.9,3.7,23.6,91.8,62.4,14.5,8.6,35.0,water_later
Tomato,vegetative,22.3,39,loam,46.2,23.9,24.9,55.6,14.0,3.9,10.6,11.0,water_now
Tomato,fruiting,23.6,64,clay,83.3,6.9,18.9,94.8,43.4,9.1,11.5,33.0,water_later
Tomato,seedling,20.0,66,clay,56.8,168.0,17.7,89.0,62.4,1.5,4.3,168.0,no_watering
Pepper,flowering,9.5,28,clay,80.5,17.5,32.8,68.9,6.1,12.0,2.1,168.0,no_watering
Pepper,flowering,14.4,31,clay,83.2,6.4,32.7,88.4,24.8,11.2,8.5,57.0,no_watering
Potato,vegetative,12.7,9,sandy,56.1,36.4,16.6,48.3,38.6,19.8,8.9,15.0,water_later
Pepper,fruiting,14.4,86,clay,62.9,18.0,23.9,26.2,64.8,19.9,5.9,168.0,no_watering
Potato,fruiting,15.3,119,sandy,93.9,2.1,12.9,37.0,3.2,8.8,9.8,14.0,water_later
Tomato,fruiting,21.1,130,clay,38.3,103.7,27.4,73.4,22.7,21.5,2.1,14.0,water_later
Pepper,fruiting,12.9,40,sandy,61.3,8.5,15.4,86.3,14.4,13.2,12.0,9.0,water_now
Potato,fruiting,19.0,103,loam,47.5,51.6,20.8,25.3,45.4,11.5,4.0,14.0,water_later
Pepper,fruiting,12.3,73,sandy,79.4,14.5,26.3,93.4,32.5,8.4,4.0,36.0,water_later
Pepper,flowering,10.8,61,clay,86.7,5.8,27.9,40.2,11.2,17.7,7.5,39.0,water_later
Potato,flowering,17.1,148,sandy,77.8,13.8,15.9,29.0,16.6,23.6,4.7,32.0,water_later
Potato,seedling,27.3,89,clay,67.2,48.8,20.7,89.9,42.9,16.9,11.9,85.0,no_watering
Potato,fruiting,26.9,32,sandy,35.1,28.0,19.3,50.5,50.6,5.9,9.7,7.0,water_now
Potato,flowering,12.9,79,loam,91.1,4.9,20.5,28.7,70.3,0.8,11.2,15.0,water_later
Potato,fruiting,15.3,68,clay,97.8,2.9,24.4,89.6,71.9,7.9,5.9,168.0,no_watering
Tomato,vegetative,16.3,2,clay,67.6,33.5,15.2,31.7,54.2,20.6,8.0,168.0,no_watering
Pepper,seedling,15.6,69,sandy,46.2,57.1,26.7,36.0,31.4,24.9,4.8,15.0,water_later
Tomato,flowering,9.5,147,clay,58.4,16.5,31.8,36.1,55.5,11.0,7.1,18.0,water_later
Tomato,fruiting,18.1,60,clay,98.8,1.2,26.6,81.0,81.7,15.9,3.3,168.0,no_watering
Tomato,vegetative,17.0,87,clay,83.1,30.4,28.7,60.0,86.5,22.5,5.2,168.0,no_watering
Tomato,flowering,8.3,47,sandy,74.7,8.4,30.8,59.8,21.1,16.0,5.8,14.0,water_later
Tomato,seedling,8.5,34,sandy,82.1,16.6,15.6,37.2,4.2,2.5,8.0,59.0,no_watering
Pepper,seedling,9.3,92,sandy,67.3,42.6,19.6,44.7,36.5,23.4,10.1,16.0,water_later
Potato,seedling,16.9,37,loam,75.4,83.0,23.8,39.8,72.3,18.4,2.4,168.0,no_watering
Pepper,vegetative,14.0,62,sandy,41.8,57.6,29.5,75.8,64.5,23.3,3.3,61.0,no_watering
Tomato,flowering,12.1,35,clay,76.9,15.7,33.2,34.0,56.3,19.2,4.3,168.0,no_watering
Tomato,flowering,13.2,106,loam,63.2,12.6,25.7,82.4,78.8,5.2,10.4,11.0,water_now
Tomato,vegetative,15.3,115,loam,66.5,20.8,23.7,86.1,87.3,23.2,10.6,42.0,water_later
Potato,fruiting,31.8,131,clay,94.8,4.7,26.9,49.8,28.6,7.1,9.3,41.0,water_later
Potato,seedling,20.0,83,sandy,73.3,37.5,19.3,36.6,47.8,23.3,5.0,168.0,no_watering
Pepper,fruiting,5.8,142,clay,51.3,18.7,33.1,71.0,84.0,23.3,5.2,168.0,no_watering
Pepper,seedling,14.7,145,loam,83.3,49.1,24.6,32.8,31.1,23.2,4.1,168.0,no_watering
Tomato,vegetative,8.8,144,sandy,60.2,14.9,29.6,71.2,47.5,13.0,6.0,14.0,water_later
Tomato,fruiting,16.3,37,clay,57.5,44.9,24.2,53.7,19.4,15.3,9.2,17.0,water_later
Potato,seedling,24.4,63,sandy,56.7,76.2,20.7,89.9,24.3,17.2,6.2,83.0,no_watering
Tomato,fruiting,16.0,24,sandy,38.1,11.7,33.0,91.1,41.3,5.6,8.6,7.0,water_now
Tomato,flowering,11.6,149,sandy,75.6,8.2,23.7,56.3,63.7,20.5,11.2,14.0,water_later
Potato,flowering,21.8,10,clay,74.0,14.3,24.1,59.1,33.7,22.8,10.6,168.0,no_watering
Pepper,seedling,10.8,71,loam,79.4,44.7,24.1,61.3,48.6,5.7,2.5,168.0,no_watering
Pepper,seedling,15.8,110,sandy,41.6,46.1,30.8,67.4,69.4,13.2,11.3,11.0,water_now
Tomato,flowering,23.5,86,clay,45.0,19.1,30.9,36.8,88.8,21.9,9.7,13.0,water_later
Pepper,vegetative,5.1,80,clay,66.7,33.0,29.1,73.8,49.5,6.1,9.5,18.0,water_later
Pepper,flowering,15.6,59,clay,61.8,31.2,20.7,26.4,14.1,23.1,4.0,87.0,no_watering
Potato,vegetative,22.6,32,sandy,40.5,36.3,15.3,87.9,54.5,24.0,6.0,11.0,water_now
Potato,vegetative,21.5,148,sandy,56.5,21.8,25.2,93.1,14.6,7.5,6.3,12.0,water_now
Potato,flowering,12.4,56,sandy,69.9,10.6,19.9,48.3,21.1,3.5,6.5,13.0,water_later
Tomato,flowering,10.0,66,clay,87.4,13.1,16.9,73.7,59.1,12.2,4.7,168.0,no_watering
Pepper,flowering,13.6,148,clay,75.3,36.3,23.1,94.8,19.5,21.1,2.6,168.0,no_watering
Potato,vegetative,28.5,132,sandy,46.9,53.1,28.8,26.7,1.4,24.7,3.5,12.0,water_now
Pepper,fruiting,12.1,79,loam,58.3,15.7,28.3,45.8,84.4,7.1,6.1,13.0,water_later
Potato,fruiting,16.3,58,clay,69.4,24.2,16.1,49.1,69.2,9.7,11.1,32.0,water_later
Tomato,flowering,22.2,13,sandy,50.3,17.2,20.1,57.2,39.6,8.6,7.5,13.0,water_later
Pepper,vegetative,5.7,41,sandy,65.3,12.9,28.6,45.5,77.3,21.2,5.3,15.0,water_later
Pepper,seedling,7.3,62,clay,72.6,52.3,20.3,83.4,51.1,3.2,4.2,168.0,no_watering
Tomato,fruiting,18.1,50,sandy,78.4,13.3,31.8,94.4,65.1,19.5,2.4,168.0,no_watering
Pepper,flowering,12.5,101,loam,55.0,54.3,32.7,43.4,58.2,18.3,3.2,15.0,water_later
Potato,flowering,23.2,104,loam,70.7,24.5,24.9,84.7,53.6,11.1,2.7,158.0,no_watering
Tomato,fruiting,12.3,38,clay,92.2,5.3,30.0,56.3,17.7,11.6,5.3,81.0,no_watering
Pepper,vegetative,14.5,110,clay,71.8,32.2,30.6,75.2,80.3,13.8,2.2,168.0,no_watering
Pepper,flowering,14.7,129,clay,54.4,19.7,18.5,60.0,61.5,5.9,11.8,14.0,water_later
Potato,flowering,12.4,1,clay,68.2,22.8,22.3,44.7,32.3,24.6,6.4,168.0,no_watering
Tomato,fruiting,10.9,100,sandy,58.1,15.1,26.7,37.6,7.5,6.9,2.9,13.0,water_later
Potato,fruiting,12.2,132,clay,55.9,47.5,22.8,55.3,67.6,6.7,2.8,168.0,no_watering
Potato,flowering,10.4,31,clay,70.9,16.8,26.9,72.6,53.7,15.9,6.0,167.0,no_watering
Pepper,flowering,6.1,55,clay,95.3,2.1,27.1,90.7,61.2,20.4,8.4,168.0,no_watering
Pepper,seedling,15.8,128,sandy,76.4,25.5,20.9,51.6,39.7,11.4,6.5,61.0,no_watering
Potato,seedling,17.9,1,sandy,72.0,70.2,19.7,62.5,72.9,19.9,6.4,168.0,no_watering
Potato,seedling,23.5,47,sandy,72.6,37.0,12.3,86.4,63.2,5.8,7.1,168.0,no_watering
Pepper,fruiting,15.0,133,sandy,83.3,13.5,34.1,89.7,84.7,19.9,2.1,168.0,no_watering
Pepper,flowering,6.1,85,clay,75.3,21.8,23.9,32.8,45.6,18.9,5.8,168.0,no_watering
Pepper,flowering,6.0,20,loam,79.7,6.5,27.3,83.5,87.9,14.6,8.9,168.0,no_watering
Tomato,flowering,15.7,122,clay,93.5,5.8,32.4,66.4,21.4,9.8,3.0,114.0,no_watering
Potato,vegetative,29.2,107,clay,45.0,43.7,22.0,29.8,68.0,21.3,6.3,168.0,no_watering
Pepper,seedling,15.7,83,clay,96.9,5.7,23.0,53.4,1.1,10.9,6.7,168.0,no_watering
Pepper,vegetative,6.4,116,sandy,74.0,20.0,29.4,48.1,19.7,19.1,3.9,26.0,water_later
Tomato,flowering,21.7,122,clay,96.6,1.4,28.8,93.6,51.8,13.4,10.4,39.0,water_later
Tomato,seedling,18.6,55,clay,94.1,19.9,24.6,74.7,54.8,14.9,4.1,168.0,no_watering
Potato,seedling,14.6,101,loam,72.0,81.9,14.2,71.8,52.5,0.6,3.7,168.0,no_watering
Pepper,vegetative,9.6,143,sandy,35.6,25.9,21.5,40.6,53.3,19.2,7.2,8.0,water_now
Tomato,fruiting,15.7,61,loam,39.0,15.4,29.9,86.8,37.7,1.4,9.6,8.0,water_now
Pepper,vegetative,10.7,59,sandy,62.0,18.9,29.7,37.4,62.3,8.9,3.7,86.0,no_watering
Pepper,seedling,14.0,6,clay,60.3,75.5,24.3,56.8,17.3,10.3,6.3,168.0,no_watering
Tomato,flowering,12.4,140,sandy,87.0,9.8,22.3,59.4,88.8,15.6,7.8,14.0,water_later
Tomato,fruiting,10.1,83,clay,61.5,23.6,23.5,91.4,51.2,14.0,8.2,16.0,water_later
Potato,seedling,31.0,60,sandy,67.9,48.6,27.3,34.9,48.9,22.1,2.7,168.0,no_watering
Pepper,flowering,10.6,16,loam,62.6,26.5,23.0,26.4,87.9,16.5,3.7,168.0,no_watering
Tomato,vegetative,14.3,138,loam,94.0,13.3,16.5,59.5,20.7,19.8,6.3,84.0,no_watering
Potato,flowering,31.1,55,sandy,70.0,18.1,25.1,57.1,77.7,21.7,9.3,14.0,water_later
Potato,seedling,16.2,27,loam,96.6,3.9,26.1,47.3,62.6,10.9,10.9,168.0,no_watering
Potato,seedling,17.2,8,clay,84.0,71.7,28.0,50.2,87.8,20.6,2.1,168.0,no_watering
Pepper,flowering,12.0,113,clay,95.0,2.0,24.7,90.0,62.4,6.3,11.8,32.0,water_later
Tomato,flowering,14.4,34,loam,54.4,22.6,18.9,80.9,58.8,20.3,8.3,16.0,water_later
Potato,flowering,28.7,73,sandy,91.7,3.7,17.8,70.6,88.8,14.2,6.0,62.0,no_watering
Tomato,seedling,18.6,145,loam,72.7,30.4,22.8,44.2,57.5,23.2,9.0,168.0,no_watering
Pepper,seedling,7.1,104,clay,44.5,95.1,35.3,84.4,33.7,1.7,10.9,13.0,water_later
Potato,vegetative,12.1,60,clay,62.7,31.0,16.3,45.1,32.0,3.7,7.2,41.0,water_later
Pepper,vegetative,5.4,100,loam,95.7,4.6,23.0,65.2,8.5,13.6,4.7,72.0,no_watering
Potato,flowering,20.2,126,sandy,60.8,9.5,25.1,49.2,2.2,2.7,11.2,8.0,water_now
Pepper,vegetative,13.3,100,clay,43.1,51.2,15.8,25.5,38.5,23.3,9.2,103.0,no_watering
Pepper,seedling,12.9,114,loam,73.2,33.7,33.0,67.1,79.2,1.6,8.0,42.0,water_later
Potato,flowering,12.1,68,sandy,38.1,23.1,20.7,68.9,46.4,2.3,6.2,9.0,water_now
Pepper,seedling,8.2,147,loam,96.8,5.3,35.2,62.7,40.1,16.4,7.5,168.0,no_watering
Pepper,seedling,9.9,95,clay,54.5,49.8,29.1,38.9,64.5,13.3,9.5,168.0,no_watering
Pepper,seedling,8.5,68,clay,75.0,51.6,33.3,56.9,65.9,21.3,2.7,168.0,no_watering
Pepper,fruiting,7.2,131,sandy,70.7,19.8,19.1,50.8,4.5,23.5,2.1,34.0,water_later
Potato,vegetative,17.3,68,sandy,45.9,16.1,25.2,91.4,58.6,4.7,10.7,7.0,water_now
Pepper,fruiting,13.7,76,sandy,89.3,3.4,31.4,44.3,63.7,6.8,10.2,9.0,water_now
Tomato,seedling,18.6,3,clay,68.1,42.3,26.9,84.6,66.4,15.3,11.5,168.0,no_watering
Pepper,vegetative,10.5,148,clay,97.6,1.5,28.1,65.3,13.7,7.4,7.3,70.0,no_watering
Pepper,seedling,9.2,147,clay,65.4,53.6,29.7,84.4,77.8,14.3,6.9,168.0,no_watering
Tomato,vegetative,19.6,15,sandy,72.6,21.8,32.7,61.8,33.0,16.1,7.6,17.0,water_later
Potato,fruiting,23.1,7,sandy,67.9,44.1,15.5,49.7,54.0,22.7,2.8,168.0,no_watering
Tomato,fruiting,20.2,142,loam,62.4,17.4,26.2,47.1,40.4,17.5,4.3,19.0,water_later
Tomato,flowering,23.2,127,clay,50.0,73.8,23.7,77.8,42.9,21.7,7.9,93.0,no_watering
Potato,seedling,20.3,139,clay,78.8,56.4,20.8,36.7,27.8,23.2,11.4,168.0,no_watering
Potato,flowering,20.3,57,clay,44.1,64.1,18.6,71.1,25.5,7.1,4.4,39.0,water_later
Tomato,vegetative,13.6,85,clay,49.9,47.2,17.8,70.5,49.8,24.7,7.3,168.0,no_watering
Pepper,vegetative,15.1,100,loam,88.3,6.1,18.0,94.0,13.2,7.5,11.3,30.0,water_later
Pepper,fruiting,11.9,123,loam,55.6,12.5,34.2,55.3,85.1,17.2,5.6,14.0,water_later
Pepper,vegetative,14.8,113,loam,54.6,30.3,21.3,45.7,14.3,1.0,8.5,13.0,water_later
Pepper,seedling,15.5,147,clay,41.7,74.1,34.0,42.4,71.1,13.4,9.3,38.0,water_later
Potato,fruiting,24.1,116,clay,57.3,79.5,17.4,70.4,56.4,23.6,5.0,168.0,no_watering
Tomato,seedling,12.7,4,loam,56.7,56.9,21.6,73.7,15.6,22.6,9.5,149.0,no_watering
Pepper,seedling,14.4,149,sandy,46.6,107.3,16.6,88.2,47.3,0.1,4.9,34.0,water_later
Pepper,vegetative,15.5,112,loam,63.5,40.3,17.2,81.0,73.8,1.2,7.2,33.0,water_later
Potato,vegetative,22.2,50,loam,99.4,0.3,27.6,90.9,16.9,12.7,11.4,32.0,water_later
Pepper,flowering,8.1,141,loam,46.1,19.3,18.3,62.9,57.4,17.2,10.5,12.0,water_now
Potato,seedling,20.3,89,clay,43.8,126.0,20.4,50.7,27.9,8.6,5.5,58.0,no_watering
Tomato,vegetative,23.2,37,sandy,41.8,50.5,20.6,87.9,28.6,23.2,2.8,19.0,water_later
Pepper,fruiting,7.2,97,sandy,63.0,9.0,20.5,71.6,4.0,2.4,8.0,9.0,water_now
Pepper,vegetative,7.7,41,loam,99.0,0.6,27.8,41.4,18.5,7.0,8.4,42.0,water_later
Potato,fruiting,24.4,119,clay,43.2,132.0,21.3,85.7,14.8,8.4,5.8,16.0,water_later
Potato,flowering,26.0,98,loam,49.2,24.0,23.0,50.1,70.7,17.4,10.6,9.0,water_now
Pepper,fruiting,11.3,120,clay,73.0,15.8,19.4,31.7,15.1,14.7,7.8,37.0,water_later
Pepper,seedling,11.6,40,loam,40.0,138.6,16.3,32.5,13.1,15.4,3.4,168.0,no_watering
Tomato,seedling,15.2,85,sandy,60.4,44.6,17.6,81.8,11.0,21.2,8.6,21.0,water_later
Tomato,fruiting,9.4,91,clay,39.8,74.5,16.1,54.1,9.6,21.3,4.1,13.0,water_later
Tomato,vegetative,20.0,58,sandy,90.2,7.1,27.9,79.6,34.2,17.9,3.1,168.0,no_watering
Pepper,seedling,9.0,35,clay,41.6,136.8,34.8,41.3,74.6,9.1,2.3,168.0,no_watering
Potato,vegetative,29.2,75,sandy,92.4,5.3,13.3,81.9,59.9,10.3,6.4,36.0,water_later
Pepper,seedling,7.8,126,sandy,86.5,9.3,35.4,41.8,45.1,3.9,6.1,38.0,water_later
Tomato,seedling,23.6,59,clay,39.0,150.9,25.5,25.6,34.7,8.5,10.0,23.0,water_later
Potato,seedling,28.5,133,loam,97.2,10.7,18.2,86.6,89.1,17.0,4.5,168.0,no_watering
Tomato,flowering,10.5,146,sandy,58.4,10.9,33.5,50.4,77.6,12.1,5.2,11.0,water_now
Pepper,flowering,14.2,147,sandy,49.9,34.2,31.9,61.7,66.1,7.2,2.8,12.0,water_now
Potato,vegetative,20.7,119,clay,62.5,41.6,25.1,53.1,42.8,7.9,10.5,21.0,water_later
Pepper,fruiting,14.3,130,loam,75.0,14.4,15.1,60.3,0.8,15.1,7.5,17.0,water_later
Tomato,vegetative,9.5,41,clay,69.7,56.0,20.3,65.1,70.3,24.6,8.5,168.0,no_watering
Pepper,fruiting,7.5,89,clay,42.4,18.8,35.0,93.1,47.6,24.7,6.9,10.0,water_now
Tomato,vegetative,22.2,135,loam,86.3,9.5,17.1,55.6,30.0,16.9,9.2,35.0,water_later
Pepper,seedling,8.3,51,sandy,47.0,61.6,24.6,70.4,46.1,22.5,3.0,38.0,water_later
Pepper,flowering,11.3,115,loam,83.6,8.2,31.2,61.9,86.9,21.3,11.1,12.0,water_now
Pepper,vegetative,11.5,3,sandy,54.5,20.4,29.3,90.4,69.5,5.1,5.2,37.0,water_later
Pepper,vegetative,15.7,66,clay,82.0,17.2,32.4,51.8,16.3,5.0,7.6,40.0,water_later
Pepper,fruiting,13.5,21,clay,54.3,23.1,29.5,48.1,11.6,24.7,6.2,58.0,no_watering
Tomato,fruiting,20.0,124,clay,91.4,7.8,21.4,27.7,36.6,21.2,2.1,168.0,no_watering
Potato,flowering,11.4,147,loam,42.5,26.8,19.1,93.3,59.6,15.5,8.5,13.0,water_later
Tomato,seedling,17.0,76,clay,77.8,90.7,19.7,77.1,21.7,12.1,2.5,168.0,no_watering
Potato,seedling,16.6,88,clay,42.9,120.0,15.2,75.0,21.4,10.4,11.2,36.0,water_later
Pepper,fruiting,11.7,147,sandy,76.7,8.8,29.7,67.0,47.6,5.5,5.1,12.0,water_now
Tomato,flowering,21.8,23,clay,54.0,37.9,24.7,81.0,64.3,2.7,11.1,30.0,water_later
Potato,vegetative,11.2,83,clay,50.5,93.8,16.8,40.3,42.1,5.3,7.0,36.0,water_later
Potato,flowering,12.7,74,loam,65.0,18.4,19.5,78.4,30.9,9.6,10.4,12.0,water_now
Potato,flowering,20.4,60,loam,62.0,17.3,16.6,39.8,6.1,8.4,9.9,14.0,water_later
Pepper,seedling,14.1,131,clay,72.5,34.4,25.3,74.5,66.7,15.4,11.1,168.0,no_watering
Pepper,seedling,8.3,136,clay,71.9,59.4,20.0,40.6,58.6,19.7,5.7,168.0,no_watering
Pepper,fruiting,6.4,112,loam,48.8,23.4,26.2,48.1,62.9,1.1,4.5,12.0,water_now
Tomato,fruiting,19.9,37,sandy,60.1,8.2,32.9,44.6,65.4,24.1,5.8,37.0,water_later
Potato,fruiting,30.6,143,clay,63.6,44.8,25.7,92.1,10.8,6.2,7.7,37.0,water_later
Tomato,fruiting,8.6,68,clay,57.5,13.5,25.2,46.0,86.1,5.4,10.1,13.0,water_later
Potato,flowering,26.7,7,clay,61.1,24.8,19.8,34.7,28.9,8.6,10.9,39.0,water_later
Potato,seedling,24.2,114,loam,57.6,77.9,15.7,36.4,77.1,20.7,5.3,168.0,no_watering
Pepper,fruiting,14.8,92,loam,54.7,29.4,21.4,37.5,15.4,5.5,2.4,35.0,water_later
Tomato,vegetative,23.2,72,sandy,77.1,13.8,20.1,35.2,48.5,12.6,4.6,58.0,no_watering
Tomato,fruiting,16.9,88,sandy,95.6,2.0,23.3,79.0,50.1,17.5,3.1,37.0,water_later
Tomato,flowering,18.5,149,clay,97.9,4.4,25.9,64.1,24.4,16.8,3.0,168.0,no_watering
Potato,vegetative,19.3,91,clay,56.6,97.0,12.3,84.0,56.8,9.2,6.9,84.0,no_watering
Tomato,seedling,12.5,16,clay,89.4,17.9,22.4,82.1,71.0,11.1,8.1,168.0,no_watering
Pepper,fruiting,8.4,23,sandy,48.6,14.7,29.5,28.6,70.6,20.5,3.3,13.0,water_later
Potato,flowering,27.6,73,loam,45.2,26.0,19.6,92.8,12.7,8.4,9.1,12.0,water_now
Pepper,flowering,5.6,112,clay,84.4,17.8,21.4,52.6,30.6,15.2,2.5,168.0,no_watering
Tomato,seedling,14.2,66,loam,95.6,5.4,26.0,37.1,7.5,12.1,6.6,108.0,no_watering
Tomato,seedling,21.5,46,clay,69.9,65.5,15.5,33.4,33.2,21.2,6.6,168.0,no_watering
Potato,fruiting,27.0,122,loam,81.7,23.3,12.6,29.3,73.3,1.9,5.9,58.0,no_watering
Potato,flowering,14.5,43,clay,50.9,22.0,24.1,33.0,89.7,24.2,11.1,13.0,water_later
Potato,vegetative,17.2,4,loam,69.0,70.5,17.1,33.2,83.3,14.0,4.3,168.0,no_watering
Pepper,flowering,8.0,106,sandy,64.9,16.3,25.5,32.8,45.3,4.3,3.8,14.0,water_later
Potato,vegetative,26.7,109,loam,97.7,3.3,12.5,67.8,87.8,7.6,8.1,61.0,no_watering
Potato,seedling,15.6,78,loam,77.5,68.4,28.4,25.5,49.1,22.9,2.6,168.0,no_watering
Potato,flowering,19.7,4,loam,87.1,14.1,21.8,31.1,68.2,19.3,5.9,168.0,no_watering
Potato,flowering,10.6,84,sandy,56.9,39.7,25.9,53.3,83.7,24.9,2.3,14.0,water_later
Pepper,flowering,15.8,135,sandy,45.5,17.3,31.7,93.1,47.6,5.3,6.9,9.0,water_now
Pepper,vegetative,11.5,95,sandy,75.9,12.0,24.2,63.8,4.7,15.7,11.7,10.0,water_now
Pepper,fruiting,14.3,22,clay,45.2,52.7,15.2,32.2,53.9,8.6,2.6,168.0,no_watering
Tomato,fruiting,11.7,24,clay,86.8,5.1,33.7,38.7,80.2,0.2,5.0,76.0,no_watering
Pepper,fruiting,9.0,16,sandy,95.2,0.8,26.5,52.0,5.7,17.5,10.2,13.0,water_later
Tomato,vegetative,21.0,128,sandy,99.4,0.3,18.5,49.1,48.1,1.3,6.5,35.0,water_later
Pepper,vegetative,7.7,7,clay,52.0,28.7,22.3,81.2,34.2,17.7,10.3,168.0,no_watering
Tomato,vegetative,11.1,17,clay,63.0,33.4,29.6,46.3,29.3,3.9,4.2,157.0,no_watering
Tomato,flowering,15.0,8,sandy,43.7,29.5,24.8,89.4,66.9,8.5,4.7,13.0,water_later
Tomato,seedling,21.3,57,clay,97.9,1.9,33.4,86.5,77.7,1.9,11.6,86.0,no_watering
Potato,flowering,17.9,124,clay,96.9,2.1,27.6,71.1,60.2,20.1,5.2,168.0,no_watering
Potato,seedling,27.1,81,sandy,72.2,42.5,13.0,33.0,83.5,23.3,7.4,168.0,no_watering
Potato,seedling,21.8,74,loam,37.6,168.0,13.7,55.6,75.0,23.2,2.7,168.0,no_watering
Pepper,flowering,8.7,83,sandy,50.5,14.1,20.1,57.8,5.5,14.3,8.4,9.0,water_now
Tomato,fruiting,11.4,117,sandy,38.3,51.1,25.6,88.6,60.0,17.5,3.0,10.0,water_now
Pepper,vegetative,12.7,12,sandy,58.1,27.7,24.3,30.1,59.8,19.4,2.6,168.0,no_watering
Pepper,flowering,6.0,93,clay,98.1,2.0,16.7,75.3,17.5,23.3,7.5,62.0,no_watering
Tomato,vegetative,14.5,42,sandy,84.2,5.5,19.8,42.7,15.2,15.4,10.1,15.0,water_later
Potato,flowering,31.4,6,loam,91.1,8.0,16.1,39.0,38.4,18.4,4.2,168.0,no_watering
Potato,seedling,25.0,128,sandy,86.6,15.8,24.9,66.6,27.8,15.9,7.8,58.0,no_watering
Potato,flowering,21.0,110,sandy,36.2,22.7,25.0,91.4,50.2,13.4,9.0,7.0,water_now
Potato,fruiting,24.9,138,sandy,53.3,64.9,21.3,94.7,71.7,13.5,3.2,48.0,water_later
Potato,fruiting,29.2,67,loam,65.7,26.1,17.6,70.1,64.3,11.3,11.0,14.0,water_later
Pepper,fruiting,12.0,114,clay,78.9,19.7,17.2,92.2,6.7,5.6,10.7,30.0,water_later
Pepper,seedling,9.9,145,clay,61.3,100.1,18.3,87.0,14.3,24.3,4.8,168.0,no_watering
Pepper,flowering,8.3,144,clay,61.2,35.7,33.9,70.5,82.8,17.4,4.5,62.0,no_watering
Pepper,seedling,11.6,148,sandy,47.8,74.0,23.1,64.8,28.3,17.4,4.0,33.0,water_later
Pepper,flowering,11.5,133,loam,88.0,6.1,24.6,66.1,76.3,12.4,7.3,33.0,water_later
Pepper,flowering,13.4,118,clay,71.5,37.8,22.6,54.8,45.3,18.8,8.5,87.0,no_watering
Tomato,flowering,13.1,53,clay,48.1,49.3,27.6,77.1,34.5,4.1,2.6,82.0,no_watering
Pepper,seedling,10.9,90,loam,55.7,33.1,29.8,64.9,40.9,24.7,11.5,15.0,water_later
Tomato,seedling,14.1,67,loam,62.3,106.1,15.7,94.3,79.6,14.8,8.2,168.0,no_watering
Potato,seedling,23.1,24,loam,49.3,71.8,18.6,76.0,71.1,23.2,8.8,168.0,no_watering
Potato,flowering,29.5,51,sandy,79.9,6.9,19.2,47.7,28.4,22.4,10.6,14.0,water_later
Tomato,vegetative,12.0,23,loam,85.1,11.4,27.8,84.8,18.3,19.7,9.5,40.0,water_later
Potato,flowering,26.1,56,loam,45.0,37.1,22.2,50.4,47.0,2.6,4.1,15.0,water_later
Tomato,seedling,20.6,140,sandy,69.6,21.5,17.1,28.4,87.3,10.5,11.5,20.0,water_later
Potato,fruiting,10.7,97,sandy,80.2,8.3,20.0,34.8,15.7,11.1,6.6,14.0,water_later
Tomato,flowering,16.7,38,clay,87.2,12.8,25.4,32.5,13.6,12.9,3.4,158.0,no_watering
Tomato,seedling,13.9,31,clay,44.3,131.4,23.9,29.8,29.5,7.0,7.2,168.0,no_watering
Tomato,seedling,15.5,132,clay,71.4,115.6,18.6,76.6,49.2,14.4,2.4,168.0,no_watering
Tomato,flowering,9.5,54,sandy,72.4,26.7,21.0,42.7,64.4,15.2,3.3,70.0,no_watering
Potato,vegetative,22.5,93,sandy,98.0,0.7,24.8,39.8,21.6,11.2,8.3,14.0,water_later
Pepper,vegetative,8.1,97,loam,56.6,30.0,21.8,78.4,53.5,16.0,6.2,17.0,water_later
Potato,fruiting,15.6,107,loam,71.7,15.6,22.0,55.9,33.7,4.8,6.5,34.0,water_later
Pepper,fruiting,13.7,60,loam,54.4,24.7,22.3,45.4,65.4,21.6,4.3,60.0,no_watering
Potato,seedling,31.6,24,loam,38.6,121.0,25.7,31.2,84.5,21.1,3.5,168.0,no_watering
Tomato,vegetative,19.0,51,clay,93.6,7.9,18.5,34.0,16.3,23.4,6.9,168.0,no_watering
Pepper,flowering,10.8,130,clay,81.5,15.2,17.5,87.0,9.9,12.2,11.7,31.0,water_later
Potato,flowering,12.1,12,loam,70.6,13.2,17.1,83.0,83.6,7.2,9.4,84.0,no_watering
Pepper,fruiting,11.2,69,sandy,61.0,21.0,16.1,29.1,1.6,2.6,5.4,12.0,water_now
Potato,vegetative,25.9,117,loam,55.7,61.3,24.2,81.8,8.1,1.3,6.0,16.0,water_later
Potato,vegetative,11.2,70,sandy,93.7,2.5,20.1,49.6,17.2,5.4,6.9,33.0,water_later
Pepper,fruiting,9.0,77,sandy,36.9,20.6,19.1,35.7,79.1,17.2,5.1,12.0,water_now
Pepper,vegetative,15.5,40,sandy,76.3,7.4,27.4,74.1,65.7,23.9,10.6,37.0,water_later
Potato,fruiting,11.1,36,sandy,64.8,8.5,28.7,74.8,59.0,17.8,9.8,11.0,water_now
Potato,seedling,25.7,63,clay,71.5,101.4,22.3,72.5,66.3,22.8,2.6,168.0,no_watering
Potato,seedling,23.8,85,sandy,76.9,30.8,26.3,46.0,84.2,22.7,9.1,18.0,water_later
Tomato,fruiting,17.0,97,loam,93.4,2.0,23.1,29.7,53.4,4.2,11.7,14.0,water_later
Potato,fruiting,25.2,133,loam,85.3,6.9,24.7,65.0,48.1,9.9,10.5,17.0,water_later
Potato,vegetative,31.5,134,loam,95.9,1.8,28.7,57.4,89.3,13.6,11.6,18.0,water_later
Pepper,flowering,5.0,39,loam,56.1,21.8,23.3,33.9,50.9,3.1,8.0,14.0,water_later
Potato,fruiting,10.1,22,clay,71.9,26.5,14.9,92.4,8.1,17.8,6.0,160.0,no_watering
Potato,flowering,14.8,56,sandy,97.0,1.0,15.5,69.4,61.9,23.7,8.9,39.0,water_later
Potato,flowering,28.2,9,loam,43.5,22.0,26.0,67.0,47.6,1.2,8.6,13.0,water_later
Tomato,vegetative,19.0,98,sandy,52.7,17.5,33.6,26.8,4.3,20.4,10.9,7.0,water_now
Tomato,vegetative,9.2,46,clay,73.6,17.2,25.0,56.2,58.7,7.0,8.3,87.0,no_watering
Pepper,fruiting,15.5,58,loam,75.4,15.9,18.4,37.4,82.7,9.7,12.0,12.0,water_now
Tomato,fruiting,21.9,134,loam,54.7,65.9,19.9,75.3,56.9,12.5,5.1,15.0,water_later
Pepper,seedling,9.9,17,loam,73.6,25.2,34.8,66.4,44.2,10.7,7.2,168.0,no_watering
Pepper,fruiting,7.6,21,sandy,50.1,24.5,20.8,72.1,88.0,4.2,8.6,10.0,water_now
Pepper,vegetative,13.4,122,loam,47.0,31.3,18.1,63.8,28.1,14.9,8.7,33.0,water_later
Tomato,seedling,23.2,9,clay,41.0,168.0,29.0,79.1,8.9,18.1,3.0,168.0,no_watering
Tomato,flowering,23.8,97,clay,95.2,3.5,19.9,75.7,14.7,9.9,6.9,81.0,no_watering
Potato,seedling,21.7,48,sandy,95.5,4.6,26.2,94.5,13.7,13.6,6.0,105.0,no_watering
Tomato,fruiting,17.7,97,sandy,91.5,2.7,24.7,27.9,6.0,24.9,4.8,15.0,water_later
Potato,seedling,12.6,68,loam,81.9,36.0,27.8,67.4,67.4,5.6,11.3,61.0,no_watering
Potato,flowering,31.5,33,loam,40.6,21.1,22.7,60.5,71.2,2.9,10.6,8.0,water_now
Pepper,seedling,8.9,42,sandy,78.5,26.8,28.5,46.7,37.9,23.0,11.3,19.0,water_later
Potato,flowering,22.8,115,clay,96.1,7.7,18.3,74.4,87.7,17.4,3.7,168.0,no_watering
Potato,seedling,16.4,90,sandy,89.0,11.7,23.3,49.4,8.1,18.0,11.8,33.0,water_later
Potato,seedling,20.6,29,loam,98.4,4.1,14.3,44.3,89.0,13.0,3.1,168.0,no_watering
Potato,flowering,17.1,56,clay,74.7,29.0,22.6,26.8,64.5,3.8,2.1,168.0,no_watering
Pepper,vegetative,8.0,3,loam,67.8,25.2,27.5,79.1,75.2,18.9,7.7,168.0,no_watering
Potato,fruiting,15.6,35,clay,54.1,44.4,22.4,33.0,64.9,0.2,9.9,18.0,water_later
Potato,flowering,11.5,73,sandy,84.4,3.4,26.8,50.6,29.6,23.5,9.3,11.0,water_now
Pepper,seedling,12.1,24,loam,79.5,28.7,20.0,51.1,55.1,22.2,10.9,168.0,no_watering
Tomato,fruiting,11.8,32,loam,59.3,14.7,18.1,52.2,78.9,1.5,9.7,14.0,water_later
Potato,vegetative,27.2,143,clay,84.8,8.2,26.9,33.7,40.1,1.3,9.5,36.0,water_later
Tomato,vegetative,11.7,142,clay,61.1,86.8,23.1,65.0,44.4,8.0,5.4,110.0,no_watering
Tomato,vegetative,22.1,6,loam,91.9,13.5,16.1,80.5,55.2,12.9,9.2,168.0,no_watering
Pepper,flowering,5.7,136,clay,72.2,36.2,16.8,30.6,79.8,5.3,4.4,156.0,no_watering
Tomato,seedling,13.9,64,loam,40.4,76.0,16.8,65.4,52.5,17.3,9.6,157.0,no_watering
Tomato,fruiting,22.7,126,clay,92.8,3.7,32.2,43.4,9.5,4.6,10.1,16.0,water_later
Potato,vegetative,23.9,56,sandy,95.5,3.1,16.4,44.3,49.2,2.4,3.9,82.0,no_watering
Tomato,flowering,8.5,55,loam,36.7,26.8,24.1,37.9,24.2,22.6,9.2,8.0,water_now
Tomato,vegetative,18.2,100,loam,63.7,30.7,29.6,68.6,77.1,23.5,11.2,62.0,no_watering
Potato,flowering,13.8,2,sandy,55.2,43.0,14.7,50.1,0.5,22.2,3.7,58.0,no_watering
Tomato,flowering,8.5,52,sandy,65.5,26.0,20.1,55.8,63.2,21.3,3.4,168.0,no_watering
Potato,flowering,19.3,83,loam,77.4,13.4,17.4,75.7,21.8,21.0,6.8,81.0,no_watering
Potato,seedling,23.7,25,loam,89.1,51.6,14.1,56.0,53.7,19.5,4.5,168.0,no_watering
Tomato,flowering,13.1,137,sandy,87.0,5.0,30.5,43.5,81.2,13.2,3.2,62.0,no_watering
Tomato,flowering,16.2,64,loam,58.8,28.1,25.9,25.4,49.2,4.9,2.8,59.0,no_watering
Potato,flowering,17.0,109,sandy,39.2,26.9,13.5,67.4,64.1,18.1,11.8,17.0,water_later
Pepper,flowering,8.6,79,sandy,98.5,0.4,15.6,39.6,49.0,4.6,9.7,13.0,water_later
Pepper,vegetative,10.0,100,loam,84.1,5.2,34.6,41.0,88.7,19.2,9.5,67.0,no_watering
Potato,fruiting,30.1,126,sandy,97.5,1.7,14.9,31.7,16.0,8.3,3.3,60.0,no_watering
Tomato,flowering,22.1,127,sandy,92.6,1.9,20.1,45.5,66.2,24.0,10.4,11.0,water_now
Potato,fruiting,29.6,15,clay,72.3,34.0,18.8,90.1,19.0,4.8,6.5,168.0,no_watering
Tomato,seedling,9.1,140,loam,48.9,49.6,19.1,53.2,32.8,11.9,11.5,14.0,water_later
Pepper,fruiting,12.9,116,loam,85.7,7.7,23.1,36.8,62.3,4.0,10.3,12.0,water_now
Tomato,seedling,9.0,119,clay,52.7,110.3,25.9,67.3,21.7,10.2,2.2,168.0,no_watering
Tomato,fruiting,14.2,41,sandy,37.6,22.5,23.1,25.5,10.2,19.7,3.7,10.0,water_now
Potato,vegetative,15.8,35,loam,82.4,39.8,19.8,29.9,67.5,13.3,3.1,168.0,no_watering
Pepper,vegetative,10.3,137,sandy,58.9,21.7,23.2,37.3,20.0,19.7,4.8,129.0,no_watering
Tomato,vegetative,18.3,72,clay,74.1,74.4,23.0,94.2,74.8,18.1,5.3,168.0,no_watering
Potato,flowering,19.2,82,loam,37.4,24.4,27.7,45.7,49.6,12.3,9.2,7.0,water_now
Potato,vegetative,17.8,27,sandy,57.4,21.0,15.0,28.3,49.2,5.5,10.6,11.0,water_now
Pepper,fruiting,15.6,39,loam,60.3,9.2,30.2,75.5,69.8,0.7,9.6,11.0,water_now
Potato,seedling,11.7,25,clay,42.0,88.9,24.3,46.6,33.6,0.9,10.7,34.0,water_later
Tomato,flowering,13.6,34,loam,70.0,11.5,28.7,54.8,79.4,22.6,11.4,18.0,water_later
Tomato,seedling,12.5,126,sandy,90.0,10.5,23.1,91.2,25.6,23.9,6.8,130.0,no_watering
Tomato,flowering,21.3,45,loam,63.8,35.1,23.4,63.3,33.8,6.6,10.7,13.0,water_later
Potato,flowering,14.7,27,sandy,66.2,19.0,16.2,81.0,61.4,24.7,9.8,58.0,no_watering
Potato,flowering,26.0,14,sandy,78.0,7.1,27.8,69.3,63.5,1.8,10.2,14.0,water_later
Pepper,fruiting,15.8,46,sandy,63.2,6.6,32.9,35.9,1.4,19.5,7.5,10.0,water_now
Potato,fruiting,24.5,50,sandy,48.1,49.3,16.1,44.9,14.0,8.6,2.1,34.0,water_later
Potato,flowering,12.8,8,sandy,56.5,21.8,15.8,55.1,12.0,16.9,4.6,36.0,water_later
Pepper,flowering,11.5,15,sandy,84.4,12.6,32.7,61.0,2.3,2.0,3.1,58.0,no_watering
Tomato,flowering,22.7,71,sandy,47.8,18.0,28.7,78.2,10.0,19.9,6.3,9.0,water_now
Potato,flowering,25.3,126,clay,58.1,70.8,16.7,64.3,72.0,16.4,5.6,110.0,no_watering
Potato,vegetative,12.4,14,loam,49.7,45.3,22.3,40.8,21.7,24.2,7.8,20.0,water_later
Potato,fruiting,13.9,133,clay,70.0,27.6,20.6,49.3,88.6,20.2,4.3,168.0,no_watering
Potato,fruiting,24.4,47,sandy,44.6,59.1,13.8,30.5,68.9,2.6,8.6,10.0,water_now
Potato,vegetative,30.0,104,sandy,47.4,35.3,18.6,77.0,35.3,23.9,6.9,10.0,water_now
Tomato,seedling,14.1,82,clay,72.5,100.9,17.1,78.8,22.5,24.5,3.5,168.0,no_watering
Potato,vegetative,12.3,28,sandy,55.8,29.7,20.4,84.5,58.6,19.1,8.6,38.0,water_later
Pepper,vegetative,10.1,54,sandy,87.6,2.7,35.8,50.0,68.0,20.5,8.8,41.0,water_later
Tomato,flowering,21.8,123,loam,56.0,53.0,20.1,80.3,16.0,19.2,5.6,19.0,water_later
Potato,fruiting,24.5,67,sandy,71.5,18.5,20.9,57.0,14.6,10.7,3.7,36.0,water_later
Pepper,flowering,6.4,82,loam,63.1,28.4,35.7,82.7,65.0,12.9,4.3,14.0,water_later
Pepper,fruiting,6.0,91,clay,61.4,14.6,15.4,53.6,53.9,0.3,10.8,13.0,water_later
Pepper,fruiting,11.9,87,loam,58.9,28.3,20.4,47.9,86.9,9.3,2.3,168.0,no_watering
Tomato,flowering,9.8,117,clay,68.2,10.2,28.2,36.6,10.8,9.3,11.2,13.0,water_later
Potato,vegetative,22.2,44,clay,64.3,46.9,20.7,78.5,89.1,9.6,7.7,168.0,no_watering
Potato,vegetative,20.9,58,sandy,79.9,15.5,19.3,91.0,79.1,20.9,3.2,168.0,no_watering
Potato,fruiting,18.0,134,loam,67.8,34.8,23.9,87.3,88.7,11.2,9.1,36.0,water_later
Potato,flowering,10.9,100,loam,80.7,12.4,14.1,94.6,59.3,0.8,6.7,38.0,water_later
Tomato,vegetative,21.7,123,sandy,63.8,20.4,32.8,71.8,67.1,8.2,2.6,38.0,water_later
Potato,seedling,24.1,52,sandy,88.1,13.5,26.4,67.7,20.0,10.5,5.5,81.0,no_watering
Tomato,vegetative,12.7,7,sandy,65.9,27.6,15.5,84.8,45.1,17.1,4.1,168.0,no_watering
Pepper,vegetative,7.6,140,sandy,74.0,5.8,33.3,69.5,69.7,19.0,9.6,15.0,water_later
Potato,flowering,23.9,99,clay,66.9,36.7,12.9,67.8,35.8,7.3,10.7,33.0,water_later
Pepper,flowering,9.5,106,sandy,71.4,9.5,16.2,71.6,52.5,21.1,8.4,11.0,water_now
Potato,vegetative,17.8,3,sandy,96.7,2.2,20.5,32.3,55.9,23.7,5.9,168.0,no_watering
Potato,flowering,10.9,55,sandy,72.5,5.3,23.0,43.7,72.1,22.0,11.8,12.0,water_now
Tomato,fruiting,15.4,104,loam,55.5,16.6,33.1,50.1,28.3,21.3,3.9,63.0,no_watering
Tomato,flowering,20.6,27,loam,47.4,38.6,29.0,85.2,59.1,19.7,9.0,12.0,water_now
Tomato,seedling,17.0,82,clay,57.8,41.1,28.7,63.9,70.0,23.4,11.8,168.0,no_watering
Tomato,fruiting,18.9,7,clay,64.2,36.5,23.1,44.3,42.9,22.4,2.3,168.0,no_watering
Potato,vegetative,29.0,128,loam,68.1,29.0,14.8,83.9,30.0,20.8,7.5,35.0,water_later
Potato,seedling,11.8,28,loam,80.6,35.3,18.4,58.9,6.6,15.1,8.5,107.0,no_watering
Tomato,seedling,13.7,111,loam,96.6,7.7,32.4,72.2,13.8,1.0,6.4,85.0,no_watering
Potato,vegetative,16.3,124,clay,61.2,22.0,15.0,27.8,20.8,12.7,11.7,17.0,water_later
Tomato,seedling,21.6,128,clay,50.0,78.9,25.7,75.6,73.9,20.5,8.0,168.0,no_watering
Tomato,fruiting,21.7,136,loam,49.1,27.7,27.1,39.6,71.4,1.5,2.7,14.0,water_later
Potato,vegetative,12.8,51,clay,48.7,47.9,17.9,73.4,67.3,7.5,6.2,88.0,no_watering
Tomato,seedling,14.0,19,clay,42.1,103.6,25.3,86.9,81.0,21.9,8.0,168.0,no_watering
Tomato,flowering,10.4,115,clay,39.5,69.4,23.6,39.2,63.7,5.3,4.6,13.0,water_later
Tomato,fruiting,22.3,94,sandy,83.1,6.0,31.8,50.1,68.2,16.0,4.7,15.0,water_later
Potato,flowering,22.2,25,loam,53.5,77.7,26.2,43.6,63.6,2.3,3.4,55.0,no_watering
Tomato,flowering,9.7,56,loam,68.5,12.0,16.9,55.5,85.6,18.9,11.8,13.0,water_later
Potato,seedling,31.9,118,sandy,69.2,24.2,21.4,83.2,11.7,23.5,10.1,17.0,water_later
Tomato,vegetative,17.9,67,sandy,94.4,3.8,22.8,30.8,0.8,21.2,9.4,15.0,water_later
Tomato,flowering,19.4,71,clay,79.4,13.2,15.7,76.6,27.5,18.3,9.5,57.0,no_watering
Tomato,fruiting,10.5,61,clay,98.9,0.6,19.6,26.7,14.1,12.8,11.4,32.0,water_later
Potato,fruiting,21.3,70,clay,47.5,76.8,15.2,60.7,68.5,1.6,9.7,14.0,water_later
Tomato,vegetative,17.6,12,sandy,45.0,17.7,26.5,26.5,83.7,19.3,8.7,17.0,water_later
Pepper,flowering,13.8,53,clay,88.8,17.0,23.6,80.8,18.0,5.3,5.0,125.0,no_watering
Tomato,fruiting,22.0,3,clay,59.1,38.3,17.4,76.4,33.2,7.1,3.4,168.0,no_watering
Potato,seedling,18.1,81,clay,56.7,168.0,17.0,68.5,88.6,22.4,9.0,168.0,no_watering
Tomato,seedling,16.4,3,sandy,39.4,139.0,24.8,90.9,10.6,10.0,3.0,58.0,no_watering
Pepper,flowering,6.3,94,clay,43.6,33.3,20.0,69.5,72.6,24.8,7.1,130.0,no_watering
Potato,fruiting,24.3,15,clay,42.2,106.6,28.7,64.8,4.1,15.5,4.2,37.0,water_later
Potato,seedling,24.7,62,loam,70.6,40.1,19.0,67.2,75.9,15.1,9.5,168.0,no_watering
Potato,fruiting,12.6,32,sandy,77.1,15.9,17.2,75.9,24.6,1.5,4.7,51.0,no_watering
Pepper,vegetative,7.4,145,loam,65.9,50.4,17.0,66.9,49.2,6.5,4.2,61.0,no_watering
Potato,vegetative,18.2,40,sandy,57.1,18.8,27.4,46.6,5.7,21.6,4.7,14.0,water_later
Potato,seedling,27.6,126,clay,85.8,18.5,23.6,45.4,68.0,16.0,9.6,168.0,no_watering
Pepper,flowering,13.0,38,clay,52.9,28.7,35.1,28.8,4.5,15.9,9.7,12.0,water_now
Tomato,fruiting,10.2,69,loam,65.5,37.5,31.5,82.8,89.7,20.0,2.7,168.0,no_watering
Pepper,seedling,15.6,58,sandy,36.1,90.1,23.0,80.1,56.0,7.1,4.4,107.0,no_watering
Tomato,fruiting,15.0,92,sandy,66.9,29.6,18.1,69.4,40.5,2.5,4.9,14.0,water_later
Tomato,fruiting,17.9,4,clay,90.2,2.7,31.5,80.6,35.8,14.2,10.8,106.0,no_watering
Pepper,vegetative,14.2,91,loam,82.4,13.0,24.1,39.5,83.9,15.6,4.6,168.0,no_watering
Pepper,seedling,14.7,110,sandy,86.4,28.1,21.6,52.0,8.2,24.2,6.1,130.0,no_watering
Tomato,seedling,10.3,76,sandy,40.4,85.8,18.7,92.6,14.5,16.0,7.6,11.0,water_now
Tomato,vegetative,13.0,84,loam,82.8,23.0,22.6,89.1,57.9,4.6,10.6,30.0,water_later
Pepper,flowering,14.2,106,loam,72.3,18.4,30.2,54.8,77.8,19.6,9.0,12.0,water_now
Pepper,flowering,9.9,112,clay,68.7,32.7,31.7,93.0,4.3,13.6,5.4,37.0,water_later
Tomato,vegetative,23.4,70,sandy,78.0,16.1,26.9,52.8,17.2,8.6,7.2,20.0,water_later
Potato,fruiting,19.8,128,loam,63.8,18.3,27.9,61.1,78.3,20.2,8.2,13.0,water_later
Pepper,flowering,9.6,55,loam,81.0,4.7,28.9,42.2,18.9,4.5,10.5,13.0,water_later
Potato,vegetative,22.5,60,clay,35.0,66.4,23.3,88.9,42.6,5.0,5.1,12.0,water_now
Pepper,seedling,8.8,41,loam,38.3,82.6,16.0,30.1,4.0,18.9,8.5,14.0,water_later
Potato,seedling,20.8,74,loam,81.0,48.8,15.2,41.0,27.3,24.4,11.4,42.0,water_later
Tomato,vegetative,11.6,100,sandy,74.8,16.0,22.1,62.8,44.3,18.6,4.0,35.0,water_later
Pepper,flowering,9.1,118,sandy,92.5,3.0,26.3,49.7,16.4,6.5,8.5,12.0,water_now
Potato,vegetative,16.2,138,clay,59.0,44.8,17.6,26.1,42.5,22.4,8.1,33.0,water_later
Tomato,vegetative,17.9,30,loam,68.9,15.0,32.7,42.0,35.4,23.1,10.8,15.0,water_later
Potato,seedling,23.4,27,loam,60.3,125.9,16.2,77.0,8.9,4.3,2.0,168.0,no_watering
Pepper,flowering,9.9,8,sandy,71.4,8.6,26.2,39.8,59.0,1.6,6.6,30.0,water_later
Potato,fruiting,13.3,39,clay,44.5,24.6,23.1,47.9,63.7,8.1,11.0,12.0,water_now
Pepper,flowering,7.5,77,loam,62.9,28.1,17.5,26.5,34.1,15.7,2.8,168.0,no_watering
Pepper,vegetative,10.7,119,loam,60.1,27.3,32.7,80.3,69.5,14.9,3.4,36.0,water_later
Potato,vegetative,14.6,110,sandy,90.3,4.0,13.8,34.3,16.0,23.1,8.5,15.0,water_later
Tomato,seedling,13.4,121,sandy,44.4,58.1,16.6,80.3,6.1,6.9,8.3,12.0,water_now
Potato,fruiting,16.4,46,loam,62.3,20.6,22.6,83.1,74.8,9.9,7.2,36.0,water_later
Pepper,vegetative,12.7,135,loam,35.9,133.2,17.5,86.6,38.7,8.8,5.3,34.0,water_later
Potato,flowering,26.5,30,loam,97.7,2.8,13.7,80.1,30.6,18.8,2.3,168.0,no_watering
Pepper,seedling,12.1,46,loam,36.0,155.4,27.5,53.8,41.1,9.2,4.9,14.0,water_later
Tomato,flowering,18.8,4,loam,36.1,24.6,21.8,56.9,48.7,2.3,9.7,9.0,water_now
Pepper,flowering,7.2,132,clay,88.6,12.3,15.1,75.5,30.2,3.7,3.5,168.0,no_watering
Pepper,vegetative,15.1,141,clay,97.9,2.3,19.9,43.1,33.0,10.4,7.5,104.0,no_watering
Tomato,vegetative,16.9,89,loam,71.1,21.4,28.6,91.5,55.1,0.4,7.3,32.0,water_later
Potato,flowering,27.0,96,sandy,43.3,15.1,24.1,67.2,17.5,3.3,10.8,7.0,water_now
Pepper,fruiting,14.0,95,clay,65.7,21.7,25.1,48.0,48.9,6.7,11.7,13.0,water_later
Tomato,flowering,20.8,2,clay,40.3,31.1,26.7,51.7,35.8,9.0,7.6,36.0,water_later
Tomato,seedling,21.7,65,clay,84.1,37.3,19.0,27.3,84.7,13.2,7.1,168.0,no_watering
Potato,fruiting,15.8,88,clay,85.3,10.3,14.1,41.7,79.1,16.4,8.6,153.0,no_watering
Tomato,seedling,18.3,146,sandy,45.1,140.8,26.3,79.7,28.6,11.0,2.9,158.0,no_watering
Pepper,fruiting,8.0,137,loam,41.9,12.7,27.1,72.7,8.8,21.3,11.9,7.0,water_now
Pepper,vegetative,8.1,33,sandy,92.2,3.6,18.0,67.9,24.1,24.0,10.0,38.0,water_later
Tomato,flowering,21.8,84,sandy,58.8,18.7,24.7,38.7,37.9,15.9,11.4,8.0,water_now
Potato,fruiting,28.9,149,loam,35.5,77.2,16.3,61.1,22.5,20.0,9.5,8.0,water_now
Pepper,flowering,11.1,148,clay,53.2,78.6,16.9,81.9,71.4,22.3,3.6,168.0,no_watering
Potato,vegetative,26.0,11,clay,51.3,27.6,23.8,70.6,65.1,17.4,10.5,168.0,no_watering
Pepper,seedling,14.3,33,clay,75.6,69.7,18.0,77.4,53.4,15.0,7.1,168.0,no_watering
Tomato,fruiting,19.5,25,sandy,72.8,13.8,27.5,61.7,66.0,21.2,4.9,38.0,water_later
Pepper,vegetative,6.1,114,sandy,77.0,8.2,31.7,71.8,39.4,14.9,5.3,14.0,water_later
Potato,fruiting,29.0,128,clay,36.2,69.2,23.3,89.9,5.0,8.1,4.4,12.0,water_now
Pepper,seedling,6.3,126,loam,40.6,75.0,18.1,60.4,32.2,13.3,6.8,15.0,water_later
Pepper,flowering,14.8,9,clay,51.9,17.9,31.5,37.7,52.5,3.1,11.3,15.0,water_later
Tomato,flowering,12.7,51,clay,93.7,8.6,15.9,50.6,84.8,12.6,2.1,168.0,no_watering
Pepper,vegetative,13.5,23,sandy,36.5,37.0,27.0,48.3,47.6,12.7,4.6,38.0,water_later
Pepper,fruiting,7.9,130,sandy,51.4,12.9,34.7,69.9,71.7,21.0,4.8,35.0,water_later
Pepper,seedling,6.8,108,clay,95.4,8.1,21.1,59.2,12.1,16.4,3.8,168.0,no_watering
Tomato,seedling,21.3,2,clay,75.3,58.5,24.9,90.4,56.7,3.6,4.9,168.0,no_watering
Potato,seedling,16.5,62,loam,83.8,38.4,17.0,31.6,56.3,14.8,3.2,168.0,no_watering
Potato,fruiting,30.9,9,loam,59.7,47.7,12.7,54.1,76.0,16.3,5.0,168.0,no_watering
Potato,seedling,20.8,21,loam,92.2,16.8,18.3,87.0,70.4,24.3,5.3,168.0,no_watering
Tomato,flowering,17.0,18,clay,74.9,34.4,24.4,40.8,3.0,15.0,7.9,65.0,no_watering
Potato,seedling,28.1,13,sandy,66.0,32.2,13.9,82.2,51.1,2.7,10.4,63.0,no_watering
Potato,vegetative,20.2,137,loam,90.0,3.6,26.2,39.3,44.7,15.6,10.8,34.0,water_later
Potato,flowering,30.6,81,clay,35.1,84.6,18.9,37.8,79.7,0.7,9.3,9.0,water_now
Pepper,flowering,7.3,58,loam,47.7,26.0,22.6,64.9,67.6,19.8,5.8,13.0,water_later
Tomato,vegetative,15.1,29,loam,53.7,40.8,26.3,76.6,41.2,20.5,5.3,168.0,no_watering
Tomato,vegetative,17.0,19,clay,80.2,42.4,22.1,73.8,70.4,6.4,7.9,168.0,no_watering
Tomato,flowering,9.2,40,clay,51.6,34.1,17.4,48.8,51.0,18.5,7.6,168.0,no_watering
Tomato,flowering,13.8,39,clay,43.7,32.8,22.5,59.1,71.3,23.3,9.5,62.0,no_watering
Pepper,fruiting,13.6,32,sandy,46.3,11.0,31.2,61.0,12.3,8.8,9.2,8.0,water_now
Pepper,vegetative,13.4,67,clay,79.2,38.6,33.6,92.2,25.4,4.5,4.6,105.0,no_watering
Potato,flowering,27.9,141,clay,74.3,13.4,26.8,93.5,80.9,16.8,8.7,88.0,no_watering
Pepper,flowering,12.1,78,loam,75.1,7.7,22.3,28.8,17.6,10.9,10.3,12.0,water_now
Pepper,vegetative,8.8,44,loam,81.6,12.5,18.6,84.5,81.3,4.1,7.6,60.0,no_watering
Pepper,fruiting,11.3,134,sandy,53.6,24.5,23.7,41.6,47.7,7.8,6.8,9.0,water_now
Potato,vegetative,29.5,86,clay,43.7,23.6,28.3,25.4,21.1,5.1,10.9,9.0,water_now
Potato,fruiting,13.0,75,sandy,57.6,8.6,28.2,50.5,32.9,3.5,10.7,8.0,water_now
Potato,fruiting,31.8,70,loam,62.5,52.8,26.1,90.5,21.1,20.8,2.6,60.0,no_watering
Pepper,fruiting,13.5,131,sandy,39.0,49.3,15.3,74.1,16.5,21.6,4.9,9.0,water_now
Potato,flowering,31.2,67,loam,59.5,30.0,22.6,93.8,49.7,7.7,4.8,37.0,water_later
Pepper,seedling,6.3,11,sandy,96.2,2.8,16.3,53.6,84.9,19.8,11.4,168.0,no_watering
Pepper,fruiting,12.5,132,loam,76.3,8.8,20.5,85.8,15.0,23.3,8.3,36.0,water_later
Tomato,fruiting,15.4,40,sandy,48.6,8.0,29.9,56.4,82.6,2.6,10.1,7.0,water_now
Tomato,vegetative,21.0,24,clay,82.5,27.8,17.6,75.5,61.9,18.8,4.5,168.0,no_watering
Pepper,seedling,10.2,88,clay,95.9,10.9,25.5,78.3,12.7,20.7,3.8,168.0,no_watering
Tomato,flowering,13.4,118,sandy,95.4,2.4,26.5,65.9,77.5,24.7,3.9,168.0,no_watering
Tomato,vegetative,21.8,117,clay,57.6,37.3,21.6,50.0,50.9,12.4,10.9,16.0,water_later
Potato,flowering,12.1,41,clay,68.7,24.7,12.0,58.9,13.4,8.2,7.1,63.0,no_watering
Tomato,flowering,9.8,115,clay,61.1,74.9,29.6,30.0,10.5,8.2,3.1,53.0,no_watering
Pepper,vegetative,9.0,74,sandy,62.6,46.9,20.7,42.1,64.8,19.0,4.9,168.0,no_watering
Potato,seedling,21.2,126,sandy,73.2,36.0,16.4,65.8,4.9,9.8,9.5,36.0,water_later
Tomato,flowering,13.4,21,clay,81.8,11.7,31.5,77.7,81.7,4.0,4.3,168.0,no_watering
Tomato,flowering,8.2,112,clay,98.9,1.8,21.7,80.5,49.4,4.9,2.6,168.0,no_watering
Pepper,vegetative,10.2,18,loam,73.2,9.6,35.7,68.4,48.1,9.7,10.4,40.0,water_later
Potato,fruiting,27.2,78,sandy,47.9,17.9,23.3,55.4,43.4,2.5,7.7,10.0,water_now
Tomato,vegetative,23.9,34,sandy,41.5,38.6,27.7,86.6,30.5,5.9,3.2,13.0,water_later
Potato,vegetative,23.1,71,clay,39.8,61.2,27.4,51.0,85.5,23.1,8.8,10.0,water_now
Potato,fruiting,28.5,18,sandy,35.8,35.8,23.0,89.4,47.6,24.2,4.2,168.0,no_watering
Tomato,seedling,22.0,51,clay,96.1,4.6,33.0,94.0,6.9,13.2,8.6,134.0,no_watering
Pepper,flowering,7.7,110,loam,61.3,31.4,16.7,77.4,75.6,18.4,3.4,168.0,no_watering
Pepper,flowering,7.1,71,sandy,49.7,24.4,16.6,61.2,15.4,8.4,7.2,10.0,water_now
Potato,vegetative,18.4,131,loam,81.5,20.3,16.8,72.6,70.1,1.9,3.3,131.0,no_watering
Pepper,vegetative,5.1,114,clay,45.7,22.6,34.4,81.3,62.1,6.2,8.8,11.0,water_now
Pepper,vegetative,11.0,125,clay,96.5,7.4,17.4,61.2,88.3,15.4,2.3,168.0,no_watering
Potato,vegetative,13.8,46,loam,98.6,1.1,26.0,57.6,0.4,12.4,7.8,52.0,no_watering
Potato,fruiting,26.0,149,clay,79.9,10.7,25.1,71.6,51.6,20.2,10.1,57.0,no_watering
Pepper,seedling,11.7,90,loam,45.5,79.5,28.0,39.3,7.5,23.0,4.7,86.0,no_watering
Pepper,seedling,10.4,120,clay,37.3,103.7,35.1,80.2,38.7,7.3,4.4,108.0,no_watering
Tomato,seedling,12.0,122,sandy,65.3,58.3,21.7,65.7,2.8,15.2,5.3,39.0,water_later
Pepper,seedling,14.8,31,clay,41.0,168.0,15.6,72.7,45.9,10.0,4.5,168.0,no_watering
Potato,seedling,10.4,22,clay,77.6,60.6,13.8,77.8,82.6,15.8,3.4,168.0,no_watering
Tomato,seedling,14.5,68,clay,85.0,56.5,21.7,46.0,78.3,14.1,4.7,168.0,no_watering
Tomato,flowering,10.7,60,loam,41.6,52.6,29.8,70.2,37.0,9.2,3.7,13.0,water_later
Potato,flowering,15.6,108,loam,36.1,36.5,14.8,92.7,76.8,5.5,8.1,8.0,water_now
Pepper,seedling,8.9,145,clay,50.0,116.1,22.7,84.7,58.8,9.1,8.0,168.0,no_watering
Tomato,seedling,19.5,148,loam,85.7,16.0,28.2,91.3,34.3,9.1,10.1,57.0,no_watering
Potato,vegetative,14.3,22,loam,55.7,64.4,18.4,35.1,1.0,15.7,2.0,108.0,no_watering
Tomato,seedling,23.0,118,loam,75.8,60.2,18.9,85.9,2.8,1.2,3.6,168.0,no_watering
Tomato,flowering,18.9,76,sandy,98.0,1.2,20.8,64.1,82.0,16.8,4.4,129.0,no_watering
Tomato,vegetative,20.8,142,clay,41.3,39.4,27.5,53.7,45.4,18.3,9.0,16.0,water_later
Pepper,vegetative,8.9,29,sandy,52.1,44.1,27.6,94.1,57.6,6.4,3.4,38.0,water_later
Tomato,seedling,12.6,14,sandy,73.2,47.1,26.8,31.8,39.4,0.6,4.8,109.0,no_watering
Potato,seedling,27.4,109,loam,44.9,99.1,25.3,44.9,37.3,4.3,3.6,42.0,water_later
Potato,fruiting,14.3,69,clay,47.1,93.9,23.4,26.4,5.0,11.5,2.6,82.0,no_watering
Potato,flowering,14.2,147,loam,92.9,4.5,23.2,25.6,74.5,19.0,11.4,17.0,water_later
Tomato,fruiting,13.0,11,clay,41.1,18.1,30.6,51.6,4.8,24.1,8.8,11.0,water_now
Potato,flowering,20.0,6,clay,87.0,11.7,16.9,69.0,8.5,18.3,6.3,168.0,no_watering
Potato,flowering,30.9,138,sandy,38.3,47.3,16.6,78.8,45.4,10.0,2.3,11.0,water_now
Tomato,vegetative,22.8,61,loam,94.1,2.2,33.1,86.4,66.5,8.2,9.5,35.0,water_later
Potato,flowering,23.5,114,clay,63.8,26.8,23.5,32.8,20.4,19.6,4.8,57.0,no_watering
Tomato,flowering,16.7,83,sandy,79.5,4.0,32.6,70.9,28.0,21.1,10.7,9.0,water_now
Tomato,vegetative,13.9,35,clay,85.5,28.3,17.9,43.8,20.4,21.3,3.1,168.0,no_watering
Tomato,flowering,10.9,2,sandy,76.5,8.2,26.3,85.6,77.8,24.8,6.5,168.0,no_watering
Potato,vegetative,31.7,146,sandy,51.7,29.3,14.9,45.1,8.2,2.2,10.4,8.0,water_now
Pepper,fruiting,7.3,131,loam,95.0,2.4,17.9,91.6,4.6,19.0,6.3,57.0,no_watering
Potato,flowering,18.0,103,clay,81.2,13.2,26.1,34.8,86.5,16.8,5.3,168.0,no_watering
Pepper,flowering,8.3,108,loam,68.6,20.9,29.7,75.6,74.8,0.2,2.0,58.0,no_watering
Potato,vegetative,13.9,100,loam,46.6,37.4,20.9,49.9,79.1,12.0,5.3,57.0,no_watering
Potato,fruiting,18.9,129,clay,76.9,17.5,12.6,67.3,45.0,3.6,9.2,56.0,no_watering
Pepper,vegetative,8.8,83,sandy,49.2,24.0,35.3,49.2,86.0,9.7,9.7,8.0,water_now
Pepper,fruiting,11.0,141,sandy,73.9,6.7,17.4,62.3,87.6,17.9,11.4,11.0,water_now
Potato,flowering,11.8,12,clay,87.5,8.7,17.9,32.1,58.1,2.8,5.9,168.0,no_watering
Tomato,vegetative,9.9,70,clay,57.7,69.3,28.3,43.5,16.3,22.7,5.3,38.0,water_later
Potato,vegetative,11.2,52,clay,45.8,74.5,26.1,93.6,26.3,24.1,5.4,64.0,no_watering
Tomato,seedling,12.6,71,clay,57.3,124.8,22.9,66.4,5.8,7.5,11.7,37.0,water_later
Pepper,seedling,14.1,23,loam,41.3,134.7,20.4,49.6,63.6,13.4,3.3,168.0,no_watering
Pepper,fruiting,11.8,63,loam,59.4,39.1,33.5,71.6,53.8,12.5,2.5,34.0,water_later
Pepper,fruiting,12.1,5,clay,49.7,10.8,32.3,45.9,64.3,16.9,11.8,13.0,water_later
Potato,vegetative,13.9,57,loam,68.9,15.4,18.2,25.9,40.6,10.8,8.7,37.0,water_later
Pepper,vegetative,13.1,28,loam,96.1,1.6,30.8,82.0,55.5,10.4,11.9,33.0,water_later
Pepper,fruiting,12.1,134,loam,56.6,38.8,26.1,44.2,5.1,0.3,4.1,14.0,water_later
Pepper,flowering,7.6,14,loam,86.1,14.6,17.3,27.0,5.2,20.7,4.3,109.0,no_watering
Tomato,seedling,14.5,149,clay,67.8,74.2,29.9,52.5,79.2,2.1,2.7,168.0,no_watering
Potato,vegetative,12.6,36,loam,79.4,27.5,13.5,82.3,46.0,9.5,3.0,168.0,no_watering
Pepper,seedling,14.7,90,loam,82.2,42.4,35.8,35.7,5.6,19.3,6.3,59.0,no_watering
Potato,vegetative,15.7,136,sandy,62.8,18.7,21.1,31.1,81.9,24.4,4.7,168.0,no_watering
Tomato,flowering,21.7,76,loam,66.9,37.9,16.5,82.6,60.9,0.4,2.1,84.0,no_watering
Pepper,flowering,7.5,11,loam,79.9,6.7,20.3,57.8,19.3,10.9,10.5,39.0,water_later
Tomato,seedling,11.6,20,sandy,90.5,15.5,16.7,59.0,40.9,2.9,2.1,168.0,no_watering
Potato,vegetative,30.6,13,loam,85.5,16.1,17.1,80.3,26.4,12.6,4.3,168.0,no_watering
Potato,vegetative,16.9,91,loam,35.3,52.6,14.5,84.7,39.4,5.4,8.8,8.0,water_now
Potato,fruiting,29.1,109,loam,79.6,10.7,24.8,73.8,37.4,11.1,7.2,34.0,water_later
Tomato,fruiting,23.7,103,sandy,40.0,36.2,23.9,87.2,69.9,6.4,9.4,7.0,water_now
Tomato,flowering,9.7,74,sandy,35.3,30.0,28.5,76.5,29.9,10.5,6.8,8.0,water_now
Pepper,flowering,11.5,97,clay,88.2,4.6,32.9,44.2,60.5,4.6,6.8,40.0,water_later
Tomato,fruiting,14.8,113,loam,90.4,4.9,30.4,77.6,77.7,21.3,10.2,15.0,water_later
Pepper,flowering,8.7,128,clay,60.8,32.4,30.0,27.8,34.4,12.7,3.6,60.0,no_watering
Pepper,seedling,5.8,142,clay,55.6,56.6,32.3,65.5,39.9,12.1,6.6,168.0,no_watering
Tomato,vegetative,14.9,104,clay,79.8,53.1,32.8,48.9,0.3,4.5,2.7,130.0,no_watering
Pepper,fruiting,10.2,51,loam,50.2,28.1,24.1,50.8,88.0,18.7,6.4,12.0,water_now
Pepper,flowering,13.9,107,loam,40.3,29.6,27.7,75.9,14.8,22.4,7.4,9.0,water_now
Potato,flowering,25.4,132,sandy,39.4,12.1,28.7,38.0,67.4,21.8,10.0,6.0,water_now
Tomato,flowering,14.1,16,sandy,65.7,18.4,18.6,31.8,86.9,16.3,7.6,35.0,water_later
Potato,fruiting,10.5,72,loam,52.9,33.3,19.3,72.6,77.1,14.7,8.4,16.0,water_later
Potato,vegetative,26.2,42,clay,51.8,48.8,13.0,82.3,33.9,4.5,8.0,43.0,water_later
Pepper,seedling,11.0,144,sandy,79.8,10.7,32.9,58.3,84.8,2.8,9.7,17.0,water_later
Tomato,fruiting,12.9,40,clay,73.1,16.4,27.0,78.1,14.8,5.4,6.6,59.0,no_watering
Pepper,fruiting,5.9,91,sandy,36.0,23.0,16.6,53.1,60.6,16.0,4.7,9.0,water_now
Tomato,flowering,17.4,68,sandy,41.8,53.2,25.0,80.5,64.4,19.8,2.7,12.0,water_now
Potato,seedling,15.6,26,clay,59.7,91.6,19.1,41.8,76.0,23.9,4.7,168.0,no_watering
Potato,vegetative,11.1,19,clay,81.4,16.1,21.8,66.0,41.4,10.1,5.5,168.0,no_watering
Potato,vegetative,11.6,70,sandy,51.5,66.6,14.4,65.1,33.4,24.6,4.8,13.0,water_later
Tomato,vegetative,19.8,93,sandy,61.1,18.0,30.1,84.2,56.5,1.6,5.1,14.0,water_later
Potato,fruiting,15.6,62,sandy,86.1,3.7,22.2,56.5,81.4,16.0,10.8,16.0,water_later
Potato,seedling,31.0,117,sandy,78.8,17.0,26.3,52.3,21.8,1.0,7.4,35.0,water_later
Potato,seedling,13.9,121,clay,71.4,103.7,20.2,92.1,19.0,22.1,2.6,168.0,no_watering
Tomato,seedling,18.7,99,sandy,87.4,10.3,20.8,26.6,53.2,2.5,11.4,31.0,water_later
Pepper,vegetative,11.6,142,loam,94.4,2.1,26.4,64.7,52.0,2.3,11.7,18.0,water_later
Pepper,vegetative,6.2,61,clay,67.3,34.0,22.7,65.0,59.7,6.7,4.5,168.0,no_watering
Tomato,vegetative,21.7,111,sandy,78.4,6.8,31.7,73.1,43.3,22.1,7.9,16.0,water_later
Pepper,seedling,15.8,110,sandy,89.6,12.5,34.8,76.7,59.0,17.4,2.3,168.0,no_watering
Potato,seedling,18.4,119,sandy,64.8,38.0,18.2,51.4,41.7,1.8,6.9,36.0,water_later
Potato,vegetative,15.6,75,loam,43.5,29.6,26.5,27.4,54.4,5.0,6.0,11.0,water_now
Potato,fruiting,11.8,46,clay,89.7,6.4,27.0,31.9,23.2,2.5,6.4,81.0,no_watering
Pepper,flowering,6.5,52,loam,74.8,9.1,21.2,38.9,60.2,9.5,8.7,16.0,water_later
Tomato,flowering,19.5,17,loam,83.3,15.2,29.7,55.8,34.3,6.2,2.7,168.0,no_watering
Potato,seedling,27.0,128,sandy,94.2,5.6,25.7,92.3,84.6,20.1,6.9,168.0,no_watering
Pepper,fruiting,9.7,45,loam,51.1,12.3,34.1,75.3,66.3,1.2,7.0,11.0,water_now
Pepper,vegetative,9.4,94,sandy,62.9,20.2,29.0,81.7,36.0,23.5,9.3,10.0,water_now
Pepper,flowering,5.5,39,sandy,72.3,11.2,27.1,57.1,78.7,19.3,9.4,11.0,water_now
Pepper,vegetative,15.1,124,clay,76.8,34.7,20.4,62.0,20.5,7.6,2.5,168.0,no_watering
Tomato,flowering,9.2,85,sandy,89.2,3.2,24.7,35.8,57.1,2.9,11.2,10.0,water_now
Potato,fruiting,24.2,91,sandy,99.5,0.2,14.6,89.5,28.9,21.6,8.7,19.0,water_later
Tomato,fruiting,16.7,115,loam,75.4,29.8,20.4,59.7,1.5,2.7,3.3,56.0,no_watering
Potato,seedling,27.8,112,loam,70.9,140.3,25.7,85.0,86.3,24.5,3.4,168.0,no_watering
Tomato,fruiting,9.8,29,loam,53.2,16.5,23.4,69.7,72.8,20.1,7.5,41.0,water_later
Pepper,flowering,11.7,47,clay,66.5,26.5,28.9,37.3,76.1,14.4,9.2,64.0,no_watering
Potato,vegetative,13.2,93,loam,61.6,36.5,13.3,58.5,27.5,23.8,4.7,168.0,no_watering
Pepper,fruiting,9.3,142,loam,82.1,13.1,32.2,60.7,12.9,17.2,6.0,15.0,water_later
Tomato,fruiting,8.8,102,sandy,48.5,8.9,31.1,69.6,32.4,18.8,10.0,6.0,water_now
Tomato,flowering,18.6,86,sandy,54.9,24.5,29.1,86.3,50.2,9.9,8.4,10.0,water_now
Potato,flowering,19.8,3,clay,88.2,25.7,22.3,72.0,69.0,18.7,2.1,168.0,no_watering
Tomato,flowering,16.0,8,clay,46.6,68.6,21.6,88.2,78.2,10.3,2.2,168.0,no_watering
Pepper,seedling,8.1,65,sandy,68.3,17.9,30.2,72.8,31.4,12.4,10.3,14.0,water_later
Potato,fruiting,29.2,100,loam,61.6,41.1,13.8,87.6,53.9,5.6,7.4,37.0,water_later
Potato,vegetative,11.6,107,clay,92.6,7.2,13.4,89.4,68.5,25.0,11.2,83.0,no_watering
Tomato,fruiting,18.4,9,sandy,90.4,3.6,31.4,62.3,67.8,12.0,2.7,168.0,no_watering
Tomato,fruiting,21.8,109,clay,65.7,18.8,33.2,82.2,39.3,9.8,3.7,58.0,no_watering
Pepper,flowering,7.4,73,clay,70.3,11.6,32.1,34.1,60.8,14.7,10.2,13.0,water_later
Pepper,vegetative,10.3,16,loam,43.7,116.4,24.6,56.4,32.4,12.8,2.2,168.0,no_watering
Pepper,flowering,15.7,47,sandy,43.6,15.9,25.4,82.6,77.7,16.8,8.0,8.0,water_now
Pepper,seedling,10.6,18,clay,51.6,133.4,26.6,86.7,46.4,3.0,4.5,168.0,no_watering
Tomato,fruiting,23.6,66,clay,78.7,10.7,16.8,68.6,67.8,24.6,9.0,42.0,water_later
Potato,vegetative,13.9,84,loam,57.4,29.3,25.9,58.6,40.4,10.5,4.7,67.0,no_watering
Pepper,fruiting,8.7,29,sandy,43.6,10.8,24.7,74.9,67.9,8.3,10.0,7.0,water_now
Tomato,fruiting,8.6,67,sandy,45.2,16.5,32.9,59.0,60.7,24.3,7.1,17.0,water_later
Tomato,vegetative,9.4,76,sandy,92.2,7.5,18.1,86.7,70.9,22.9,2.6,168.0,no_watering
Tomato,flowering,12.4,75,loam,65.2,21.3,24.9,90.3,63.2,20.8,10.9,15.0,water_later
Tomato,fruiting,13.2,102,loam,55.6,17.9,19.2,66.4,48.9,14.4,7.5,15.0,water_later
Tomato,flowering,10.5,4,loam,66.6,21.9,22.6,60.6,0.6,24.2,6.1,60.0,no_watering
Potato,vegetative,10.6,113,sandy,82.9,5.9,20.0,86.8,39.1,24.2,9.5,13.0,water_later
Tomato,flowering,17.6,37,sandy,50.2,26.8,32.0,63.5,17.0,16.5,4.7,12.0,water_now
Pepper,flowering,6.8,74,sandy,88.6,2.0,35.1,43.7,32.7,8.2,9.9,9.0,water_now
Pepper,flowering,9.5,77,loam,95.5,2.9,29.5,63.2,5.4,4.1,5.9,36.0,water_later
Pepper,flowering,6.0,13,clay,44.8,39.1,16.0,69.9,31.5,6.2,7.8,39.0,water_later
Tomato,fruiting,15.0,70,clay,39.6,24.7,18.3,73.3,12.5,24.7,11.0,8.0,water_now
Potato,vegetative,30.7,87,loam,55.8,94.8,19.1,41.8,9.4,18.7,5.1,33.0,water_later
Potato,fruiting,19.0,111,sandy,49.6,30.0,22.6,45.9,59.8,6.0,7.5,10.0,water_now
Tomato,fruiting,19.8,130,clay,88.8,10.6,19.0,31.6,0.5,18.6,7.7,40.0,water_later
Pepper,flowering,8.3,124,sandy,68.1,10.3,15.6,55.3,5.9,2.0,8.3,11.0,water_now
Potato,vegetative,19.3,136,loam,95.0,2.7,24.5,30.9,78.3,12.7,7.4,40.0,water_later
Potato,flowering,20.5,50,clay,66.0,93.6,17.3,75.3,84.5,16.9,4.3,168.0,no_watering
Potato,vegetative,23.8,73,loam,36.9,49.5,19.7,28.7,19.1,17.7,6.0,14.0,water_later
Potato,fruiting,24.3,115,sandy,97.3,1.4,26.6,78.3,22.2,9.5,11.7,12.0,water_now
Potato,flowering,30.2,134,sandy,50.3,21.6,25.0,85.1,32.0,11.7,7.1,10.0,water_now
Tomato,flowering,9.7,80,sandy,66.8,6.6,31.2,28.8,7.2,10.3,11.6,7.0,water_now
Tomato,flowering,19.4,68,loam,38.3,42.1,18.2,56.4,36.9,8.4,5.0,11.0,water_now
Pepper,vegetative,5.3,76,loam,74.9,26.4,22.9,89.5,29.0,6.6,3.8,62.0,no_watering
Potato,fruiting,29.5,30,sandy,79.1,10.6,25.8,59.2,16.6,7.6,4.6,38.0,water_later
Potato,seedling,11.9,133,sandy,93.2,9.8,23.1,68.9,13.7,13.3,3.6,168.0,no_watering
Pepper,fruiting,7.2,37,loam,57.6,27.2,35.4,47.1,52.0,8.6,2.1,70.0,no_watering
Tomato,vegetative,22.0,69,loam,49.7,23.0,23.4,83.9,9.4,12.6,11.6,10.0,water_now
Potato,fruiting,18.9,37,loam,65.9,34.0,13.7,75.5,71.8,1.3,4.0,86.0,no_watering
Potato,flowering,18.5,83,clay,91.0,8.8,25.1,27.9,57.5,11.7,3.3,160.0,no_watering
Potato,seedling,14.3,141,loam,83.5,39.2,15.5,82.8,70.5,7.9,3.9,168.0,no_watering
Pepper,flowering,12.9,26,clay,35.5,146.8,23.1,88.6,9.3,15.3,2.5,34.0,water_later
Tomato,vegetative,15.0,84,clay,51.2,34.0,16.2,30.9,36.7,15.1,10.9,14.0,water_later
Potato,fruiting,24.0,63,sandy,41.8,74.5,14.9,35.4,31.8,8.6,3.2,16.0,water_later
Tomato,fruiting,18.5,101,clay,82.5,7.1,29.1,47.5,89.9,5.9,8.0,34.0,water_later
Pepper,vegetative,11.8,68,clay,44.0,47.3,26.6,84.3,70.8,15.2,10.9,11.0,water_now
Potato,fruiting,22.9,122,clay,50.9,91.4,21.4,83.8,40.9,3.9,2.4,88.0,no_watering
Pepper,flowering,13.6,18,clay,83.8,12.9,17.5,81.5,43.6,22.7,9.4,156.0,no_watering
Pepper,seedling,13.6,79,clay,35.7,168.0,27.4,76.9,78.8,13.3,9.9,11.0,water_now
Pepper,seedling,10.0,10,sandy,95.0,7.0,35.1,34.5,3.2,21.2,4.7,131.0,no_watering
Tomato,flowering,19.0,98,sandy,51.2,11.8,33.9,59.3,45.2,11.1,7.0,10.0,water_now
Tomato,fruiting,9.2,30,sandy,80.6,3.6,25.0,42.1,81.7,23.4,9.4,12.0,water_now
Tomato,seedling,12.0,15,sandy,63.4,48.5,30.4,74.7,28.5,20.9,9.1,87.0,no_watering
Tomato,fruiting,20.9,13,loam,36.5,22.0,21.9,79.8,18.8,13.9,9.4,13.0,water_later
Potato,flowering,26.0,47,sandy,63.8,11.0,15.8,30.0,35.1,22.4,9.4,15.0,water_later
Potato,vegetative,19.8,130,loam,38.4,22.6,28.1,48.0,83.2,12.0,11.7,7.0,water_now
Tomato,seedling,16.1,62,clay,76.1,99.8,17.5,73.4,29.1,22.2,3.0,168.0,no_watering
Pepper,seedling,7.3,17,sandy,87.9,11.7,31.8,70.8,46.4,18.5,6.2,168.0,no_watering
Tomato,seedling,22.3,84,sandy,56.4,41.8,21.0,72.7,18.7,19.8,9.5,34.0,water_later
Pepper,vegetative,11.8,62,loam,91.6,4.2,32.2,67.6,73.7,24.0,5.8,168.0,no_watering
Tomato,flowering,8.3,67,clay,57.2,18.1,27.1,38.2,10.3,5.3,8.2,14.0,water_later
Potato,fruiting,22.4,143,sandy,78.6,29.8,13.6,56.1,27.6,7.4,5.2,34.0,water_later
Pepper,flowering,5.7,118,loam,54.8,13.5,34.5,91.5,27.4,10.8,6.9,11.0,water_now
Potato,seedling,27.5,146,loam,93.0,18.0,23.7,47.0,18.0,16.6,2.0,168.0,no_watering
Tomato,flowering,11.2,71,sandy,35.7,28.3,30.9,64.3,13.2,8.5,3.9,12.0,water_now
Pepper,seedling,7.4,54,loam,86.8,19.4,23.5,45.8,41.6,6.1,9.3,113.0,no_watering
Tomato,seedling,8.6,10,loam,54.9,77.5,18.5,51.5,3.4,17.0,10.1,57.0,no_watering
Pepper,flowering,10.1,66,sandy,57.7,10.0,34.9,53.3,86.4,15.1,5.3,37.0,water_later
Potato,seedling,17.2,125,clay,71.3,92.6,20.3,86.9,41.3,0.9,2.9,168.0,no_watering
Pepper,vegetative,7.0,131,sandy,43.7,20.4,34.8,35.4,70.1,18.5,6.5,8.0,water_now
Potato,flowering,27.4,37,clay,53.7,32.4,27.6,45.6,46.5,2.5,4.4,61.0,no_watering
Tomato,fruiting,16.8,100,clay,85.2,10.1,33.1,76.9,58.4,23.1,3.8,168.0,no_watering
Tomato,seedling,19.7,122,clay,60.2,130.4,19.2,28.4,7.0,17.6,2.4,168.0,no_watering
Potato,vegetative,27.6,111,clay,73.6,34.2,16.4,62.1,50.3,13.8,11.5,37.0,water_later
Pepper,flowering,6.9,49,sandy,54.0,12.1,23.8,76.4,73.4,9.1,9.2,11.0,water_now
Pepper,fruiting,6.1,8,loam,68.6,17.4,15.5,87.6,0.1,21.9,7.2,41.0,water_later
Pepper,flowering,8.9,28,sandy,47.6,27.8,28.8,77.3,6.8,14.4,4.0,12.0,water_now
Tomato,fruiting,16.2,7,loam,92.1,8.2,16.8,28.7,33.8,1.0,5.2,110.0,no_watering
Pepper,seedling,6.9,29,clay,49.9,89.3,21.7,86.3,82.0,5.3,11.1,168.0,no_watering
Tomato,seedling,23.1,143,clay,83.8,38.0,15.0,73.4,54.2,3.9,6.9,168.0,no_watering
Potato,seedling,22.0,86,clay,37.7,84.1,25.8,83.8,29.4,5.4,10.1,15.0,water_later
Pepper,vegetative,13.7,106,loam,96.1,4.8,20.4,43.9,33.7,8.1,6.1,87.0,no_watering
Potato,fruiting,20.9,41,clay,82.0,33.2,20.3,55.1,69.1,16.0,6.4,168.0,no_watering
Tomato,seedling,18.0,116,clay,80.2,92.7,15.2,55.0,47.4,5.1,3.3,168.0,no_watering
Potato,fruiting,22.2,42,clay,87.6,21.1,15.5,70.1,69.3,23.8,9.1,168.0,no_watering
Pepper,fruiting,14.3,119,sandy,92.6,1.2,22.7,29.0,80.0,16.5,11.3,9.0,water_now
Tomato,flowering,22.3,31,sandy,52.1,29.7,24.7,25.7,86.8,1.2,2.4,35.0,water_later
Potato,flowering,29.9,131,loam,77.0,7.4,23.9,50.2,37.4,5.3,11.2,13.0,water_later
Tomato,vegetative,22.5,127,loam,50.0,31.5,26.7,70.7,36.8,24.2,6.6,13.0,water_later
Pepper,vegetative,8.6,88,sandy,93.9,1.5,27.7,50.0,41.9,8.0,10.8,12.0,water_now
Tomato,flowering,17.8,55,loam,76.8,16.5,33.9,57.2,89.7,12.5,7.6,40.0,water_later
Tomato,seedling,20.8,10,clay,63.6,86.4,23.1,86.0,22.1,15.9,6.8,168.0,no_watering
Pepper,fruiting,12.7,132,loam,56.7,25.8,16.4,55.3,10.7,6.3,4.2,26.0,water_later
Pepper,flowering,11.7,7,sandy,51.2,13.9,31.1,25.6,15.9,2.7,6.3,12.0,water_now
Tomato,vegetative,8.4,32,clay,36.1,136.9,15.2,62.0,34.5,21.6,3.1,36.0,water_later
Potato,vegetative,15.1,97,clay,91.2,11.1,26.4,39.1,12.2,6.5,5.8,88.0,no_watering
Potato,fruiting,27.4,145,sandy,89.2,13.4,20.4,94.8,44.3,1.5,6.3,32.0,water_later
Potato,seedling,31.8,104,loam,88.7,16.2,27.5,73.9,68.0,20.4,5.3,168.0,no_watering
Pepper,fruiting,9.2,87,loam,58.4,29.2,28.3,40.3,80.5,4.4,2.4,35.0,water_later
Pepper,seedling,8.1,59,loam,57.7,64.9,34.3,34.3,22.1,5.6,2.3,168.0,no_watering
Pepper,seedling,6.2,117,clay,86.7,21.4,21.7,55.8,24.0,13.4,3.9,168.0,no_watering
Tomato,fruiting,17.0,99,clay,81.7,10.2,27.8,92.1,46.5,3.9,8.2,35.0,water_later
Pepper,vegetative,11.5,26,loam,46.9,54.5,19.4,62.7,82.6,20.6,10.9,32.0,water_later
Pepper,flowering,7.0,47,clay,71.3,9.9,28.4,69.1,87.0,1.0,10.2,30.0,water_later
Tomato,vegetative,14.2,94,loam,96.6,1.9,20.7,40.1,42.3,7.1,10.1,34.0,water_later
Potato,fruiting,23.9,56,clay,80.1,27.6,18.1,87.4,15.4,15.0,3.0,168.0,no_watering
Potato,vegetative,18.4,103,sandy,92.8,6.4,15.1,46.2,20.5,2.1,8.5,16.0,water_later
Potato,flowering,31.2,148,clay,86.2,14.1,20.5,59.3,39.6,21.4,4.8,168.0,no_watering
Tomato,fruiting,16.0,79,sandy,73.1,7.8,25.0,51.8,8.2,16.5,11.5,8.0,water_now
Pepper,fruiting,7.2,120,loam,40.3,10.7,29.6,39.3,22.9,8.7,11.2,6.0,water_now
Pepper,vegetative,12.0,142,clay,88.6,11.6,26.4,74.5,73.2,4.1,4.2,168.0,no_watering
Pepper,flowering,15.5,76,clay,50.3,24.5,25.9,77.4,79.7,6.7,8.3,16.0,water_later
Potato,vegetative,14.1,29,clay,42.4,105.5,22.3,49.3,18.4,18.2,6.5,84.0,no_watering
Potato,flowering,24.3,33,loam,82.4,11.3,28.4,81.9,30.1,10.8,3.5,130.0,no_watering
Tomato,seedling,21.3,125,sandy,86.7,15.2,23.2,32.9,84.7,9.5,4.9,168.0,no_watering
Pepper,flowering,9.8,89,loam,81.7,11.5,29.4,54.4,20.1,13.6,7.0,16.0,water_later
Potato,seedling,23.0,94,sandy,66.4,32.7,19.7,91.0,19.0,22.4,8.3,48.0,water_later
Tomato,fruiting,11.2,77,clay,58.7,29.5,30.4,32.2,71.3,11.4,2.3,168.0,no_watering
Pepper,seedling,12.2,87,clay,43.3,43.7,34.0,30.4,50.4,12.7,11.4,17.0,water_later
Tomato,vegetative,18.0,109,sandy,68.4,14.2,23.2,67.8,70.1,6.1,8.9,12.0,water_now
Potato,fruiting,25.4,85,loam,89.8,13.0,13.9,34.7,1.5,22.2,2.1,138.0,no_watering
Tomato,flowering,9.8,93,clay,85.8,10.0,29.9,72.2,8.4,17.9,5.0,88.0,no_watering
Tomato,vegetative,18.0,98,loam,47.1,39.8,23.4,37.9,83.1,8.0,11.6,9.0,water_now
Potato,seedling,10.4,53,sandy,88.4,16.6,19.8,80.4,81.0,19.3,8.7,161.0,no_watering
Potato,seedling,16.2,10,sandy,97.3,4.1,21.5,55.3,15.7,12.1,4.6,168.0,no_watering
Potato,flowering,26.2,66,sandy,88.9,4.6,12.6,42.8,82.6,18.4,7.6,58.0,no_watering
Potato,seedling,17.3,141,sandy,67.4,34.7,19.0,55.2,18.5,13.0,6.4,36.0,water_later
Potato,seedling,22.5,23,loam,53.9,76.8,25.1,94.7,14.0,7.5,5.5,99.0,no_watering
Potato,seedling,30.4,77,loam,90.5,23.4,19.5,86.5,76.6,18.5,11.2,168.0,no_watering
Tomato,fruiting,19.1,30,loam,42.7,16.1,26.6,72.8,2.6,3.1,9.6,9.0,water_now
Potato,fruiting,14.2,7,sandy,83.7,4.2,26.6,87.7,10.2,20.2,9.9,27.0,water_later
Potato,flowering,10.1,133,loam,95.3,4.8,18.0,27.9,9.6,17.2,7.2,35.0,water_later
Tomato,flowering,18.1,119,loam,69.2,25.1,30.3,38.7,15.0,23.5,8.8,12.0,water_now
Tomato,vegetative,8.9,50,sandy,99.1,0.7,33.3,52.1,26.2,10.8,3.5,47.0,water_later
Potato,vegetative,10.1,109,sandy,55.9,48.8,19.6,92.1,51.0,6.1,3.4,18.0,water_later
Tomato,flowering,9.3,22,clay,37.6,20.1,27.8,60.3,30.0,0.2,12.0,9.0,water_now
Tomato,flowering,8.3,2,loam,94.9,3.4,27.3,87.0,70.2,2.9,10.9,53.0,no_watering
Potato,seedling,22.6,14,sandy,53.5,43.9,25.8,39.3,32.9,17.6,9.5,18.0,water_later
Potato,vegetative,16.9,145,clay,45.9,35.0,18.1,74.5,63.7,2.9,10.4,12.0,water_now
Potato,flowering,19.3,102,clay,58.5,32.1,17.8,94.4,33.8,8.5,7.1,35.0,water_later
Potato,seedling,25.4,140,sandy,61.6,21.6,28.1,77.2,3.0,15.4,11.3,12.0,water_now
Potato,fruiting,13.4,136,loam,59.2,27.0,27.6,85.0,76.3,3.4,10.4,11.0,water_now
Pepper,flowering,9.5,66,loam,78.3,13.5,19.0,72.0,72.3,6.6,8.6,21.0,water_later
Pepper,fruiting,8.6,87,sandy,46.4,20.3,24.2,51.7,41.1,0.1,3.2,11.0,water_now
Potato,fruiting,18.9,80,sandy,68.7,35.5,19.6,76.2,9.4,4.8,5.4,15.0,water_later
Potato,vegetative,28.1,65,sandy,78.7,13.6,15.7,45.4,55.1,15.9,5.3,63.0,no_watering
Potato,fruiting,30.3,140,loam,53.4,35.2,21.4,71.5,9.9,1.5,6.7,14.0,water_later
Potato,vegetative,27.9,60,loam,47.3,151.3,18.5,93.3,42.4,3.3,3.8,59.0,no_watering
Potato,flowering,21.7,14,clay,94.3,3.4,18.9,72.4,62.0,1.3,9.0,127.0,no_watering
Pepper,seedling,15.8,134,sandy,58.5,46.4,32.0,50.2,33.1,5.2,8.0,14.0,water_later
Potato,fruiting,31.5,76,sandy,63.2,20.3,15.6,67.8,42.7,3.0,5.5,16.0,water_later
Pepper,vegetative,7.5,2,clay,51.2,51.5,20.7,87.8,59.6,10.5,5.1,168.0,no_watering
Tomato,fruiting,23.9,7,sandy,89.0,2.3,21.3,83.3,8.9,4.9,11.4,16.0,water_later
Tomato,fruiting,15.8,130,clay,40.7,17.9,27.8,35.7,77.9,4.3,10.1,9.0,water_now
Tomato,seedling,9.3,122,loam,65.0,58.0,33.1,86.0,64.1,18.9,8.1,87.0,no_watering
Pepper,fruiting,12.7,11,loam,76.3,8.4,21.1,54.6,62.8,20.1,7.7,168.0,no_watering
Tomato,seedling,14.7,61,clay,72.2,106.5,15.1,60.3,79.2,2.7,4.4,168.0,no_watering
Pepper,vegetative,6.3,71,clay,96.5,5.3,19.2,52.8,76.6,16.1,2.7,168.0,no_watering
Tomato,seedling,20.7,21,clay,88.7,32.5,21.5,59.2,75.0,17.0,10.9,168.0,no_watering
Tomato,flowering,19.7,28,clay,54.3,41.0,19.8,63.5,5.6,21.9,4.7,125.0,no_watering
Pepper,vegetative,11.2,70,loam,36.4,53.8,24.8,86.9,33.2,7.7,4.3,11.0,water_now
Pepper,flowering,13.8,104,loam,58.0,12.5,21.2,35.5,11.5,3.9,11.5,10.0,water_now
Potato,vegetative,17.3,135,clay,39.4,66.9,22.9,69.0,89.3,3.0,5.9,15.0,water_later
Tomato,vegetative,11.7,86,clay,49.4,64.3,24.4,66.5,72.2,0.3,3.1,61.0,no_watering
Tomato,seedling,14.4,27,clay,84.4,54.6,23.6,79.3,44.2,22.0,11.0,168.0,no_watering
Potato,fruiting,19.9,142,sandy,81.3,10.7,23.6,48.3,88.7,17.4,5.0,18.0,water_later
Pepper,fruiting,14.0,111,sandy,96.1,0.7,24.3,46.3,86.9,16.8,9.9,11.0,water_now
Pepper,vegetative,13.2,54,loam,62.8,21.2,22.4,53.6,59.0,24.8,7.9,40.0,water_later
Pepper,seedling,12.4,111,sandy,64.1,33.3,30.5,45.0,24.2,5.2,12.0,11.0,water_now
Potato,fruiting,28.2,42,loam,66.0,42.9,23.4,44.1,11.0,6.0,3.0,84.0,no_watering
Pepper,seedling,10.1,4,sandy,36.8,38.6,26.8,33.2,71.6,18.6,10.0,10.0,water_now
Potato,vegetative,24.3,80,sandy,46.4,32.0,12.7,49.4,20.9,9.1,6.1,11.0,water_now
Potato,seedling,16.6,141,loam,38.7,168.0,24.1,65.7,35.0,13.2,5.5,15.0,water_later
Pepper,seedling,6.7,109,sandy,48.3,48.3,22.4,32.7,13.6,15.0,3.5,131.0,no_watering
Pepper,fruiting,9.2,139,sandy,88.8,1.5,35.7,33.3,35.5,23.3,8.2,9.0,water_now
Potato,fruiting,25.3,97,sandy,71.2,13.1,28.4,34.1,42.0,7.0,7.0,12.0,water_now
Pepper,seedling,6.9,11,clay,62.1,67.5,23.5,91.2,75.6,7.6,5.6,168.0,no_watering
Tomato,fruiting,14.4,62,clay,72.4,16.1,16.8,38.6,71.5,20.8,6.5,40.0,water_later
Pepper,flowering,15.1,18,loam,45.9,24.7,25.1,55.9,11.0,15.1,6.3,14.0,water_later
Tomato,seedling,9.1,3,clay,70.2,70.7,26.3,69.9,16.4,15.7,4.2,168.0,no_watering
Pepper,vegetative,9.5,17,sandy,45.7,23.4,26.2,61.1,61.0,13.1,5.8,13.0,water_later
Pepper,fruiting,13.7,64,loam,50.9,25.8,18.6,69.9,26.9,0.1,5.1,14.0,water_later
Potato,flowering,11.2,133,clay,56.8,56.9,14.2,65.2,27.8,13.7,2.4,168.0,no_watering
Tomato,vegetative,12.6,115,sandy,53.2,17.8,22.1,36.5,14.8,20.7,9.1,9.0,water_now
Potato,vegetative,29.7,92,sandy,76.5,34.1,26.5,88.6,86.2,10.4,2.0,61.0,no_watering
Tomato,flowering,20.7,24,sandy,53.6,17.5,20.7,50.1,3.4,16.8,6.4,13.0,water_later
Tomato,vegetative,14.7,86,sandy,49.6,22.3,27.0,92.4,21.2,23.5,9.4,13.0,water_later
Potato,vegetative,16.5,131,sandy,57.8,32.8,13.4,29.2,37.2,20.4,7.6,17.0,water_later
Potato,seedling,10.4,90,clay,82.6,46.9,18.0,84.7,43.9,8.4,2.3,168.0,no_watering
Pepper,seedling,5.6,68,sandy,83.4,12.9,22.6,38.2,0.6,23.8,7.9,37.0,water_later
Potato,vegetative,13.4,39,loam,90.4,7.9,16.0,48.3,88.1,12.0,5.0,168.0,no_watering
Tomato,fruiting,22.7,40,loam,99.1,0.6,20.3,57.7,43.1,10.5,7.8,39.0,water_later
Pepper,seedling,5.5,112,clay,68.3,45.6,22.9,65.1,63.4,3.5,2.5,168.0,no_watering
Potato,vegetative,26.1,88,clay,79.2,29.5,20.4,93.7,5.9,7.7,6.5,84.0,no_watering
Tomato,vegetative,10.2,15,clay,83.2,20.4,26.0,90.8,82.2,18.4,3.4,168.0,no_watering
Pepper,flowering,7.6,33,loam,92.8,5.5,15.9,68.4,38.1,13.3,3.8,168.0,no_watering
Pepper,seedling,8.4,104,clay,50.5,107.7,25.4,93.3,23.3,5.6,4.6,130.0,no_watering
Tomato,seedling,23.4,38,clay,88.3,34.3,28.6,77.7,21.1,2.3,6.9,168.0,no_watering
Potato,fruiting,10.9,117,sandy,70.9,8.8,22.2,71.4,89.5,15.1,8.7,16.0,water_later
Tomato,seedling,18.1,143,sandy,52.5,93.1,28.9,61.0,20.1,13.2,2.4,114.0,no_watering
Potato,seedling,21.5,36,clay,99.2,2.1,16.8,51.4,41.0,18.2,7.7,168.0,no_watering
Pepper,flowering,13.8,76,sandy,52.7,21.3,19.8,38.3,89.2,18.5,4.1,37.0,water_later
Potato,seedling,30.5,25,sandy,79.8,21.5,25.4,90.3,52.7,16.1,6.0,168.0,no_watering
Tomato,vegetative,23.0,34,loam,46.0,61.1,17.7,76.6,55.4,7.1,7.2,17.0,water_later
Pepper,fruiting,14.3,108,loam,69.7,43.9,17.8,41.7,77.0,18.1,3.2,168.0,no_watering
Potato,fruiting,31.7,45,clay,59.3,59.2,12.9,63.9,88.1,19.4,5.9,168.0,no_watering
Tomato,flowering,18.3,48,loam,86.8,21.2,21.3,87.6,28.5,8.2,4.0,132.0,no_watering
Tomato,flowering,22.8,130,sandy,76.0,7.9,22.6,76.7,72.8,5.5,8.4,12.0,water_now
Pepper,vegetative,5.3,43,sandy,80.0,9.3,22.5,78.2,67.1,17.2,6.6,62.0,no_watering
Pepper,flowering,10.4,104,clay,99.9,0.1,26.7,45.2,41.8,20.0,2.5,168.0,no_watering
Tomato,flowering,11.1,99,clay,72.9,17.3,19.9,92.8,82.4,14.8,8.1,168.0,no_watering
Pepper,seedling,6.5,25,sandy,44.0,49.5,31.0,25.5,34.7,20.6,4.1,27.0,water_later
Pepper,fruiting,10.2,12,sandy,61.5,13.6,16.6,52.5,59.4,2.9,10.5,11.0,water_now
Pepper,vegetative,12.6,58,clay,39.3,50.4,30.4,87.7,61.0,11.1,4.8,14.0,water_later
Tomato,seedling,18.1,102,clay,85.1,44.6,16.1,62.3,61.2,9.6,9.9,168.0,no_watering
Tomato,fruiting,22.3,30,clay,56.4,25.9,24.6,68.0,88.4,21.8,5.4,168.0,no_watering
Tomato,vegetative,13.3,143,clay,67.5,39.7,21.2,44.0,25.7,11.6,4.1,168.0,no_watering
Pepper,fruiting,5.9,122,sandy,44.1,21.0,22.4,66.6,31.2,24.3,7.7,12.0,water_now
Pepper,seedling,13.8,122,clay,70.2,106.7,19.3,83.5,78.6,12.9,2.4,168.0,no_watering
Potato,seedling,11.1,72,loam,96.9,4.3,21.9,87.1,71.7,4.9,10.8,65.0,no_watering
Potato,flowering,22.9,105,clay,42.0,32.9,23.6,28.0,26.6,18.0,9.0,18.0,water_later
Potato,vegetative,28.0,51,loam,88.0,22.9,22.3,26.1,72.1,6.9,2.1,168.0,no_watering
Potato,vegetative,16.5,47,loam,53.1,97.9,23.5,63.2,0.6,2.7,3.2,45.0,water_later
Potato,seedling,12.0,78,sandy,53.4,38.3,16.1,33.5,36.3,20.7,8.8,13.0,water_later
Tomato,vegetative,12.8,25,loam,82.7,10.3,19.4,25.9,8.5,20.1,7.7,110.0,no_watering
Potato,flowering,11.4,6,clay,80.7,8.3,21.4,40.4,5.5,4.5,10.1,63.0,no_watering
Tomato,fruiting,17.1,13,sandy,79.9,8.0,19.1,52.6,45.2,23.6,4.4,168.0,no_watering
Pepper,fruiting,13.5,10,clay,55.1,13.2,29.2,64.2,32.1,5.9,10.0,17.0,water_later
Potato,vegetative,25.9,39,sandy,97.2,2.5,12.1,73.9,81.0,13.2,10.4,32.0,water_later
Tomato,seedling,15.1,108,loam,65.2,72.7,26.5,32.7,7.3,3.7,2.3,157.0,no_watering
Tomato,fruiting,10.7,106,loam,73.7,12.2,30.0,56.3,58.6,10.7,5.6,15.0,water_later
Potato,flowering,12.9,144,sandy,61.8,23.2,24.6,43.7,70.9,4.2,10.0,8.0,water_now
Pepper,seedling,15.3,133,loam,72.6,76.1,20.6,74.4,49.5,9.4,8.4,111.0,no_watering
Tomato,seedling,10.0,60,loam,61.8,38.8,29.5,65.0,89.5,13.0,7.3,168.0,no_watering
Tomato,flowering,21.0,95,sandy,92.0,4.9,17.2,25.0,33.4,0.7,10.0,12.0,water_now
Potato,seedling,31.9,72,loam,72.3,167.3,14.8,81.3,62.6,3.8,3.7,168.0,no_watering
Tomato,vegetative,12.6,69,clay,48.3,69.2,18.4,41.1,56.9,17.5,3.4,168.0,no_watering
Tomato,fruiting,16.8,141,sandy,52.4,17.0,30.3,78.5,20.1,20.1,4.4,11.0,water_now
Tomato,vegetative,11.1,42,loam,36.2,77.4,26.1,86.9,69.7,12.0,6.8,10.0,water_now
Pepper,vegetative,7.0,52,clay,45.2,78.1,27.0,88.6,82.0,4.2,9.3,15.0,water_later
Pepper,fruiting,6.3,70,loam,72.7,15.9,19.9,52.8,18.1,13.0,4.5,35.0,water_later
Potato,seedling,15.9,37,loam,72.0,53.2,16.9,86.2,78.5,18.6,6.3,168.0,no_watering
Potato,vegetative,29.9,106,sandy,58.3,29.6,13.1,68.6,81.6,11.9,4.9,18.0,water_later
Pepper,seedling,12.0,117,sandy,65.9,25.2,26.3,54.7,21.1,8.7,8.8,32.0,water_later
Tomato,flowering,18.3,84,loam,85.3,12.4,23.2,73.0,41.5,7.9,3.6,111.0,no_watering
Potato,flowering,21.2,19,loam,76.9,7.0,28.7,30.2,20.7,13.7,9.8,37.0,water_later
Pepper,fruiting,7.2,123,sandy,53.6,18.1,17.3,43.5,43.3,20.7,7.5,10.0,water_now
Tomato,fruiting,15.6,93,loam,65.8,14.8,27.9,40.3,59.8,18.1,4.1,63.0,no_watering
Potato,flowering,26.5,63,sandy,72.9,11.0,26.6,50.4,61.6,13.8,4.2,34.0,water_later
Tomato,flowering,14.5,23,clay,80.3,10.6,19.9,44.3,65.3,3.4,8.9,106.0,no_watering
Potato,fruiting,21.9,82,sandy,95.9,2.3,17.2,80.6,43.8,15.0,5.2,87.0,no_watering
Tomato,flowering,16.1,148,clay,65.4,19.8,16.0,51.6,16.1,7.0,9.8,31.0,water_later
Potato,vegetative,30.7,140,clay,56.4,150.6,14.2,31.1,49.1,18.3,3.3,168.0,no_watering
Tomato,flowering,20.7,135,loam,91.3,5.7,26.8,86.7,77.3,12.2,4.0,168.0,no_watering
Potato,fruiting,22.5,78,loam,45.1,21.9,20.8,54.4,6.5,7.4,10.7,9.0,water_now
Tomato,fruiting,9.8,54,clay,85.1,7.9,24.2,55.8,85.3,14.7,11.9,41.0,water_later
Potato,vegetative,17.1,30,loam,66.8,46.6,15.9,34.8,66.0,12.0,8.2,65.0,no_watering
Potato,vegetative,26.5,17,sandy,52.1,51.2,15.0,89.5,72.1,13.6,5.4,168.0,no_watering
Potato,fruiting,13.5,128,sandy,63.8,22.6,21.6,38.8,9.5,24.0,5.9,13.0,water_later
Pepper,fruiting,5.8,53,clay,56.0,18.3,28.8,29.8,56.9,24.5,6.4,15.0,water_later
Tomato,seedling,11.6,85,loam,73.1,49.1,20.6,77.3,23.1,1.3,9.2,56.0,no_watering
Tomato,seedling,15.2,1,sandy,87.8,6.9,30.6,90.9,27.7,15.1,10.7,130.0,no_watering
Potato,seedling,27.1,38,sandy,54.0,81.8,17.3,67.5,1.6,18.0,3.6,82.0,no_watering
Pepper,vegetative,8.2,82,loam,77.3,11.3,29.0,26.2,44.7,13.1,8.9,15.0,water_later
Pepper,fruiting,9.7,136,clay,81.9,11.9,21.6,31.0,17.1,11.5,4.4,82.0,no_watering
Tomato,vegetative,17.6,41,sandy,50.3,24.7,18.0,65.1,36.6,15.6,7.5,61.0,no_watering
Pepper,fruiting,5.0,87,loam,83.1,6.4,24.1,36.5,11.1,14.6,5.6,36.0,water_later
Pepper,vegetative,9.2,94,sandy,89.5,2.9,25.5,86.4,15.6,22.7,11.8,15.0,water_later
Tomato,seedling,12.8,32,clay,44.4,61.8,34.0,85.3,56.5,22.1,9.7,168.0,no_watering
Potato,seedling,27.1,2,loam,50.5,93.4,17.1,89.2,67.3,3.9,6.0,168.0,no_watering
Pepper,fruiting,13.6,23,clay,53.0,12.8,35.3,56.6,85.0,10.4,8.1,14.0,water_later
Potato,vegetative,23.7,129,sandy,51.7,32.1,15.1,64.8,68.6,22.6,11.5,8.0,water_now
Pepper,vegetative,7.3,82,clay,53.5,57.7,30.3,75.9,16.2,0.9,7.2,16.0,water_later
Pepper,seedling,8.7,110,loam,53.2,68.2,17.7,72.2,61.9,17.3,8.2,168.0,no_watering
Pepper,fruiting,13.9,137,sandy,58.6,17.8,25.5,45.7,36.8,7.0,2.2,13.0,water_later
Pepper,fruiting,11.6,138,clay,51.2,21.8,23.6,63.3,51.6,18.0,11.0,13.0,water_later
Tomato,seedling,17.2,140,sandy,38.4,72.5,29.2,84.1,36.1,20.1,5.6,11.0,water_now
Pepper,fruiting,10.6,25,loam,36.0,29.4,34.8,41.0,46.6,14.3,4.3,14.0,water_later
Tomato,flowering,21.8,74,clay,95.9,2.6,22.9,70.1,35.6,22.2,7.4,119.0,no_watering
Pepper,seedling,12.2,66,sandy,38.3,82.5,26.6,55.6,3.0,6.4,4.5,12.0,water_now
Tomato,seedling,14.4,61,sandy,79.6,11.1,32.2,85.3,5.5,11.2,10.2,17.0,water_later
Tomato,flowering,21.1,110,loam,80.5,19.0,17.4,73.6,28.7,6.8,3.8,84.0,no_watering
Pepper,flowering,9.4,76,sandy,65.3,11.6,22.2,78.6,81.3,16.2,6.8,33.0,water_later
Tomato,seedling,21.6,96,sandy,50.3,108.2,30.3,33.6,81.4,6.3,5.7,14.0,water_later
Tomato,fruiting,22.7,28,clay,94.7,8.0,19.4,77.7,10.2,20.8,3.0,168.0,no_watering
Tomato,vegetative,9.0,77,clay,67.6,29.6,16.1,34.1,16.9,21.4,11.9,26.0,water_later
Pepper,fruiting,14.1,68,sandy,55.4,7.9,35.7,90.1,78.3,23.2,6.9,9.0,water_now
Pepper,flowering,5.7,143,sandy,81.8,3.5,28.9,90.9,10.7,18.5,9.9,10.0,water_now
Pepper,fruiting,12.9,96,clay,52.7,30.1,19.0,86.3,47.3,1.1,6.0,23.0,water_later
Pepper,vegetative,10.6,65,clay,53.6,18.5,31.1,37.8,65.0,0.7,10.5,12.0,water_now
Potato,seedling,30.8,115,loam,58.4,50.8,12.8,25.1,22.0,17.0,10.2,42.0,water_later
Potato,flowering,19.2,103,sandy,60.8,17.7,17.4,54.0,49.7,4.1,11.6,8.0,water_now
Pepper,vegetative,10.2,111,loam,67.6,24.2,17.1,52.4,64.0,19.1,6.2,110.0,no_watering
Pepper,flowering,15.6,5,clay,55.5,49.0,15.5,84.6,49.2,23.7,3.9,168.0,no_watering
Potato,seedling,11.6,44,loam,74.1,60.2,19.8,45.1,48.3,15.9,5.0,168.0,no_watering
Tomato,seedling,9.7,130,clay,79.0,40.8,19.0,29.5,34.9,9.9,9.1,107.0,no_watering
Potato,flowering,28.6,134,loam,53.2,50.3,15.5,52.3,69.9,12.1,2.2,168.0,no_watering
Potato,fruiting,24.5,13,sandy,46.0,13.4,24.0,32.9,19.7,15.5,10.5,9.0,water_now
Pepper,fruiting,6.9,144,loam,92.5,4.1,25.4,93.5,89.4,7.7,11.9,14.0,water_later
Pepper,seedling,14.4,90,sandy,58.3,40.3,25.1,38.4,61.2,10.8,6.2,159.0,no_watering
Potato,vegetative,27.1,145,clay,42.1,73.1,12.2,52.6,19.9,6.5,5.2,33.0,water_later
Tomato,fruiting,13.9,149,sandy,76.8,9.9,27.2,35.3,23.8,11.0,3.2,36.0,water_later
Tomato,seedling,18.1,92,clay,38.9,142.3,18.6,42.2,37.6,22.3,5.3,168.0,no_watering
Potato,fruiting,11.8,18,clay,75.7,17.9,13.3,94.4,14.4,19.9,11.7,108.0,no_watering
Tomato,vegetative,17.3,45,clay,90.7,4.4,33.2,32.8,89.4,11.3,8.4,83.0,no_watering
Pepper,seedling,12.6,107,clay,77.6,47.7,31.3,64.7,56.2,9.4,11.1,60.0,no_watering
Tomato,flowering,20.8,70,sandy,35.3,18.3,23.2,73.9,25.0,2.4,9.3,7.0,water_now
Tomato,vegetative,18.0,123,sandy,97.3,1.0,23.8,30.9,10.8,11.1,11.5,12.0,water_now
Tomato,vegetative,22.7,17,loam,73.4,28.7,27.3,45.0,12.5,2.9,5.0,85.0,no_watering
Potato,seedling,30.1,82,clay,93.0,31.2,17.7,92.3,41.4,24.5,7.7,168.0,no_watering
Potato,flowering,25.6,114,loam,85.3,6.5,18.6,47.7,52.5,4.6,12.0,15.0,water_later
Potato,fruiting,15.2,19,sandy,40.6,36.5,19.4,57.6,8.1,10.3,3.2,14.0,water_later
Pepper,vegetative,7.4,52,clay,63.3,37.4,35.6,32.7,60.4,12.1,7.8,40.0,water_later
Pepper,flowering,14.5,60,clay,45.0,98.8,34.1,31.9,45.2,6.9,2.3,37.0,water_later
Pepper,flowering,6.3,149,loam,68.2,8.4,34.5,71.4,22.0,22.0,7.6,12.0,water_now
Potato,fruiting,21.8,99,clay,88.4,13.6,13.2,32.4,56.5,16.8,4.2,168.0,no_watering
Tomato,fruiting,10.6,125,clay,53.4,32.1,16.6,85.2,61.3,24.8,5.8,168.0,no_watering
Tomato,fruiting,18.8,21,loam,76.8,8.0,18.1,90.5,53.0,20.6,10.6,54.0,no_watering
Pepper,flowering,7.3,85,loam,79.0,30.6,18.0,69.8,18.1,8.9,4.1,85.0,no_watering
Tomato,fruiting,17.1,132,sandy,73.0,6.9,29.4,38.3,44.7,2.8,5.0,12.0,water_now
Potato,seedling,28.6,142,sandy,67.0,34.2,16.3,79.0,5.5,10.3,8.4,33.0,water_later
Tomato,vegetative,8.1,15,sandy,89.0,10.9,22.7,94.4,42.0,9.9,6.2,86.0,no_watering
Tomato,vegetative,22.2,7,loam,79.9,10.9,29.9,64.4,76.5,19.7,8.3,168.0,no_watering
Tomato,fruiting,19.8,64,loam,41.5,11.4,31.4,56.6,87.2,23.9,11.2,7.0,water_now
Pepper,fruiting,13.0,38,sandy,62.7,18.0,17.0,71.1,32.8,20.6,10.3,10.0,water_now
Tomato,flowering,18.3,59,sandy,89.1,9.2,33.4,71.2,45.3,13.2,2.8,61.0,no_watering
Tomato,fruiting,23.4,133,loam,71.9,7.4,27.7,63.2,72.6,2.4,11.2,11.0,water_now
Potato,vegetative,25.8,105,sandy,67.9,14.8,16.8,44.5,19.2,10.1,7.2,14.0,water_later
Pepper,flowering,14.3,100,clay,73.7,15.3,20.9,75.3,34.8,10.1,7.9,63.0,no_watering
Pepper,fruiting,13.1,108,loam,64.4,16.4,15.4,43.7,16.8,11.6,6.5,35.0,water_later
Tomato,fruiting,9.9,85,sandy,71.3,5.0,32.7,52.0,72.0,17.1,7.4,10.0,water_now
Pepper,flowering,9.7,118,clay,80.9,19.3,22.0,35.9,68.1,12.6,2.2,168.0,no_watering
Tomato,vegetative,19.0,108,sandy,71.8,17.7,20.4,82.2,21.6,7.7,5.2,33.0,water_later
Pepper,vegetative,9.3,71,loam,69.9,38.1,17.1,78.4,51.1,11.3,2.6,168.0,no_watering
Potato,flowering,26.7,137,clay,87.3,9.7,20.4,31.4,5.4,1.0,5.7,81.0,no_watering
Tomato,seedling,14.5,26,loam,93.6,12.6,21.0,80.6,27.1,1.0,6.8,168.0,no_watering
Pepper,vegetative,13.0,139,loam,48.4,20.9,29.9,76.8,61.7,20.2,10.8,12.0,water_now
Potato,flowering,29.5,91,clay,80.8,48.4,12.3,71.2,9.0,4.0,5.0,106.0,no_watering
Tomato,vegetative,16.4,10,sandy,98.3,1.2,17.8,80.4,89.4,7.2,8.7,98.0,no_watering
Potato,fruiting,12.4,148,loam,47.1,67.1,18.0,90.8,6.7,8.0,2.9,58.0,no_watering
Pepper,fruiting,8.7,126,loam,59.9,45.3,20.5,71.5,4.7,17.5,5.8,15.0,water_later
Tomato,fruiting,18.2,123,clay,74.8,30.6,33.2,46.4,43.3,17.5,4.4,38.0,water_later
Potato,fruiting,13.5,104,clay,81.0,17.9,17.5,33.0,15.4,21.7,11.1,32.0,water_later
Pepper,flowering,10.9,126,loam,93.1,2.9,27.5,91.8,77.7,1.9,8.7,19.0,water_later
Potato,fruiting,19.5,30,sandy,58.2,38.1,20.5,63.3,41.3,14.8,4.4,62.0,no_watering
Pepper,seedling,12.3,120,clay,74.7,36.8,27.4,28.1,87.6,11.6,7.0,168.0,no_watering
Tomato,flowering,18.6,57,clay,55.3,35.8,19.7,60.1,34.1,16.1,11.4,15.0,water_later
Potato,fruiting,15.3,85,clay,49.2,41.0,27.9,85.0,65.5,6.9,7.8,16.0,water_later
Tomato,seedling,12.8,54,sandy,65.1,18.8,26.0,27.9,5.3,4.7,11.4,14.0,water_later
Potato,fruiting,12.9,44,clay,46.8,33.9,20.5,67.7,30.3,15.0,10.9,35.0,water_later
Tomato,fruiting,13.1,20,loam,48.3,25.0,31.0,43.1,5.0,10.7,2.4,58.0,no_watering
Potato,vegetative,14.4,140,loam,46.9,42.7,25.6,53.2,81.9,18.2,6.1,12.0,water_now
Pepper,flowering,13.9,84,loam,88.4,5.0,22.4,76.2,67.9,19.8,8.4,35.0,water_later
Tomato,seedling,15.0,135,sandy,64.1,75.2,20.9,89.2,28.0,16.4,8.3,39.0,water_later
Potato,vegetative,11.0,29,sandy,79.2,11.7,28.3,49.6,48.0,1.5,10.8,12.0,water_now
Potato,seedling,17.6,50,loam,73.8,51.2,22.2,30.5,78.8,16.4,3.2,168.0,no_watering
Pepper,fruiting,8.1,133,loam,94.7,2.9,33.0,83.8,88.5,12.5,4.7,59.0,no_watering
Tomato,seedling,14.9,34,loam,74.1,36.5,20.4,88.3,20.8,3.0,8.3,107.0,no_watering
Tomato,vegetative,16.5,5,loam,54.4,34.6,20.7,56.5,12.7,22.3,5.9,62.0,no_watering
Pepper,vegetative,7.7,134,loam,88.5,3.4,35.0,44.8,34.7,12.8,8.9,15.0,water_later
Pepper,fruiting,15.6,96,loam,41.5,40.5,22.6,30.6,19.8,12.9,2.0,13.0,water_later
Potato,fruiting,21.1,85,sandy,51.8,13.1,20.0,26.9,40.5,21.1,10.3,8.0,water_now
Pepper,vegetative,13.9,49,clay,59.3,29.1,29.1,57.5,66.1,7.3,5.8,160.0,no_watering
Tomato,seedling,15.5,109,sandy,76.6,35.3,20.4,40.7,2.8,22.4,3.9,84.0,no_watering
Pepper,seedling,15.8,64,loam,48.0,117.7,23.4,87.9,31.0,5.2,3.9,168.0,no_watering
Potato,fruiting,27.0,43,loam,68.3,21.0,25.9,88.7,46.4,24.3,5.0,129.0,no_watering
Pepper,fruiting,6.2,23,loam,53.3,11.5,23.7,41.9,19.2,2.3,9.9,13.0,water_later
Tomato,vegetative,21.5,139,clay,41.0,60.0,28.4,91.2,52.5,2.6,4.4,19.0,water_later
Pepper,flowering,14.0,49,clay,56.5,60.1,15.6,76.6,80.9,1.5,2.1,168.0,no_watering
Potato,seedling,26.0,37,sandy,51.4,56.8,22.7,43.5,8.6,5.0,5.9,35.0,water_later
Tomato,flowering,23.4,109,sandy,65.7,7.3,28.1,79.0,47.6,1.7,10.8,8.0,water_now
Tomato,flowering,9.2,99,loam,73.1,13.0,21.5,30.4,18.0,23.7,11.0,12.0,water_now
Potato,seedling,11.8,136,loam,68.8,31.0,24.3,25.7,19.3,22.5,8.0,38.0,water_later
Tomato,flowering,14.0,49,sandy,80.2,7.5,23.4,72.6,12.3,3.7,8.5,13.0,water_later
Tomato,fruiting,17.6,144,sandy,37.9,20.8,25.1,93.2,38.5,9.1,5.4,12.0,water_now
Potato,vegetative,27.7,3,sandy,42.7,60.6,16.9,63.3,86.5,6.6,4.5,37.0,water_later
Potato,fruiting,21.1,20,sandy,78.6,8.0,19.3,72.4,15.6,24.1,8.3,31.0,water_later
Pepper,seedling,5.4,43,sandy,71.4,20.5,31.1,35.3,45.3,13.0,5.8,63.0,no_watering
Pepper,seedling,14.1,39,sandy,45.1,90.6,30.1,65.5,35.8,13.0,7.8,13.0,water_later
Pepper,fruiting,7.9,79,sandy,41.3,10.2,24.8,41.5,58.3,13.5,11.5,6.0,water_now
Pepper,seedling,11.1,45,loam,79.4,38.1,21.5,37.8,20.5,20.8,4.4,168.0,no_watering
Tomato,seedling,15.8,2,clay,92.6,10.4,33.5,63.6,71.8,17.2,7.4,168.0,no_watering
Pepper,vegetative,7.0,56,clay,53.6,38.5,30.5,49.9,34.3,12.4,5.6,106.0,no_watering
Potato,vegetative,14.3,146,sandy,63.3,39.2,22.8,45.4,16.8,2.1,5.7,13.0,water_later
Pepper,flowering,11.0,96,loam,99.5,0.1,33.0,31.1,43.5,16.5,10.5,14.0,water_later
Tomato,vegetative,22.7,124,sandy,46.7,24.7,29.6,61.0,40.3,0.9,4.7,11.0,water_now
Potato,vegetative,23.3,100,sandy,55.6,25.3,17.0,82.5,42.4,11.2,6.1,13.0,water_later
Potato,fruiting,16.3,133,sandy,67.4,19.0,18.8,32.2,7.8,21.4,3.3,55.0,no_watering
Pepper,flowering,13.4,41,loam,58.4,33.4,22.8,75.6,14.1,4.6,9.7,14.0,water_later
Potato,vegetative,29.3,3,clay,44.9,114.2,20.3,40.5,18.0,19.8,6.6,58.0,no_watering
Potato,vegetative,31.4,124,sandy,59.6,15.6,25.5,44.8,46.7,16.2,8.2,10.0,water_now
Potato,flowering,24.1,48,sandy,97.9,1.5,14.8,78.3,49.8,2.8,9.8,18.0,water_later
Pepper,vegetative,13.4,145,sandy,94.6,4.6,26.9,27.8,61.9,15.1,4.0,36.0,water_later
Pepper,vegetative,11.9,19,clay,73.1,30.8,28.2,31.5,60.5,25.0,2.1,168.0,no_watering
Tomato,fruiting,21.3,35,clay,39.6,61.0,19.2,44.7,55.8,19.9,2.1,37.0,water_later
Pepper,fruiting,5.3,79,clay,84.3,4.4,21.7,27.8,63.8,13.0,11.5,18.0,water_later
Tomato,flowering,9.8,115,loam,66.5,21.9,19.0,34.4,9.3,14.6,8.8,13.0,water_later
Tomato,seedling,22.3,71,sandy,38.1,134.0,17.5,77.9,50.1,2.2,3.0,15.0,water_later
Tomato,flowering,14.2,11,clay,66.7,42.7,21.0,52.3,16.5,16.4,5.7,168.0,no_watering
Pepper,vegetative,11.8,43,clay,88.6,8.3,28.6,48.4,67.5,15.9,6.3,168.0,no_watering
Potato,flowering,23.3,116,sandy,45.7,19.9,16.8,52.3,35.7,19.3,7.7,9.0,water_now
Tomato,fruiting,17.8,107,loam,85.2,4.8,20.8,43.4,24.1,14.6,10.2,13.0,water_later
Potato,vegetative,23.1,84,clay,94.6,2.9,25.9,39.6,28.3,19.9,9.3,58.0,no_watering
Tomato,flowering,22.0,10,loam,50.8,35.0,33.4,72.5,10.8,21.0,5.7,32.0,water_later
Potato,seedling,22.9,131,clay,60.4,60.0,19.8,38.8,2.7,9.9,8.7,62.0,no_watering
Potato,vegetative,22.1,138,loam,60.6,16.9,26.2,26.2,36.7,22.5,8.9,12.0,water_now
Potato,vegetative,18.5,62,loam,39.2,71.3,13.4,73.5,44.4,22.0,3.6,15.0,water_later
Potato,vegetative,18.7,36,clay,73.7,17.8,26.6,39.2,48.7,19.6,11.9,61.0,no_watering
Pepper,fruiting,9.2,83,sandy,93.8,1.6,33.6,91.9,14.7,21.5,3.9,15.0,water_later
Tomato,flowering,23.7,108,sandy,98.2,0.6,28.1,55.6,47.5,1.0,5.5,19.0,water_later
Tomato,seedling,12.9,59,clay,74.4,39.8,33.3,53.1,3.0,9.8,4.6,168.0,no_watering
Tomato,fruiting,10.6,10,loam,40.0,48.6,20.8,93.7,83.0,9.1,8.7,15.0,water_later
Pepper,flowering,8.0,126,clay,38.2,27.7,30.2,58.3,1.6,16.6,6.6,10.0,water_now
Pepper,flowering,10.9,91,loam,48.9,28.2,22.5,35.7,17.4,3.3,5.4,13.0,water_later
Tomato,flowering,17.5,5,sandy,62.0,35.8,19.0,52.3,55.8,16.9,6.0,94.0,no_watering
Tomato,flowering,12.1,131,loam,75.0,8.6,26.8,31.2,89.1,24.9,11.0,12.0,water_now
Pepper,vegetative,6.2,140,clay,68.8,30.5,29.6,79.0,69.7,17.6,6.8,81.0,no_watering
Pepper,fruiting,12.5,30,clay,47.3,62.3,21.6,40.8,18.2,5.3,7.1,16.0,water_later
Pepper,vegetative,10.2,149,clay,57.8,20.4,25.6,33.7,4.5,1.2,12.0,13.0,water_later
Potato,seedling,29.6,112,sandy,94.3,5.5,19.6,49.8,45.0,9.3,7.4,60.0,no_watering
Pepper,flowering,6.6,50,loam,69.0,11.2,34.6,75.4,76.1,4.8,5.4,36.0,water_later
Tomato,vegetative,15.5,73,sandy,74.5,30.9,28.9,36.7,17.0,22.1,4.4,59.0,no_watering
Tomato,fruiting,18.2,38,clay,99.8,0.1,32.7,49.0,8.2,6.0,7.5,56.0,no_watering
Pepper,flowering,11.4,115,clay,43.7,21.7,31.3,32.7,60.1,24.6,7.9,140.0,no_watering
Tomato,vegetative,23.2,5,loam,52.1,20.9,32.5,76.2,40.4,19.4,8.0,40.0,water_later
Pepper,seedling,7.5,145,loam,67.0,40.9,19.2,67.5,41.2,2.4,9.1,49.0,no_watering
Tomato,fruiting,11.6,96,loam,38.6,90.8,17.6,36.1,72.1,11.9,4.1,11.0,water_now
Pepper,fruiting,5.4,133,sandy,75.0,3.2,33.6,64.5,14.5,18.4,11.5,7.0,water_now
Tomato,fruiting,8.4,88,clay,43.1,18.9,31.3,80.4,14.8,19.1,7.8,10.0,water_now
Pepper,seedling,5.4,31,sandy,59.7,30.5,35.3,64.4,83.7,2.5,2.7,168.0,no_watering
Tomato,vegetative,13.0,74,clay,99.7,0.4,17.1,66.3,67.4,6.5,10.7,85.0,no_watering
Tomato,fruiting,10.4,126,clay,94.9,3.4,17.9,61.3,31.5,19.7,10.8,37.0,water_later
Pepper,seedling,9.4,15,sandy,42.8,75.7,18.6,78.3,20.6,14.3,10.4,14.0,water_later
Tomato,flowering,20.1,133,loam,47.5,20.4,32.8,45.2,83.6,18.0,8.0,9.0,water_now
Tomato,flowering,18.2,99,loam,40.5,35.8,23.2,46.8,55.9,1.7,7.8,10.0,water_now
Pepper,flowering,10.9,7,loam,96.3,1.4,19.9,54.9,16.1,0.7,11.5,41.0,water_later
Pepper,seedling,15.6,57,loam,76.7,33.2,25.0,43.6,50.4,9.1,6.1,168.0,no_watering
Potato,fruiting,15.0,79,loam,50.9,70.4,24.0,44.2,21.8,12.0,2.9,58.0,no_watering
Pepper,vegetative,15.9,65,sandy,97.9,0.7,27.5,84.0,54.9,13.1,9.2,17.0,water_later
Tomato,fruiting,20.4,135,clay,75.9,12.0,19.3,26.1,23.1,5.7,7.3,38.0,water_later
Tomato,fruiting,12.0,106,clay,88.3,5.5,28.6,50.5,59.7,1.5,5.3,59.0,no_watering
Potato,flowering,14.8,124,clay,61.6,38.2,14.4,85.3,22.3,8.0,5.2,64.0,no_watering
Pepper,seedling,10.5,137,loam,64.5,42.9,18.9,55.0,36.9,17.6,11.0,123.0,no_watering
Pepper,fruiting,6.2,98,sandy,81.9,5.4,34.2,75.2,20.9,19.3,11.5,8.0,water_now
Potato,fruiting,20.7,24,loam,79.1,38.2,20.1,94.6,76.4,21.2,3.6,168.0,no_watering
Potato,seedling,20.1,49,sandy,87.9,18.4,23.5,55.3,42.4,7.1,3.2,168.0,no_watering
Pepper,fruiting,12.7,4,sandy,62.1,18.0,23.7,77.0,58.1,6.0,2.4,85.0,no_watering
Potato,vegetative,16.4,132,clay,75.4,31.3,28.0,28.3,66.2,13.1,2.0,168.0,no_watering
Pepper,seedling,9.3,27,sandy,91.5,11.1,33.7,33.8,8.3,10.9,3.6,168.0,no_watering
Tomato,flowering,11.5,14,sandy,51.9,37.2,26.8,29.3,33.3,8.9,5.9,19.0,water_later
Pepper,seedling,10.2,35,loam,77.0,31.8,26.3,64.8,88.4,12.9,7.4,168.0,no_watering
Pepper,fruiting,12.2,59,loam,59.3,7.8,33.5,76.7,35.3,21.8,10.4,9.0,water_now
Pepper,fruiting,9.0,41,loam,46.1,35.4,34.2,31.3,60.0,2.9,4.8,13.0,water_later
Tomato,seedling,18.1,39,loam,37.7,116.8,31.6,65.1,78.4,2.8,2.2,168.0,no_watering
Pepper,fruiting,15.4,117,clay,80.8,18.5,19.8,29.0,28.2,10.6,9.7,28.0,water_later
Potato,vegetative,14.6,3,loam,98.8,0.6,24.5,84.7,18.0,0.7,9.9,83.0,no_watering
Pepper,fruiting,11.9,116,sandy,59.4,7.1,25.4,66.8,74.1,22.3,10.8,12.0,water_now
Tomato,vegetative,12.0,81,sandy,91.4,4.3,30.2,41.3,45.8,18.7,3.2,168.0,no_watering
Potato,fruiting,10.4,40,sandy,98.2,1.1,14.3,52.9,46.6,20.4,4.0,62.0,no_watering
Pepper,fruiting,15.9,49,loam,86.7,9.5,27.0,44.8,70.9,8.6,3.3,108.0,no_watering
Potato,vegetative,27.4,127,clay,57.2,34.1,26.1,61.4,50.2,12.4,11.3,14.0,water_later
Potato,fruiting,18.2,84,clay,41.3,63.5,14.4,27.0,52.7,9.8,4.3,27.0,water_later
Pepper,flowering,12.3,49,clay,87.6,26.8,19.0,75.9,32.1,21.5,3.6,168.0,no_watering
Tomato,fruiting,10.0,72,clay,52.5,72.7,24.6,83.7,75.3,24.9,4.9,168.0,no_watering
Pepper,flowering,6.7,25,loam,53.5,10.9,30.9,84.4,52.7,2.2,11.1,11.0,water_now
Tomato,vegetative,11.1,47,clay,85.5,24.2,29.6,25.9,28.1,8.7,2.5,168.0,no_watering
Potato,flowering,25.3,19,sandy,60.8,16.9,15.5,92.2,55.7,18.3,7.5,17.0,water_later
Potato,flowering,27.8,77,loam,80.7,7.8,26.5,38.7,31.3,9.7,10.0,13.0,water_later
Tomato,seedling,21.0,45,clay,94.8,8.6,26.5,90.7,73.0,15.5,10.1,168.0,no_watering
Potato,fruiting,21.7,41,sandy,93.4,3.1,15.4,89.2,28.1,0.1,7.5,36.0,water_later
Pepper,vegetative,15.9,123,clay,69.3,14.6,27.8,85.1,22.6,0.7,11.7,18.0,water_later
Tomato,fruiting,18.8,92,loam,47.0,42.3,15.8,84.3,69.6,19.8,3.5,17.0,water_later
Potato,flowering,17.1,54,clay,69.5,25.0,23.9,35.9,56.9,7.6,3.8,168.0,no_watering
Potato,flowering,14.9,135,clay,98.1,3.6,12.0,68.0,27.5,17.7,3.9,168.0,no_watering
Pepper,flowering,6.0,23,clay,46.7,49.8,18.6,46.9,89.3,19.2,6.1,168.0,no_watering
Tomato,fruiting,15.7,71,loam,64.2,12.3,33.8,85.6,48.7,6.1,5.0,14.0,water_later
Tomato,vegetative,19.2,8,clay,79.8,70.5,25.0,77.1,56.3,15.4,2.6,168.0,no_watering
Tomato,flowering,13.3,19,loam,71.2,11.8,16.0,53.4,57.6,8.9,10.5,40.0,water_later
Potato,seedling,14.9,58,clay,68.1,79.6,19.0,65.6,67.9,3.3,4.4,168.0,no_watering
Potato,seedling,12.4,82,sandy,80.3,19.3,24.7,37.8,79.1,5.3,5.1,55.0,no_watering
Pepper,fruiting,12.2,56,loam,72.7,9.9,21.1,46.5,7.0,17.8,8.3,15.0,water_later
Potato,fruiting,20.2,19,clay,62.5,23.2,21.3,56.8,0.2,20.2,11.2,36.0,water_later
Pepper,flowering,6.3,64,clay,62.1,19.1,16.0,90.4,41.1,9.9,10.8,17.0,water_later
Potato,flowering,15.6,137,clay,60.3,33.9,27.5,85.3,20.3,0.0,7.9,20.0,water_later
Potato,seedling,11.3,34,clay,97.5,4.1,24.2,57.2,79.8,17.7,6.3,168.0,no_watering
Potato,flowering,29.5,67,clay,54.5,22.0,24.8,64.3,87.5,24.7,9.6,42.0,water_later
Pepper,vegetative,14.2,48,clay,86.2,20.3,17.0,59.4,0.6,3.8,4.8,168.0,no_watering
Pepper,flowering,11.1,92,clay,50.3,70.8,18.2,59.7,42.3,2.7,3.2,48.0,water_later
Potato,seedling,12.5,148,sandy,54.0,80.6,23.3,33.7,62.5,9.0,4.1,47.0,water_later
Tomato,vegetative,15.6,132,clay,86.7,8.0,27.2,58.9,26.8,22.9,8.8,47.0,water_later
Pepper,vegetative,13.2,60,sandy,47.7,94.4,27.7,75.7,20.7,20.2,2.1,14.0,water_later
Potato,fruiting,27.6,106,clay,44.9,146.9,19.9,32.9,11.3,21.1,3.3,37.0,water_later
Pepper,fruiting,14.4,93,clay,66.7,7.3,31.6,28.1,46.3,14.7,11.4,11.0,water_now
Tomato,flowering,13.3,22,clay,54.2,41.1,21.6,62.1,43.0,13.2,9.9,33.0,water_later
Tomato,flowering,22.1,140,sandy,47.6,13.1,19.8,41.0,45.8,14.3,10.8,7.0,water_now
Tomato,seedling,21.2,99,clay,71.2,28.9,33.1,27.0,7.5,16.6,11.4,37.0,water_later
Pepper,vegetative,15.4,95,clay,78.5,31.8,18.8,85.6,83.1,15.3,3.3,168.0,no_watering
Tomato,flowering,9.7,143,loam,51.8,20.2,19.5,83.5,64.9,8.6,9.5,11.0,water_now
Pepper,flowering,7.2,21,sandy,76.1,11.5,29.2,59.0,72.4,0.1,9.5,12.0,water_now
Pepper,fruiting,7.7,109,loam,59.0,15.0,28.8,80.9,72.6,9.8,5.3,13.0,water_later
Tomato,seedling,20.2,125,clay,56.8,84.2,18.7,67.2,4.0,16.0,11.4,60.0,no_watering
Potato,seedling,25.9,35,sandy,68.9,85.6,26.6,38.0,61.6,6.9,2.2,168.0,no_watering
Tomato,seedling,14.3,106,clay,63.8,50.0,22.9,61.0,86.5,13.5,9.7,113.0,no_watering
Potato,flowering,30.7,8,clay,62.6,29.6,18.0,57.8,29.4,17.6,11.4,40.0,water_later
Pepper,seedling,12.4,104,sandy,81.9,24.1,17.4,86.7,52.5,20.3,6.3,168.0,no_watering
Pepper,vegetative,14.9,97,clay,93.7,9.6,24.6,87.9,72.5,21.9,11.2,74.0,no_watering
Potato,flowering,19.0,28,loam,62.8,23.4,12.6,62.1,26.0,4.7,7.7,37.0,water_later
Tomato,vegetative,12.2,148,loam,56.8,29.9,33.3,67.4,33.3,4.4,3.5,35.0,water_later
Potato,vegetative,12.0,119,loam,83.3,15.1,24.3,34.4,49.3,14.7,10.8,31.0,water_later
Pepper,vegetative,9.7,41,loam,74.3,30.3,20.0,69.8,66.7,9.6,6.6,168.0,no_watering
Pepper,fruiting,9.2,85,loam,64.7,11.3,31.0,85.8,36.8,6.4,6.1,13.0,water_later
Tomato,flowering,14.9,21,clay,81.6,6.6,31.9,61.0,64.3,5.0,9.5,47.0,water_later
Tomato,seedling,9.3,53,sandy,99.3,0.3,28.1,27.3,83.1,0.9,11.8,31.0,water_later
Potato,vegetative,13.0,72,loam,77.4,30.2,26.0,85.0,80.6,24.5,6.3,168.0,no_watering
Potato,flowering,25.7,95,sandy,70.7,10.4,25.5,91.5,68.3,24.7,9.9,42.0,water_later
Pepper,flowering,11.0,40,clay,80.0,9.1,33.6,69.1,82.0,16.0,5.8,168.0,no_watering
Pepper,fruiting,11.6,11,loam,44.8,15.3,25.8,36.7,83.2,10.9,10.4,35.0,water_later
Pepper,fruiting,6.6,30,loam,77.1,9.9,34.7,63.2,88.0,4.8,2.5,168.0,no_watering
Tomato,seedling,14.3,34,loam,41.8,77.9,32.1,31.0,78.3,22.5,7.5,15.0,water_later
Potato,fruiting,14.5,86,loam,88.1,5.3,27.2,79.5,74.9,3.6,7.4,38.0,water_later
Potato,seedling,31.0,100,clay,73.7,42.1,12.2,41.4,53.5,0.7,10.8,85.0,no_watering
Tomato,seedling,13.4,23,sandy,90.7,11.0,17.5,75.6,70.6,22.5,6.7,168.0,no_watering
Pepper,vegetative,13.7,135,loam,86.6,11.6,28.1,30.9,29.6,3.3,2.9,114.0,no_watering
Pepper,vegetative,8.7,5,sandy,37.1,32.5,23.7,39.3,10.9,22.2,5.9,11.0,water_now
Pepper,vegetative,8.8,90,sandy,78.9,10.1,29.8,29.0,0.8,0.1,12.0,9.0,water_now
Tomato,fruiting,8.8,72,clay,59.8,27.6,33.3,77.3,64.6,4.5,7.1,15.0,water_later
Potato,vegetative,13.0,12,loam,51.2,29.9,23.1,93.8,15.3,11.5,11.6,15.0,water_later
Tomato,seedling,22.8,91,clay,60.8,97.1,24.3,58.5,34.0,9.0,9.1,110.0,no_watering
Pepper,fruiting,7.4,127,sandy,64.3,5.9,24.5,41.5,86.8,22.7,10.6,15.0,water_later
Potato,flowering,10.7,103,sandy,75.2,6.6,20.9,29.7,37.4,18.7,8.2,14.0,water_later
Potato,fruiting,30.2,36,sandy,47.6,28.4,17.6,90.3,60.9,14.3,5.7,13.0,water_later
Tomato,fruiting,14.3,20,loam,92.9,2.9,24.3,61.4,79.3,8.2,7.2,61.0,no_watering
Potato,flowering,24.9,133,clay,54.7,64.2,18.6,52.5,89.4,11.5,3.3,168.0,no_watering
Pepper,seedling,13.5,12,sandy,69.1,53.8,29.7,25.5,27.3,5.0,6.8,82.0,no_watering
Tomato,fruiting,14.7,13,sandy,70.3,9.2,19.0,35.7,59.1,6.6,7.0,34.0,water_later
Tomato,seedling,8.8,90,clay,78.7,34.2,33.1,92.9,14.2,20.0,7.4,128.0,no_watering
Potato,flowering,19.9,36,sandy,99.2,0.2,21.0,32.9,33.2,22.3,9.4,16.0,water_later
Potato,flowering,20.6,140,loam,47.3,41.5,22.1,82.0,26.3,15.5,10.4,9.0,water_now
Potato,seedling,23.7,18,sandy,92.0,26.5,16.8,74.2,56.5,5.6,3.4,168.0,no_watering
Tomato,vegetative,20.8,36,clay,39.5,49.8,19.1,36.2,19.3,2.2,10.1,13.0,water_later
Tomato,seedling,21.2,113,clay,72.9,61.6,30.1,52.8,3.0,12.9,2.9,168.0,no_watering
Potato,seedling,24.4,123,sandy,87.0,11.2,22.5,51.5,59.0,8.5,7.7,39.0,water_later
Tomato,flowering,21.3,149,sandy,45.5,17.1,25.1,53.3,62.9,4.5,9.5,8.0,water_now
Tomato,seedling,23.0,52,loam,41.9,75.5,21.7,68.6,1.4,8.1,8.3,16.0,water_later
Pepper,vegetative,12.6,61,loam,70.8,55.3,27.6,67.8,52.7,15.1,4.6,158.0,no_watering
Tomato,vegetative,23.5,147,loam,96.9,2.8,27.3,32.1,80.8,16.2,7.7,57.0,no_watering
Potato,fruiting,11.5,72,loam,59.6,30.4,14.3,83.8,48.1,2.6,5.9,36.0,water_later
Pepper,flowering,13.8,7,sandy,67.7,20.2,22.9,90.4,75.2,3.4,2.2,168.0,no_watering
Tomato,seedling,9.3,143,sandy,65.3,42.0,26.3,72.6,51.5,2.6,3.9,88.0,no_watering
Tomato,flowering,15.8,65,sandy,81.8,5.0,22.4,36.1,61.5,24.7,8.6,32.0,water_later
Potato,flowering,14.6,81,loam,94.9,1.2,28.8,45.8,22.8,0.5,11.9,13.0,water_later
Pepper,flowering,12.8,98,loam,84.9,7.0,23.0,48.6,10.5,23.0,7.1,32.0,water_later
Tomato,vegetative,12.7,101,loam,91.9,2.8,32.5,80.8,3.1,21.5,10.5,16.0,water_later
Tomato,vegetative,15.8,37,clay,94.0,12.1,16.6,35.9,11.4,24.1,2.1,168.0,no_watering
Pepper,fruiting,11.7,44,loam,41.8,29.8,15.7,93.4,8.5,4.5,9.8,9.0,water_now
Pepper,seedling,9.9,97,clay,85.1,21.7,31.4,86.9,33.7,16.4,11.8,78.0,no_watering
Tomato,fruiting,23.7,110,sandy,57.2,13.5,19.3,32.2,54.3,17.8,5.9,17.0,water_later
Tomato,vegetative,8.9,103,sandy,39.0,25.8,16.1,40.8,68.3,2.7,10.5,7.0,water_now
Potato,fruiting,22.1,27,sandy,54.0,15.0,24.7,74.8,53.0,23.6,10.2,10.0,water_now
Pepper,flowering,10.0,108,loam,91.3,2.5,29.6,38.8,10.2,10.6,8.2,15.0,water_later
Tomato,fruiting,15.0,15,sandy,43.7,25.8,22.0,81.0,17.5,21.0,5.3,12.0,water_now
Potato,vegetative,25.5,18,loam,51.9,94.1,13.8,40.4,26.1,5.9,6.5,60.0,no_watering
Pepper,fruiting,8.3,16,loam,76.5,11.1,24.9,69.7,16.7,10.0,9.9,28.0,water_later
Pepper,flowering,5.6,52,sandy,69.2,9.3,18.6,44.4,13.3,2.4,11.8,9.0,water_now
Pepper,fruiting,5.5,21,loam,76.9,14.0,22.1,55.2,50.6,5.4,5.8,87.0,no_watering
Tomato,flowering,8.4,50,clay,79.2,5.6,34.0,65.4,76.0,15.8,11.2,16.0,water_later
Potato,fruiting,30.0,102,loam,44.0,45.8,16.5,53.8,79.0,5.0,5.3,15.0,water_later
Pepper,fruiting,6.0,79,loam,49.3,60.9,16.4,40.9,43.2,16.4,4.2,13.0,water_later
Potato,flowering,19.3,147,sandy,53.0,27.2,21.5,78.8,77.0,4.0,3.2,34.0,water_later
Potato,seedling,19.9,96,sandy,58.5,113.6,20.3,90.4,53.1,2.7,6.2,34.0,water_later
Pepper,fruiting,13.2,111,loam,81.7,3.7,29.1,67.2,47.0,12.8,11.6,11.0,water_now
Potato,flowering,23.3,138,sandy,55.8,21.8,13.3,46.8,65.5,0.7,5.7,13.0,water_later
Potato,vegetative,18.7,119,clay,37.4,61.2,22.9,84.7,28.1,8.2,8.2,13.0,water_later
Tomato,flowering,9.0,68,loam,97.8,2.2,22.8,35.1,63.4,9.0,7.8,42.0,water_later
Potato,vegetative,15.6,136,loam,39.4,93.7,15.3,28.1,32.8,10.3,4.9,12.0,water_now
Tomato,seedling,8.8,122,loam,52.1,84.0,29.9,92.2,79.4,1.9,6.4,37.0,water_later
Pepper,fruiting,11.1,17,sandy,85.2,3.3,28.0,25.9,16.7,12.9,9.0,13.0,water_later
Tomato,flowering,15.1,110,sandy,36.4,21.8,33.3,74.3,14.0,15.9,3.9,10.0,water_now
Potato,vegetative,30.3,112,loam,99.9,0.1,16.2,37.6,89.4,9.5,2.7,168.0,no_watering
Potato,vegetative,20.9,115,loam,49.3,48.9,23.7,71.7,18.3,7.0,3.0,58.0,no_watering
Pepper,vegetative,6.3,116,loam,41.1,41.8,23.7,38.6,63.8,20.7,11.8,7.0,water_now
Potato,fruiting,14.7,116,clay,38.1,84.7,20.2,71.7,0.5,16.5,7.0,11.0,water_now
Pepper,seedling,11.4,61,clay,99.9,0.2,32.1,91.9,28.2,21.1,11.4,131.0,no_watering
Pepper,vegetative,11.0,134,sandy,91.1,4.6,15.3,62.3,84.1,11.4,9.3,112.0,no_watering
Tomato,flowering,15.6,126,loam,84.1,6.1,24.8,50.5,47.4,0.8,8.6,17.0,water_later
Pepper,fruiting,6.2,12,sandy,81.1,6.8,26.4,26.7,69.3,4.2,10.8,12.0,water_now
Pepper,seedling,12.3,6,clay,56.2,85.8,21.1,71.9,66.2,2.1,10.1,168.0,no_watering
Pepper,fruiting,14.2,60,loam,66.0,6.0,34.2,85.1,49.1,12.0,11.5,9.0,water_now
Tomato,fruiting,14.5,96,loam,67.6,23.1,17.4,28.5,7.4,8.5,9.6,12.0,water_now
Potato,seedling,24.4,1,sandy,40.7,71.2,16.5,64.3,54.1,8.6,11.3,168.0,no_watering
Tomato,flowering,19.9,70,clay,87.8,7.6,16.7,89.1,28.6,5.9,9.9,61.0,no_watering
Potato,flowering,21.5,65,sandy,57.7,31.6,14.8,73.5,45.3,0.7,2.9,35.0,water_later
Pepper,vegetative,5.8,108,loam,60.3,27.6,34.2,56.8,3.5,6.2,2.4,37.0,water_later
Potato,flowering,18.6,125,loam,43.2,29.3,14.2,34.2,87.0,4.8,8.5,10.0,water_now
Potato,flowering,24.6,147,clay,95.5,2.3,23.2,77.5,60.0,17.7,9.6,79.0,no_watering
Potato,fruiting,15.3,88,sandy,81.9,17.1,12.3,37.8,23.0,20.5,5.6,34.0,water_later
Pepper,flowering,11.7,24,sandy,80.7,9.4,20.8,57.3,2.8,13.4,3.6,59.0,no_watering
Tomato,fruiting,17.4,98,clay,85.1,5.3,23.0,38.6,20.2,19.6,10.2,21.0,water_later
Tomato,seedling,20.7,103,loam,97.4,4.4,33.3,26.4,25.2,18.0,3.3,168.0,no_watering
Potato,seedling,27.5,143,clay,96.4,12.9,15.3,61.3,19.4,3.3,7.4,168.0,no_watering
Potato,seedling,22.3,79,sandy,94.2,8.6,18.7,36.6,66.8,21.5,3.5,168.0,no_watering
Pepper,flowering,5.5,41,clay,94.3,4.5,27.5,40.0,15.6,12.1,2.2,168.0,no_watering
Potato,seedling,15.6,116,loam,46.4,167.4,20.6,52.2,14.1,7.6,4.9,38.0,water_later
Pepper,vegetative,7.5,65,clay,39.3,59.4,25.4,58.0,77.6,19.5,4.1,168.0,no_watering
Tomato,flowering,23.2,59,sandy,42.2,16.9,32.0,67.4,37.3,18.3,5.6,12.0,water_now
Tomato,flowering,11.7,80,sandy,49.3,62.6,29.1,36.9,53.5,19.5,2.1,133.0,no_watering
Tomato,fruiting,20.7,15,sandy,83.2,4.4,32.4,59.0,78.0,20.7,4.9,168.0,no_watering
Potato,flowering,29.3,3,clay,67.8,28.1,26.0,73.4,4.6,12.3,3.8,168.0,no_watering
Potato,fruiting,12.5,82,clay,69.5,26.0,25.2,94.0,54.6,20.9,4.9,168.0,no_watering
Potato,fruiting,15.0,141,loam,48.7,49.1,28.2,27.2,37.3,18.8,3.8,14.0,water_later
Pepper,seedling,6.9,42,loam,56.4,60.3,24.8,62.3,37.6,21.8,10.2,168.0,no_watering
Potato,seedling,15.1,51,clay,40.8,112.0,16.9,53.7,82.0,13.2,7.2,168.0,no_watering
Tomato,fruiting,13.5,12,loam,82.9,13.8,27.1,69.1,23.2,20.2,2.1,168.0,no_watering
Potato,seedling,22.9,12,clay,69.5,54.1,22.6,39.2,67.7,7.5,7.9,168.0,no_watering
Tomato,flowering,18.6,140,loam,57.9,20.9,26.3,70.3,27.5,12.0,6.1,14.0,water_later
Potato,fruiting,25.9,114,sandy,76.5,5.8,27.1,79.3,49.9,20.7,10.6,10.0,water_now
Potato,fruiting,10.2,90,sandy,69.1,33.3,12.2,33.1,8.7,19.6,5.4,15.0,water_later
Pepper,fruiting,7.5,148,sandy,77.6,6.2,18.9,76.9,87.1,17.6,7.3,12.0,water_now
Tomato,fruiting,20.8,97,clay,44.1,27.2,26.2,66.0,1.2,4.4,11.7,8.0,water_now
Tomato,seedling,9.0,16,sandy,59.2,51.3,15.5,29.7,77.0,18.0,9.7,168.0,no_watering
Pepper,fruiting,14.8,138,clay,35.9,29.5,18.6,79.3,70.8,12.7,9.3,8.0,water_now
Tomato,vegetative,13.8,77,loam,37.0,53.1,31.9,82.7,32.8,18.7,4.4,10.0,water_now
Tomato,flowering,11.7,38,loam,37.2,45.7,23.3,46.6,50.6,19.5,3.0,13.0,water_later
Tomato,flowering,18.2,72,loam,81.0,10.5,21.2,34.7,50.0,6.8,5.9,39.0,water_later
Potato,vegetative,20.6,56,clay,44.7,63.5,18.5,33.1,48.0,11.1,7.8,16.0,water_later
Potato,seedling,15.9,109,sandy,48.5,48.3,20.8,71.3,9.1,21.8,10.8,18.0,water_later
Tomato,vegetative,14.8,68,sandy,66.9,46.8,20.1,74.0,50.5,1.9,5.9,33.0,water_later
Tomato,seedling,16.6,121,sandy,63.3,27.9,20.1,41.7,40.1,14.5,9.9,15.0,water_later
Tomato,seedling,22.1,149,loam,82.2,43.6,22.0,40.7,62.6,4.6,2.3,168.0,no_watering
Pepper,fruiting,11.7,63,loam,67.3,13.4,23.5,41.7,21.0,19.5,5.5,20.0,water_later
Potato,seedling,18.7,32,loam,41.4,59.8,28.1,36.9,12.3,19.6,11.2,12.0,water_now
Tomato,vegetative,23.4,63,sandy,88.4,9.1,28.8,35.0,80.1,10.2,4.4,168.0,no_watering
Potato,seedling,18.5,95,loam,64.4,55.4,14.6,25.4,60.9,9.7,7.9,168.0,no_watering
Tomato,seedling,20.4,87,loam,84.4,42.4,15.2,80.2,52.4,1.2,3.6,168.0,no_watering
Pepper,vegetative,13.0,34,sandy,49.6,16.6,31.9,83.1,84.1,24.6,6.9,168.0,no_watering
Pepper,seedling,6.4,43,loam,85.9,17.9,23.7,60.3,4.0,12.2,4.1,168.0,no_watering
Potato,seedling,28.5,125,loam,82.4,28.3,18.9,29.5,3.6,19.6,9.0,59.0,no_watering
Pepper,seedling,14.8,147,loam,36.6,106.2,21.0,67.7,55.2,24.6,6.5,12.0,water_now
Pepper,seedling,12.0,77,clay,73.1,83.6,17.2,31.6,49.5,22.9,3.8,168.0,no_watering
Potato,seedling,19.3,22,loam,74.5,40.4,21.5,92.1,68.1,19.3,6.4,168.0,no_watering
Tomato,fruiting,20.1,84,loam,38.3,12.4,30.1,63.0,45.3,15.4,11.7,8.0,water_now
Tomato,fruiting,13.0,29,sandy,45.4,16.6,21.8,30.6,81.6,13.5,5.9,11.0,water_now
Tomato,seedling,17.0,126,sandy,40.4,66.8,33.2,61.6,84.5,14.7,9.7,8.0,water_now
Potato,seedling,12.9,44,loam,45.3,85.4,18.9,25.8,31.5,18.9,5.2,40.0,water_later
Tomato,flowering,16.0,42,loam,60.8,91.5,15.5,90.9,48.7,22.3,3.5,168.0,no_watering
Potato,fruiting,23.3,142,sandy,67.0,30.3,13.6,85.4,62.3,24.4,4.2,168.0,no_watering
Tomato,vegetative,17.2,140,clay,83.2,15.3,16.6,31.4,83.0,15.3,9.7,138.0,no_watering
Potato,seedling,22.4,8,loam,80.7,21.0,26.7,84.6,77.0,0.6,9.9,123.0,no_watering
Potato,vegetative,25.6,132,loam,60.5,50.1,28.7,92.0,25.7,22.3,3.7,86.0,no_watering
Tomato,seedling,21.1,57,clay,72.1,73.2,24.4,40.4,65.2,6.8,3.2,168.0,no_watering
Tomato,flowering,16.8,147,clay,83.1,8.5,29.7,38.0,28.2,6.9,6.3,57.0,no_watering
Tomato,fruiting,9.1,2,clay,82.0,14.4,17.4,52.8,22.7,16.0,11.5,87.0,no_watering
Potato,flowering,29.0,124,loam,54.6,17.5,16.0,32.5,5.4,11.4,10.9,10.0,water_now
Tomato,vegetative,22.5,63,sandy,40.2,29.6,30.3,68.9,10.1,1.1,4.2,10.0,water_now
Potato,flowering,19.0,116,loam,76.2,9.3,26.6,92.2,6.3,17.2,11.4,13.0,water_later
Tomato,vegetative,21.9,57,clay,91.9,19.2,24.7,45.3,61.2,10.2,3.4,168.0,no_watering
Potato,flowering,28.9,29,sandy,69.1,13.4,22.6,48.3,11.5,3.7,5.7,30.0,water_later
Pepper,vegetative,9.9,18,sandy,51.7,23.0,27.1,92.2,52.8,7.1,5.4,39.0,water_later
Tomato,vegetative,21.0,73,sandy,72.6,26.5,19.6,53.6,6.0,6.8,4.0,35.0,water_later
Tomato,seedling,12.7,97,loam,98.8,2.0,20.7,42.5,17.2,3.6,5.3,168.0,no_watering
Pepper,seedling,7.3,131,loam,49.1,74.3,25.5,61.2,8.9,23.8,2.0,168.0,no_watering
Tomato,vegetative,15.4,28,loam,37.6,38.4,20.1,67.4,84.5,2.3,8.4,10.0,water_now
Potato,seedling,25.3,130,loam,76.3,53.0,25.3,55.8,44.4,24.2,2.4,168.0,no_watering
Pepper,fruiting,8.0,119,sandy,45.1,11.9,15.2,69.5,80.1,0.6,11.2,7.0,water_now
Potato,vegetative,23.0,103,sandy,37.8,16.2,27.4,64.1,74.8,0.9,11.6,6.0,water_now
Pepper,seedling,11.0,92,clay,88.1,19.2,35.3,67.9,75.8,9.5,7.0,168.0,no_watering
Tomato,vegetative,10.7,57,clay,35.9,98.1,17.0,80.6,8.6,6.0,3.8,20.0,water_later
Tomato,vegetative,15.3,37,sandy,94.5,1.4,30.5,45.1,24.8,5.5,9.5,17.0,water_later
Pepper,vegetative,13.2,124,sandy,92.2,8.1,20.3,25.4,57.1,22.4,3.8,48.0,water_later
Pepper,flowering,5.5,56,clay,48.4,16.0,33.5,57.6,42.8,17.6,9.2,11.0,water_now
Tomato,seedling,12.2,80,sandy,79.7,19.2,31.2,30.4,45.1,15.1,3.7,168.0,no_watering
Pepper,flowering,12.8,90,clay,53.0,51.8,22.4,35.4,85.3,17.7,3.5,168.0,no_watering
Pepper,seedling,8.5,115,sandy,92.2,5.9,21.9,29.4,83.6,7.8,10.4,35.0,water_later
Potato,vegetative,11.9,20,sandy,80.9,5.9,15.1,26.6,77.1,10.1,10.9,30.0,water_later
Pepper,seedling,12.2,20,clay,79.4,28.5,27.0,57.2,41.8,0.4,12.0,108.0,no_watering
Tomato,vegetative,22.0,11,loam,87.1,7.0,33.4,35.9,53.5,21.8,4.6,168.0,no_watering
Pepper,fruiting,14.7,48,sandy,87.5,3.5,31.9,53.9,82.4,4.9,4.4,22.0,water_later
Tomato,fruiting,23.7,101,clay,62.8,13.1,30.1,75.9,70.2,12.1,8.5,32.0,water_later
Tomato,vegetative,18.5,81,clay,57.8,55.9,18.1,39.5,38.5,18.5,3.8,168.0,no_watering
Pepper,fruiting,13.0,20,loam,89.5,3.6,34.5,35.9,1.8,11.3,8.8,17.0,water_later
Tomato,fruiting,13.3,81,clay,67.9,11.0,29.5,81.0,63.1,24.3,10.4,13.0,water_later
Pepper,seedling,14.6,9,sandy,60.7,29.0,31.0,36.3,58.3,20.4,11.9,60.0,no_watering
Tomato,seedling,12.4,108,clay,66.6,75.4,25.6,47.8,13.5,3.0,5.1,156.0,no_watering
Pepper,vegetative,13.4,55,clay,78.3,17.0,18.7,27.1,55.5,14.0,7.4,85.0,no_watering
Pepper,vegetative,6.4,60,loam,93.6,5.0,18.5,76.4,5.2,17.3,10.3,40.0,water_later
Potato,flowering,17.4,120,sandy,82.3,6.0,25.7,63.2,45.9,20.1,9.2,11.0,water_now
Potato,flowering,20.0,97,clay,42.2,30.4,24.7,51.1,77.8,6.4,9.6,14.0,water_later
Tomato,flowering,13.6,47,clay,50.5,33.6,15.7,75.4,81.1,10.5,8.5,168.0,no_watering
Pepper,vegetative,9.7,81,loam,61.8,22.7,29.4,84.9,51.4,9.7,5.5,61.0,no_watering
Potato,flowering,18.6,8,clay,63.7,26.3,12.8,31.3,27.5,22.7,7.6,131.0,no_watering
Potato,vegetative,16.0,36,loam,78.4,21.2,22.2,52.6,54.5,11.8,2.6,168.0,no_watering
Potato,vegetative,15.5,41,loam,68.1,16.9,24.1,76.5,81.1,19.5,7.9,168.0,no_watering
Potato,flowering,11.3,40,loam,51.7,13.9,28.4,71.9,61.1,23.3,9.9,11.0,water_now
Potato,flowering,27.6,124,clay,73.7,14.2,22.1,43.4,11.0,1.1,8.5,34.0,water_later
Pepper,vegetative,13.9,110,clay,90.2,19.4,19.6,92.0,47.7,21.7,5.9,168.0,no_watering
Potato,fruiting,28.9,46,clay,97.7,1.6,13.2,80.9,44.7,7.1,10.9,105.0,no_watering
Pepper,vegetative,14.1,31,sandy,74.6,7.7,34.6,49.6,0.3,9.1,6.0,15.0,water_later
Tomato,flowering,9.4,102,sandy,66.9,20.5,30.3,37.3,84.3,9.9,2.1,38.0,water_later
Tomato,seedling,16.7,8,clay,96.8,12.6,22.4,33.1,8.2,4.7,5.3,168.0,no_watering
Pepper,fruiting,8.5,32,loam,64.5,14.6,33.3,84.2,27.5,2.2,5.6,19.0,water_later
Tomato,fruiting,15.6,46,clay,49.3,112.9,27.3,75.9,2.9,2.2,2.4,59.0,no_watering
Potato,seedling,13.0,31,loam,54.9,63.3,28.4,52.3,37.0,5.2,4.2,135.0,no_watering
Pepper,fruiting,8.3,6,sandy,97.8,0.7,32.7,78.7,63.2,3.0,6.4,34.0,water_later
Potato,vegetative,20.8,146,loam,61.4,72.1,19.8,78.6,57.3,16.3,4.0,168.0,no_watering
Tomato,flowering,16.9,40,sandy,86.3,3.7,23.2,50.2,82.5,8.2,9.1,16.0,water_later
Tomato,flowering,14.9,66,loam,35.3,56.9,22.1,84.0,50.4,1.8,4.2,10.0,water_now
Potato,fruiting,14.4,111,loam,59.6,18.7,17.2,66.5,73.3,20.5,9.8,18.0,water_later
Tomato,vegetative,16.7,112,loam,96.8,1.9,19.1,28.9,31.5,3.6,9.7,36.0,water_later
Tomato,seedling,10.6,117,clay,69.6,84.1,24.9,55.1,51.1,16.4,3.2,168.0,no_watering
Pepper,fruiting,14.2,130,clay,56.5,16.6,29.7,84.0,29.5,11.4,7.5,14.0,water_later
Pepper,seedling,15.4,59,sandy,67.3,70.4,16.8,68.3,15.2,18.1,5.3,154.0,no_watering
Pepper,fruiting,11.0,127,sandy,51.1,15.6,25.1,34.1,46.2,23.6,4.1,11.0,water_now
Potato,vegetative,24.3,77,sandy,94.7,3.3,26.3,84.6,14.3,7.4,9.2,14.0,water_later
Potato,vegetative,24.0,65,loam,66.4,18.9,25.7,54.3,6.0,7.5,6.6,33.0,water_later
Potato,fruiting,28.2,15,sandy,78.5,11.4,12.8,91.4,6.6,6.4,9.3,34.0,water_later
Pepper,vegetative,9.9,32,sandy,65.9,7.9,32.5,93.4,25.5,17.1,10.7,10.0,water_now
Potato,fruiting,29.9,80,loam,96.9,3.8,13.9,38.0,0.5,22.7,4.4,86.0,no_watering
Tomato,seedling,12.3,12,clay,36.0,154.5,23.2,59.8,35.1,12.0,6.1,38.0,water_later
Tomato,vegetative,16.2,51,clay,96.2,4.3,31.0,66.7,65.2,1.0,2.4,168.0,no_watering
Potato,seedling,26.5,121,clay,38.3,168.0,27.3,79.3,65.1,19.8,8.2,168.0,no_watering
Tomato,seedling,20.9,133,sandy,63.5,34.2,17.2,69.3,10.5,24.9,9.3,18.0,water_later
Potato,vegetative,24.6,12,clay,73.8,24.2,12.3,39.4,77.3,24.0,7.7,168.0,no_watering
Pepper,flowering,6.3,34,loam,77.8,18.8,19.5,48.0,83.7,1.9,11.2,16.0,water_later
Potato,vegetative,22.1,33,sandy,51.1,19.9,20.3,70.0,8.4,4.9,8.1,11.0,water_now
Potato,flowering,26.3,60,clay,80.5,10.0,20.5,39.4,25.4,7.9,9.3,38.0,water_later
Potato,flowering,19.4,100,loam,67.7,35.8,15.3,43.3,62.6,13.3,2.4,168.0,no_watering
Tomato,vegetative,17.4,51,sandy,62.8,52.9,16.5,84.9,85.9,22.4,7.1,16.0,water_later
Tomato,seedling,10.5,68,sandy,48.3,56.1,23.3,81.6,52.0,17.2,5.9,168.0,no_watering
Potato,flowering,24.8,50,clay,57.0,18.6,20.5,31.4,58.5,3.4,11.2,18.0,water_later
Tomato,flowering,15.8,103,loam,88.3,2.9,33.8,84.3,57.8,6.7,10.7,13.0,water_later
Pepper,vegetative,5.4,18,sandy,80.4,7.1,35.6,88.1,39.5,15.8,9.6,14.0,water_later
Potato,vegetative,29.6,149,clay,79.4,32.1,16.6,45.5,16.6,3.7,7.0,64.0,no_watering
Potato,seedling,24.1,30,sandy,37.3,60.5,28.1,84.0,44.2,16.2,5.6,168.0,no_watering
Tomato,seedling,21.7,4,clay,87.8,17.0,23.3,71.6,45.3,15.5,10.0,168.0,no_watering
Potato,vegetative,25.1,34,loam,80.8,12.5,20.2,31.8,34.8,14.1,6.6,106.0,no_watering
Tomato,vegetative,12.3,32,loam,74.0,18.8,18.5,25.4,5.8,12.0,5.9,64.0,no_watering
Potato,flowering,18.7,23,sandy,83.0,9.1,19.1,82.2,53.8,17.9,4.3,59.0,no_watering
Tomato,fruiting,21.7,107,sandy,53.2,15.6,28.8,75.0,65.6,9.2,3.9,12.0,water_now
Pepper,vegetative,12.7,75,loam,85.8,15.5,17.8,30.1,16.6,5.9,2.8,132.0,no_watering
Tomato,fruiting,19.0,111,sandy,69.4,13.1,21.1,29.8,86.7,11.6,7.3,14.0,water_later
Tomato,vegetative,12.0,22,clay,71.3,24.5,31.4,54.4,32.5,21.9,4.1,168.0,no_watering
Tomato,fruiting,20.7,148,sandy,48.1,11.4,24.2,72.8,20.1,5.8,9.3,8.0,water_now
Tomato,vegetative,15.2,102,sandy,73.2,10.6,28.7,41.3,10.6,23.1,5.8,14.0,water_later
Potato,fruiting,27.6,12,loam,45.8,90.2,15.2,86.9,70.3,20.9,7.3,168.0,no_watering
Potato,fruiting,27.6,70,sandy,56.5,16.5,28.4,72.0,63.9,10.6,7.0,11.0,water_now
Tomato,vegetative,22.2,144,loam,98.7,1.1,28.8,44.1,72.2,19.7,3.1,168.0,no_watering
Pepper,fruiting,13.8,37,sandy,61.7,7.4,28.1,37.2,37.5,16.0,11.1,10.0,water_now
Tomato,flowering,9.8,138,clay,47.9,17.9,31.4,50.8,64.6,13.3,9.3,16.0,water_later
Pepper,flowering,12.5,50,loam,82.4,13.4,21.5,69.7,69.3,23.1,10.4,17.0,water_later
Potato,fruiting,29.8,96,sandy,56.6,12.7,15.3,31.9,50.6,20.6,11.5,8.0,water_now
Tomato,vegetative,20.8,10,clay,70.5,24.5,19.1,38.3,38.1,21.3,10.0,168.0,no_watering
Tomato,fruiting,23.9,22,sandy,74.9,6.3,24.8,43.2,11.9,13.1,8.3,13.0,water_later
Potato,seedling,21.0,81,sandy,96.4,5.4,25.1,52.3,54.2,6.5,2.5,168.0,no_watering
Pepper,vegetative,12.0,57,sandy,72.6,13.9,22.6,50.6,61.6,2.6,8.0,13.0,water_later
Pepper,vegetative,13.4,3,sandy,53.0,29.0,29.4,63.3,39.5,9.9,7.7,37.0,water_later
Pepper,seedling,11.4,7,clay,80.3,40.6,32.9,38.6,78.4,9.1,2.7,168.0,no_watering
Tomato,fruiting,12.2,101,sandy,97.3,0.6,30.8,42.9,59.0,1.8,10.6,9.0,water_now
Tomato,vegetative,21.5,13,loam,35.9,28.6,27.3,39.4,40.3,5.1,8.9,9.0,water_now
Tomato,fruiting,15.9,5,clay,55.1,39.5,24.1,87.8,77.1,8.1,2.8,168.0,no_watering
Pepper,flowering,11.8,42,loam,77.7,18.9,15.3,30.9,22.3,16.2,2.9,168.0,no_watering
Tomato,vegetative,23.4,34,sandy,70.1,29.2,25.4,35.9,20.2,16.6,7.8,34.0,water_later
Potato,seedling,15.2,6,sandy,91.8,8.6,25.1,71.3,18.7,17.1,6.8,168.0,no_watering
Tomato,flowering,18.9,80,sandy,74.4,45.6,19.0,80.4,54.2,2.8,2.5,58.0,no_watering
Pepper,vegetative,15.4,135,sandy,89.2,3.7,36.0,72.0,82.6,3.8,7.5,14.0,water_later
Tomato,flowering,17.2,25,loam,46.7,41.8,24.3,30.3,75.0,3.5,11.2,10.0,water_now
Pepper,fruiting,15.6,149,clay,56.7,39.8,28.6,34.4,63.5,9.9,7.4,13.0,water_later
Tomato,fruiting,16.1,71,clay,79.9,7.1,24.9,64.2,12.7,12.8,10.5,18.0,water_later
Pepper,flowering,5.9,115,sandy,80.0,6.9,25.8,29.5,14.0,2.2,8.8,10.0,water_now
Potato,seedling,23.8,45,loam,55.4,134.7,13.2,56.4,75.2,2.7,2.6,168.0,no_watering
Tomato,seedling,15.9,46,clay,81.7,62.0,20.2,54.8,77.4,8.8,3.7,168.0,no_watering
Potato,vegetative,12.8,143,sandy,78.2,27.0,19.5,77.1,20.4,12.3,2.6,81.0,no_watering
Tomato,vegetative,10.0,144,loam,86.5,7.3,30.5,68.0,14.5,8.2,8.6,23.0,water_later
Potato,flowering,22.9,16,sandy,69.8,19.8,26.0,82.6,25.2,22.2,3.7,85.0,no_watering
Tomato,flowering,15.3,57,sandy,89.0,8.9,21.2,57.2,63.5,16.1,2.3,85.0,no_watering
Potato,fruiting,16.2,2,sandy,63.7,33.1,16.0,52.2,19.0,19.6,3.3,83.0,no_watering
Pepper,flowering,8.9,45,clay,87.1,17.2,31.7,78.2,40.8,15.5,6.0,107.0,no_watering
Pepper,seedling,7.6,94,sandy,79.8,21.6,19.7,57.4,2.9,19.5,7.1,39.0,water_later
Tomato,fruiting,18.8,107,clay,94.6,4.4,19.3,54.0,86.9,4.6,3.7,168.0,no_watering
Pepper,fruiting,9.9,50,loam,95.4,2.9,20.5,35.3,38.0,19.9,2.7,168.0,no_watering
Pepper,fruiting,13.2,43,clay,87.8,6.6,24.4,38.9,37.1,4.6,10.6,34.0,water_later
Pepper,flowering,15.1,118,clay,45.5,40.0,25.1,30.0,66.7,19.4,3.9,168.0,no_watering
Tomato,vegetative,15.2,71,sandy,59.5,41.1,21.9,83.4,49.1,12.4,8.1,11.0,water_now
Potato,seedling,29.3,51,sandy,84.3,35.5,13.0,45.7,0.3,13.2,7.4,63.0,no_watering
Potato,flowering,19.0,123,sandy,99.0,0.4,13.8,80.7,17.6,6.3,10.1,15.0,water_later
Pepper,flowering,7.8,79,loam,84.0,19.9,27.2,87.0,18.7,0.4,2.7,78.0,no_watering
Pepper,fruiting,11.1,88,clay,48.4,47.6,16.4,44.8,22.2,17.6,8.5,12.0,water_now
Pepper,vegetative,10.9,85,loam,44.2,49.6,26.6,34.5,13.4,4.0,3.3,15.0,water_later
Tomato,seedling,12.0,97,sandy,87.0,19.9,28.0,31.7,32.8,3.1,2.8,155.0,no_watering
Pepper,fruiting,14.1,93,loam,77.6,11.6,35.2,55.0,87.3,15.5,5.8,14.0,water_later
Potato,flowering,13.8,91,loam,67.7,24.2,27.3,90.4,40.1,4.6,2.6,61.0,no_watering
Pepper,flowering,7.0,2,clay,60.7,34.0,21.9,75.4,78.5,23.6,4.5,168.0,no_watering
Pepper,vegetative,14.1,96,clay,96.2,3.0,19.6,73.4,83.4,9.8,8.3,156.0,no_watering
Potato,seedling,19.1,60,clay,42.7,84.1,23.4,78.3,70.1,3.9,9.0,38.0,water_later
Pepper,fruiting,8.0,10,sandy,47.9,8.2,31.8,44.2,20.2,15.1,8.0,9.0,water_now
Potato,fruiting,17.4,125,sandy,57.1,13.2,24.1,90.6,4.3,19.0,9.5,12.0,water_now
Tomato,flowering,23.3,63,sandy,48.5,57.8,19.9,51.5,49.9,16.7,5.1,12.0,water_now
Potato,flowering,12.2,95,sandy,38.0,31.1,22.9,67.9,30.0,15.1,6.1,8.0,water_now
Potato,fruiting,19.6,77,loam,59.4,14.2,26.2,66.9,58.9,18.5,11.3,10.0,water_now
Potato,flowering,18.8,48,clay,53.3,57.7,28.9,54.0,86.5,12.5,6.8,39.0,water_later
Tomato,fruiting,14.6,37,clay,68.2,19.1,22.0,90.3,50.1,13.0,10.4,32.0,water_later
Pepper,vegetative,5.0,53,clay,71.4,21.6,24.3,36.9,66.8,7.3,9.9,35.0,water_later
Tomato,vegetative,15.8,115,sandy,86.7,3.2,32.0,94.3,70.0,3.3,11.3,11.0,water_now
Potato,seedling,21.3,107,clay,50.4,114.8,21.4,69.4,56.3,19.2,9.9,61.0,no_watering
Tomato,vegetative,9.3,114,sandy,39.5,17.5,19.6,31.5,32.6,17.4,11.4,6.0,water_now
Potato,fruiting,31.6,51,clay,79.3,15.0,21.0,44.8,47.3,22.0,6.8,168.0,no_watering
Pepper,flowering,6.7,24,clay,62.3,56.1,17.0,73.9,19.0,8.0,8.3,65.0,no_watering
Tomato,vegetative,19.0,90,loam,67.8,31.6,19.4,84.4,30.7,17.7,6.6,84.0,no_watering
Potato,seedling,21.9,147,sandy,70.6,37.6,14.8,92.4,63.6,11.8,7.0,168.0,no_watering
Pepper,seedling,7.7,2,loam,76.0,19.6,28.7,55.7,40.1,10.7,10.3,168.0,no_watering
Potato,seedling,16.2,124,sandy,43.7,120.6,20.7,63.2,24.9,24.1,5.7,58.0,no_watering
Tomato,seedling,15.0,14,clay,53.1,65.4,28.4,69.6,1.9,15.3,8.9,85.0,no_watering
Pepper,fruiting,13.5,37,sandy,62.2,20.6,16.2,45.3,81.7,23.3,8.5,87.0,no_watering
Pepper,fruiting,7.7,3,loam,92.7,1.8,27.8,53.8,9.3,17.1,10.9,33.0,water_later
Tomato,vegetative,23.8,117,loam,50.6,33.7,19.1,56.2,34.0,5.1,7.4,14.0,water_later
Potato,vegetative,13.5,118,clay,85.6,15.5,19.4,90.5,60.9,11.0,5.4,168.0,no_watering
Tomato,seedling,9.2,131,loam,54.6,80.4,26.9,77.1,4.6,5.7,4.2,60.0,no_watering
Tomato,flowering,13.4,11,loam,63.3,24.2,30.5,79.6,7.8,16.5,2.6,98.0,no_watering
Tomato,vegetative,9.4,14,loam,64.8,25.5,15.9,41.2,77.9,2.3,10.5,42.0,water_later
Tomato,seedling,10.8,80,loam,39.8,89.1,25.4,89.9,52.6,7.6,6.1,14.0,water_later
Potato,flowering,30.3,94,clay,55.0,25.8,26.2,43.3,41.4,18.7,6.9,18.0,water_later
Potato,seedling,24.6,134,clay,70.2,82.4,15.1,46.3,43.5,20.2,4.7,168.0,no_watering
Potato,flowering,18.1,5,clay,84.4,11.8,23.3,47.2,24.1,23.4,9.5,159.0,no_watering
Tomato,flowering,17.2,56,sandy,85.9,4.0,27.2,42.6,61.2,19.2,10.2,11.0,water_now
Pepper,seedling,14.1,4,sandy,98.3,3.4,17.0,87.6,44.3,21.7,3.4,168.0,no_watering
Pepper,vegetative,10.4,109,sandy,38.0,30.4,28.8,82.0,66.3,13.3,6.9,11.0,water_now
Pepper,seedling,14.9,10,clay,52.4,124.2,25.2,89.4,12.8,16.6,4.3,168.0,no_watering
Potato,seedling,30.6,74,sandy,54.5,27.5,25.2,66.5,38.1,8.2,11.5,11.0,water_now
Potato,fruiting,24.1,41,loam,87.6,5.5,26.6,46.6,56.0,18.3,7.4,62.0,no_watering
Pepper,seedling,15.5,99,sandy,52.9,65.1,15.4,68.7,12.8,17.3,6.1,33.0,water_later
Tomato,seedling,22.5,148,sandy,71.8,23.9,33.8,48.2,40.6,19.2,10.3,13.0,water_later
Tomato,flowering,19.0,99,loam,62.9,72.9,17.1,53.9,65.9,23.5,4.9,168.0,no_watering
Pepper,flowering,7.6,37,loam,75.0,10.2,32.9,49.2,14.8,20.7,7.6,16.0,water_later
Potato,seedling,29.9,45,loam,49.2,104.2,27.3,82.6,47.1,10.2,4.1,168.0,no_watering
Tomato,vegetative,11.9,121,loam,90.0,15.4,18.5,86.2,79.2,15.5,6.3,168.0,no_watering
Potato,flowering,28.0,120,loam,99.8,0.1,28.0,28.8,53.5,21.8,9.5,42.0,water_later
Potato,fruiting,18.0,10,sandy,43.3,73.5,13.4,88.7,70.7,22.6,2.8,168.0,no_watering
Tomato,seedling,14.1,17,sandy,79.9,18.4,22.3,61.3,40.1,8.6,9.0,86.0,no_watering
Tomato,seedling,22.8,124,sandy,42.3,65.0,24.9,37.0,51.7,23.2,9.9,9.0,water_now
Tomato,flowering,13.8,131,clay,83.3,15.0,20.8,45.4,81.4,10.1,3.9,168.0,no_watering
Pepper,flowering,6.8,23,loam,40.4,29.6,23.0,50.9,66.2,21.6,5.3,13.0,water_later
Pepper,fruiting,8.9,29,clay,42.1,33.8,15.2,80.9,74.5,23.3,7.5,15.0,water_later
Potato,fruiting,28.3,30,clay,94.4,7.7,14.5,49.6,52.2,6.5,3.0,168.0,no_watering
Potato,seedling,21.8,100,loam,80.0,18.9,24.0,60.0,24.6,22.2,10.5,108.0,no_watering
Pepper,seedling,10.4,10,clay,66.5,90.6,29.0,37.4,75.3,18.3,6.1,168.0,no_watering
Pepper,flowering,7.1,59,sandy,65.0,7.8,24.3,51.9,86.0,18.1,9.6,34.0,water_later
Potato,vegetative,28.2,118,clay,92.0,5.9,14.8,46.6,13.0,6.4,9.5,62.0,no_watering
Tomato,vegetative,10.3,5,sandy,59.9,20.9,21.5,34.9,50.1,10.7,5.9,59.0,no_watering
Pepper,flowering,11.7,65,sandy,72.1,15.8,23.9,66.7,79.8,13.1,9.8,10.0,water_now
Pepper,fruiting,13.9,137,clay,98.4,1.2,33.0,39.9,62.3,4.3,3.2,109.0,no_watering
Pepper,flowering,15.0,18,sandy,95.3,2.3,34.3,27.5,2.8,2.6,3.1,57.0,no_watering
Tomato,flowering,8.7,29,clay,47.8,30.8,23.9,82.6,29.0,2.4,8.3,28.0,water_later
Pepper,fruiting,6.6,32,clay,79.8,6.7,33.2,83.8,39.1,3.9,7.0,41.0,water_later
Potato,flowering,25.1,113,clay,70.1,20.9,21.8,46.7,10.2,12.9,8.9,36.0,water_later
Tomato,flowering,12.0,105,sandy,48.3,23.2,20.1,92.7,15.0,0.7,5.6,11.0,water_now
Pepper,flowering,15.4,25,clay,69.5,24.8,20.4,85.0,24.1,14.6,5.2,168.0,no_watering
Pepper,flowering,7.6,48,sandy,87.0,2.6,30.5,87.2,34.4,24.1,9.3,12.0,water_now
Potato,vegetative,22.8,13,clay,81.9,19.3,14.6,25.0,61.9,8.5,5.3,168.0,no_watering
Potato,flowering,26.4,47,clay,86.6,6.3,21.5,36.1,67.0,3.0,9.9,57.0,no_watering
Potato,flowering,29.0,103,loam,45.1,38.1,25.5,76.2,10.0,20.7,3.8,14.0,water_later
Tomato,fruiting,12.1,148,loam,46.0,49.4,21.3,72.2,88.9,22.0,3.4,168.0,no_watering
Potato,vegetative,31.7,94,clay,99.0,2.1,16.7,84.2,5.0,12.4,3.4,168.0,no_watering
Tomato,fruiting,10.4,145,sandy,53.9,25.3,26.5,75.7,39.1,0.2,5.1,11.0,water_now
Tomato,fruiting,13.5,58,sandy,81.4,4.8,25.2,72.6,75.3,19.9,7.1,13.0,water_later
Potato,vegetative,11.6,80,clay,35.7,75.3,27.1,40.7,7.0,5.5,2.6,13.0,water_later
Pepper,vegetative,16.0,59,loam,90.2,7.7,29.1,50.3,29.6,0.7,10.9,17.0,water_later
Potato,fruiting,12.9,94,clay,80.5,16.7,13.0,80.4,82.3,17.7,7.6,168.0,no_watering
Pepper,fruiting,12.9,116,sandy,75.2,6.6,33.4,67.0,17.9,22.2,8.9,9.0,water_now
Potato,fruiting,11.9,78,loam,46.7,22.1,12.7,41.9,63.4,10.0,11.8,9.0,water_now
Tomato,fruiting,22.9,53,clay,39.8,44.6,28.1,45.2,0.0,8.5,5.9,12.0,water_now
Pepper,fruiting,13.8,50,clay,56.7,24.9,33.5,78.6,33.5,10.7,5.3,36.0,water_later
Tomato,vegetative,10.7,35,loam,47.4,47.0,27.8,32.1,53.9,3.4,6.8,14.0,water_later
Tomato,flowering,14.1,145,sandy,88.3,9.5,18.0,33.3,57.6,11.8,7.4,17.0,water_later
Pepper,seedling,10.1,64,clay,76.5,36.7,35.4,68.0,39.9,24.5,9.5,168.0,no_watering
Potato,fruiting,20.2,64,sandy,58.6,18.9,22.3,92.6,81.7,8.1,6.0,14.0,water_later
Potato,flowering,29.6,28,loam,48.9,66.0,20.3,48.7,18.3,6.5,3.9,38.0,water_later
Tomato,seedling,23.3,146,clay,38.6,92.7,22.3,38.3,51.7,8.7,8.5,111.0,no_watering
Potato,vegetative,31.2,140,loam,48.3,20.6,27.5,46.7,85.8,4.0,11.7,9.0,water_now
Tomato,fruiting,10.4,7,sandy,59.9,9.5,18.9,42.6,49.7,0.0,10.8,11.0,water_now
Tomato,seedling,23.5,10,loam,93.4,13.3,29.0,92.6,81.0,19.9,4.4,168.0,no_watering
Tomato,flowering,23.5,72,loam,96.6,1.2,29.4,30.4,61.6,9.5,8.4,34.0,water_later
Potato,vegetative,12.8,79,clay,45.8,52.6,23.9,88.3,70.7,6.0,12.0,15.0,water_later
Tomato,seedling,14.3,119,clay,95.5,14.3,19.2,70.0,49.8,19.8,8.9,168.0,no_watering
Potato,seedling,21.5,97,clay,74.1,90.7,20.2,86.8,41.7,24.8,2.5,168.0,no_watering
Potato,flowering,26.4,51,loam,87.5,10.3,19.0,26.5,45.2,9.4,2.9,154.0,no_watering
Pepper,fruiting,8.4,33,clay,51.7,15.7,19.3,25.4,67.3,9.4,11.1,16.0,water_later
Potato,fruiting,22.7,111,loam,46.8,25.7,14.7,70.3,41.1,24.8,10.9,14.0,water_later
Tomato,vegetative,13.0,77,clay,37.9,51.6,15.1,76.2,23.1,12.4,11.3,14.0,water_later
Tomato,seedling,13.4,44,clay,54.7,138.2,27.9,73.6,56.3,11.9,9.5,168.0,no_watering
Pepper,seedling,11.5,6,loam,92.8,8.2,29.9,54.2,88.2,15.3,6.5,168.0,no_watering
Tomato,vegetative,21.0,119,loam,86.2,8.9,30.0,75.2,41.9,14.3,6.3,109.0,no_watering
Potato,flowering,15.7,34,sandy,80.8,5.2,22.7,88.0,77.3,7.8,10.0,15.0,water_later
Tomato,vegetative,20.7,66,clay,72.5,23.1,23.5,64.1,56.3,11.9,10.1,168.0,no_watering
Tomato,flowering,9.1,140,sandy,90.4,4.7,29.3,31.4,29.3,17.5,3.2,38.0,water_later
Potato,fruiting,22.3,93,loam,81.8,11.8,24.4,76.3,20.0,8.7,6.4,36.0,water_later
Pepper,seedling,15.3,29,sandy,47.7,112.1,21.6,66.9,41.0,0.6,9.6,16.0,water_later
Tomato,fruiting,23.6,120,loam,95.0,2.0,29.3,68.1,49.6,24.8,5.1,36.0,water_later
Potato,vegetative,16.6,31,clay,64.0,76.5,23.3,68.3,8.0,4.0,6.1,83.0,no_watering
Potato,fruiting,30.2,63,sandy,63.8,37.5,20.3,89.5,72.0,15.3,5.5,15.0,water_later
Tomato,seedling,19.0,23,loam,80.7,39.3,19.7,39.0,4.6,18.7,7.2,168.0,no_watering
Tomato,flowering,22.1,33,loam,80.5,17.8,28.7,73.0,21.8,0.4,4.5,62.0,no_watering
Tomato,fruiting,22.5,122,clay,42.8,57.5,27.8,46.1,9.9,10.4,3.8,14.0,water_later
Pepper,flowering,8.5,109,sandy,86.2,7.8,23.3,64.8,46.1,10.2,2.2,112.0,no_watering
Tomato,flowering,22.0,108,loam,48.9,21.8,30.4,48.7,43.2,8.1,6.8,11.0,water_now
Tomato,fruiting,18.0,94,clay,38.1,34.3,16.2,47.4,21.6,13.3,8.9,9.0,water_now
Pepper,vegetative,9.0,130,loam,88.8,8.5,20.6,54.1,72.6,2.8,6.7,60.0,no_watering
Pepper,fruiting,11.1,76,clay,59.3,27.4,29.2,83.6,68.6,8.7,5.3,35.0,water_later
Potato,vegetative,23.5,137,loam,94.5,6.1,25.9,77.9,37.1,10.7,3.0,152.0,no_watering
Pepper,flowering,14.1,13,sandy,98.3,0.4,32.0,69.8,24.3,19.9,6.9,34.0,water_later
Tomato,fruiting,21.8,69,sandy,60.4,24.6,24.3,71.6,9.3,20.5,2.9,59.0,no_watering
Potato,vegetative,12.9,91,loam,55.2,22.2,22.5,66.5,24.9,2.5,8.5,12.0,water_now
Tomato,flowering,10.0,3,sandy,39.3,32.7,23.0,77.1,55.5,9.7,3.1,14.0,water_later
Pepper,flowering,8.8,74,clay,35.6,56.0,25.7,46.6,75.0,20.1,2.6,12.0,water_now
Tomato,seedling,22.9,51,loam,61.4,53.3,23.2,45.3,72.0,2.1,6.7,85.0,no_watering
Pepper,fruiting,9.4,26,clay,92.8,4.3,26.8,68.1,28.8,7.5,6.5,128.0,no_watering
Pepper,flowering,11.2,88,loam,43.4,27.3,30.9,60.1,36.3,16.8,5.2,11.0,water_now
Pepper,flowering,10.7,66,sandy,51.7,8.5,32.5,31.0,51.0,7.6,10.0,8.0,water_now
Pepper,vegetative,10.1,131,clay,41.7,51.7,25.3,73.2,37.2,4.6,5.6,15.0,water_later
Potato,fruiting,29.2,11,clay,93.1,3.6,22.0,82.9,44.6,7.6,11.4,152.0,no_watering
Pepper,vegetative,10.3,123,sandy,48.3,62.7,21.0,84.0,81.8,21.2,5.5,168.0,no_watering
Tomato,seedling,15.6,114,sandy,39.7,59.5,17.2,40.3,37.5,11.5,11.7,12.0,water_now
Tomato,seedling,19.5,2,sandy,38.8,118.9,19.4,94.1,51.5,22.2,3.3,168.0,no_watering
Pepper,vegetative,7.6,110,sandy,58.8,36.5,23.4,34.9,80.0,9.9,5.7,34.0,water_later
Pepper,vegetative,14.4,116,loam,77.5,19.8,27.9,34.9,34.6,10.6,2.6,94.0,no_watering
Potato,vegetative,21.8,23,loam,45.5,68.3,23.3,80.0,56.7,15.2,9.3,31.0,water_later
Potato,vegetative,27.1,16,clay,44.8,22.1,27.4,27.3,54.6,6.6,11.9,13.0,water_later
Pepper,fruiting,8.4,126,sandy,56.5,14.0,21.9,57.0,58.7,8.5,7.7,11.0,water_now
Potato,flowering,20.7,31,loam,65.1,48.1,23.2,59.0,82.5,9.5,2.9,168.0,no_watering
Potato,seedling,18.1,137,sandy,70.6,62.7,17.7,89.1,89.3,12.9,6.8,168.0,no_watering
Potato,vegetative,10.4,122,loam,92.1,6.2,13.2,63.5,78.8,8.5,6.0,147.0,no_watering
Pepper,flowering,15.3,92,clay,40.3,23.7,31.0,53.6,25.0,18.6,7.7,10.0,water_now
Tomato,vegetative,10.5,39,clay,74.4,47.4,25.5,92.0,10.1,8.6,2.9,168.0,no_watering
Potato,fruiting,11.1,106,sandy,41.8,16.1,21.8,59.3,1.1,16.6,10.0,6.0,water_now
Tomato,fruiting,9.0,28,loam,94.1,1.9,22.3,30.1,62.2,16.1,8.1,58.0,no_watering
Pepper,fruiting,10.3,102,loam,60.6,17.5,32.8,41.6,52.8,10.5,9.1,9.0,water_now
Potato,fruiting,19.5,121,loam,92.6,9.8,20.1,32.4,46.7,3.0,5.6,59.0,no_watering
Tomato,seedling,9.9,45,clay,66.6,44.0,25.1,81.0,53.2,9.4,11.6,168.0,no_watering
Potato,seedling,13.5,80,loam,62.6,71.4,20.4,66.9,10.3,12.7,5.0,163.0,no_watering
Tomato,fruiting,11.5,15,clay,75.2,20.0,31.9,36.3,44.2,19.6,4.1,168.0,no_watering
Pepper,flowering,8.8,101,clay,51.7,36.7,23.9,51.6,23.9,1.2,4.1,36.0,water_later
Tomato,vegetative,14.7,10,loam,48.1,65.0,23.6,36.8,20.2,4.6,3.0,123.0,no_watering
Tomato,seedling,17.6,99,sandy,35.0,85.3,24.4,37.1,85.9,22.2,7.9,168.0,no_watering
Pepper,seedling,7.6,22,clay,38.2,122.4,19.1,29.6,36.8,0.3,2.8,133.0,no_watering
Potato,seedling,25.4,141,loam,83.1,52.3,17.8,74.2,71.1,19.0,7.9,168.0,no_watering
Pepper,flowering,11.3,21,clay,71.4,14.0,22.0,40.0,72.0,15.8,9.5,168.0,no_watering
Tomato,fruiting,15.1,113,loam,45.7,26.8,27.9,63.5,15.5,17.8,4.2,12.0,water_now
Pepper,fruiting,6.3,27,clay,35.6,28.3,16.3,52.2,63.8,4.2,9.9,9.0,water_now
Potato,fruiting,20.1,112,clay,78.8,13.3,28.5,45.1,22.4,22.3,6.2,168.0,no_watering
Tomato,flowering,15.0,25,clay,84.7,8.8,32.8,42.6,17.4,14.8,4.2,109.0,no_watering
Pepper,seedling,9.9,13,loam,49.4,100.3,20.9,25.3,85.7,3.7,4.3,168.0,no_watering
Pepper,seedling,9.3,126,loam,88.0,22.4,20.9,51.7,68.9,8.9,3.8,168.0,no_watering
Potato,seedling,24.1,94,sandy,49.4,85.4,15.8,50.7,55.7,24.2,3.5,168.0,no_watering
Tomato,seedling,8.4,55,loam,96.6,5.6,22.3,74.0,61.7,19.6,4.0,168.0,no_watering
Pepper,vegetative,7.0,103,clay,91.9,3.0,31.1,64.6,71.5,23.0,11.7,63.0,no_watering
Tomato,flowering,10.4,76,clay,63.3,17.9,24.4,82.5,65.5,23.2,9.5,66.0,no_watering
Pepper,fruiting,15.5,4,sandy,83.8,4.1,24.3,65.7,76.2,4.2,7.9,37.0,water_later
Tomato,fruiting,13.6,104,sandy,36.3,14.8,25.3,47.1,39.7,4.2,7.4,8.0,water_now
Tomato,vegetative,16.3,93,sandy,72.4,11.6,30.7,94.9,5.1,13.0,6.2,13.0,water_later
Tomato,vegetative,23.8,100,sandy,35.3,19.1,32.9,30.3,6.0,9.7,10.3,6.0,water_now
Potato,vegetative,25.9,98,sandy,74.1,20.7,21.2,62.2,47.7,14.6,2.2,168.0,no_watering
Potato,seedling,17.2,84,clay,75.2,110.5,15.1,35.1,8.9,0.3,2.9,168.0,no_watering
Tomato,seedling,10.6,15,sandy,92.3,11.4,16.7,47.3,73.1,14.0,3.6,168.0,no_watering
Pepper,flowering,7.0,126,clay,64.2,23.5,34.4,90.5,81.4,21.3,2.8,168.0,no_watering
Pepper,flowering,15.3,122,clay,98.2,2.1,18.5,71.7,54.2,15.8,9.7,86.0,no_watering
Pepper,seedling,6.3,32,clay,65.1,40.3,32.8,75.6,84.4,22.6,10.5,168.0,no_watering
Pepper,vegetative,12.8,50,sandy,37.4,46.7,30.0,87.3,1.1,11.3,4.5,10.0,water_now
Tomato,vegetative,8.8,12,clay,73.3,52.3,26.1,67.8,15.3,12.5,5.6,149.0,no_watering
Potato,vegetative,27.5,4,sandy,38.0,92.2,12.7,36.9,45.2,0.9,4.9,13.0,water_later
Pepper,fruiting,5.9,41,sandy,42.7,9.8,30.1,88.5,60.1,0.9,8.6,7.0,water_now
Potato,vegetative,12.7,75,clay,66.6,40.0,24.5,93.3,82.2,13.5,11.1,18.0,water_later
Potato,vegetative,17.3,60,clay,41.6,40.1,27.5,62.9,34.4,6.6,10.9,11.0,water_now
Tomato,vegetative,10.8,121,loam,94.9,4.3,28.9,85.9,54.6,5.2,11.0,17.0,water_later
Pepper,flowering,12.9,46,sandy,70.6,22.3,18.9,56.0,49.7,22.1,6.0,83.0,no_watering
Pepper,flowering,6.2,60,loam,53.1,48.9,31.0,56.9,28.3,18.2,2.7,34.0,water_later
Tomato,fruiting,10.8,53,loam,90.2,2.2,28.5,32.3,32.4,0.2,9.4,15.0,water_later
Potato,vegetative,29.1,1,loam,37.5,55.1,18.4,55.3,34.3,9.4,8.1,31.0,water_later
Tomato,vegetative,12.3,108,loam,73.7,29.2,22.9,65.2,17.4,15.1,8.8,27.0,water_later
Pepper,fruiting,14.9,106,clay,93.3,2.7,26.5,63.5,0.6,5.2,10.4,26.0,water_later
Potato,fruiting,12.7,54,clay,37.4,80.0,21.2,86.6,24.4,10.7,6.3,12.0,water_now
Tomato,seedling,21.9,43,sandy,38.6,64.0,17.6,95.0,5.1,13.1,8.8,11.0,water_now
Pepper,flowering,14.9,77,sandy,49.1,16.5,32.3,61.8,10.8,3.5,10.1,7.0,water_now
Pepper,seedling,10.4,52,loam,81.1,19.6,30.6,25.2,23.8,5.1,10.6,41.0,water_later
Pepper,seedling,9.1,89,sandy,48.3,65.7,16.1,88.1,77.2,18.7,5.7,168.0,no_watering
Tomato,vegetative,16.3,142,clay,72.9,26.2,32.9,78.4,19.3,12.3,3.2,156.0,no_watering
Tomato,fruiting,12.5,99,clay,71.5,13.7,21.9,49.1,20.8,2.0,11.2,15.0,water_later
Potato,flowering,26.7,149,loam,46.6,63.0,17.0,54.7,86.3,10.8,3.0,38.0,water_later
Pepper,seedling,6.0,8,loam,60.2,47.5,28.5,73.8,47.2,1.6,2.6,168.0,no_watering
Tomato,vegetative,14.1,94,clay,96.0,2.2,33.7,69.5,73.9,21.9,7.9,168.0,no_watering
Pepper,seedling,12.2,149,clay,44.5,92.1,33.6,25.5,72.8,2.0,3.9,86.0,no_watering
Pepper,fruiting,7.9,53,sandy,95.0,0.9,34.9,83.0,17.3,13.5,7.9,12.0,water_now
Tomato,vegetative,16.1,85,sandy,52.0,20.0,19.8,74.7,66.5,6.6,9.9,12.0,water_now
Pepper,flowering,13.7,106,sandy,77.0,8.2,15.5,45.0,34.1,7.6,7.4,15.0,water_later
Tomato,vegetative,21.0,2,loam,70.4,56.6,23.3,46.9,68.4,18.9,5.6,168.0,no_watering
Tomato,seedling,23.3,64,clay,87.5,23.7,29.6,76.2,30.0,13.1,8.0,168.0,no_watering
Pepper,flowering,13.4,92,sandy,41.0,25.4,29.6,82.8,76.3,13.4,5.2,18.0,water_later
Potato,flowering,15.4,91,loam,71.6,10.0,24.2,42.8,74.3,11.6,9.2,15.0,water_later
Potato,flowering,30.1,46,clay,63.4,29.5,18.0,64.8,6.6,18.8,6.1,60.0,no_watering
Pepper,seedling,12.5,12,sandy,58.2,40.8,21.5,48.2,88.4,19.6,10.8,168.0,no_watering
Tomato,seedling,19.8,44,clay,46.5,74.7,33.2,71.0,79.7,8.3,6.7,168.0,no_watering
Pepper,flowering,7.5,28,clay,76.4,14.0,31.2,79.1,65.0,3.0,4.2,131.0,no_watering
Potato,vegetative,19.5,62,sandy,62.5,17.2,18.1,73.5,74.6,9.3,11.9,14.0,water_later
Pepper,seedling,8.8,129,clay,44.1,128.2,15.9,25.9,39.7,23.9,2.4,168.0,no_watering
Tomato,fruiting,12.4,5,clay,98.4,0.6,25.2,58.4,16.8,21.2,9.8,158.0,no_watering
Pepper,fruiting,15.9,5,loam,56.1,22.2,16.9,40.4,46.6,22.0,5.2,168.0,no_watering
Potato,vegetative,13.2,143,sandy,38.3,35.9,17.7,33.0,40.0,24.1,6.9,14.0,water_later
Pepper,flowering,14.7,30,clay,82.7,11.7,27.6,79.9,57.8,22.2,6.0,168.0,no_watering
Tomato,vegetative,13.0,90,sandy,73.3,14.5,25.0,64.9,87.3,19.6,6.7,14.0,water_later
Pepper,flowering,6.9,121,sandy,88.2,5.3,33.3,86.6,67.6,4.2,6.4,13.0,water_later
Tomato,vegetative,19.4,148,sandy,78.6,18.9,32.8,89.7,81.9,25.0,2.6,168.0,no_watering
Pepper,fruiting,14.8,146,sandy,61.0,41.5,20.4,47.1,33.4,0.9,3.7,13.0,water_later
Tomato,seedling,9.4,124,clay,64.2,87.1,20.6,61.7,46.8,3.2,3.0,168.0,no_watering
Pepper,seedling,8.0,23,sandy,48.2,58.2,23.9,79.8,83.5,21.3,9.2,16.0,water_later
Tomato,vegetative,16.3,141,sandy,60.1,64.4,24.1,40.8,29.6,1.0,3.1,34.0,water_later
Tomato,seedling,10.1,70,sandy,87.6,15.2,17.9,49.1,37.3,2.5,5.3,85.0,no_watering
Tomato,fruiting,23.1,93,sandy,57.8,13.3,15.3,85.2,26.7,20.5,8.4,10.0,water_now
Potato,fruiting,14.3,71,clay,48.0,43.3,14.4,28.7,59.0,17.4,6.3,168.0,no_watering
Pepper,vegetative,12.3,107,clay,89.2,12.6,34.5,32.8,33.4,17.8,7.5,106.0,no_watering
Pepper,flowering,13.5,123,clay,49.2,57.2,16.1,79.4,63.4,23.8,6.8,23.0,water_later
Pepper,vegetative,7.3,26,sandy,36.6,35.5,16.4,55.5,1.6,3.9,6.1,9.0,water_now
Tomato,seedling,22.6,106,loam,55.1,82.6,15.8,52.8,24.9,18.4,6.0,160.0,no_watering
Potato,vegetative,16.9,80,sandy,41.9,37.8,27.3,49.3,59.1,18.0,10.7,6.0,water_now
Tomato,flowering,23.5,17,sandy,68.1,5.1,30.7,28.3,15.7,12.8,11.5,10.0,water_now
Potato,fruiting,20.6,54,loam,82.6,20.6,17.2,75.7,70.6,7.8,2.2,168.0,no_watering
Pepper,vegetative,13.0,19,sandy,99.2,1.0,17.5,63.7,82.2,13.4,2.2,168.0,no_watering
Potato,fruiting,21.5,7,sandy,67.9,30.2,14.2,35.8,14.6,15.7,4.1,61.0,no_watering
Pepper,seedling,5.8,138,sandy,49.1,41.5,27.9,82.2,41.8,20.1,5.1,15.0,water_later
Tomato,vegetative,22.0,117,loam,82.0,15.8,26.0,26.2,42.9,21.7,4.7,168.0,no_watering
Pepper,flowering,8.2,106,loam,90.6,3.5,21.3,40.2,39.4,23.1,8.6,19.0,water_later
Potato,fruiting,30.7,149,clay,46.7,90.5,28.7,65.8,52.0,11.2,5.1,16.0,water_later
Potato,flowering,28.8,100,sandy,99.1,0.3,28.1,62.5,29.9,15.6,6.8,15.0,water_later
Tomato,vegetative,9.4,116,loam,99.2,0.4,26.1,33.3,69.4,8.0,8.0,39.0,water_later
Pepper,flowering,13.1,132,clay,92.1,10.6,27.3,35.4,34.4,17.4,2.4,168.0,no_watering
Pepper,flowering,14.1,10,sandy,62.4,10.0,33.6,93.5,28.9,7.0,5.8,15.0,water_later
Tomato,vegetative,21.1,113,loam,57.9,22.6,27.7,58.8,24.6,20.9,9.3,16.0,water_later
Pepper,seedling,10.5,5,loam,42.1,60.7,17.8,43.7,56.9,5.2,11.3,90.0,no_watering
Potato,vegetative,14.0,105,loam,65.7,39.1,14.9,41.9,10.1,7.1,2.7,83.0,no_watering
Pepper,fruiting,15.2,140,clay,85.9,6.1,29.9,71.2,81.9,24.7,6.3,86.0,no_watering
Tomato,fruiting,21.5,75,loam,64.3,33.7,26.4,90.7,60.7,24.3,7.9,13.0,water_later
Tomato,fruiting,22.3,131,loam,37.7,47.9,23.8,29.5,37.4,23.5,8.4,7.0,water_now
Potato,fruiting,28.2,79,loam,80.3,8.9,25.8,62.4,6.4,23.7,8.0,34.0,water_later
Tomato,seedling,14.6,83,sandy,45.4,58.7,30.5,46.6,58.2,2.9,3.9,35.0,water_later
Pepper,seedling,11.7,112,clay,61.3,47.5,28.6,46.7,60.5,3.8,8.8,82.0,no_watering
Pepper,fruiting,12.8,102,clay,68.2,16.2,34.6,86.6,43.8,23.8,7.7,15.0,water_later
Pepper,vegetative,11.7,38,loam,51.1,49.0,23.0,28.2,16.5,18.3,2.3,168.0,no_watering
Tomato,flowering,20.0,6,sandy,43.1,27.0,24.5,34.8,88.9,17.0,8.4,15.0,water_later
Tomato,fruiting,17.7,127,sandy,49.8,11.0,26.6,54.5,4.2,17.2,7.8,9.0,water_now
Tomato,vegetative,13.4,35,loam,76.9,33.6,33.2,67.9,76.4,2.2,2.4,168.0,no_watering
Pepper,fruiting,13.7,75,clay,44.0,25.7,33.1,69.7,24.1,9.1,4.4,12.0,water_now
Tomato,fruiting,22.2,48,loam,92.4,2.2,26.1,31.2,32.0,4.3,10.6,15.0,water_later
Tomato,seedling,15.6,13,loam,40.9,62.8,27.6,63.2,11.1,19.7,8.1,31.0,water_later
Potato,seedling,30.2,32,sandy,90.9,15.1,15.7,45.6,38.7,0.1,10.6,56.0,no_watering
Potato,vegetative,27.1,12,clay,42.2,54.3,26.2,42.1,81.2,11.7,10.5,35.0,water_later
Pepper,flowering,8.1,3,clay,64.2,20.4,23.1,51.2,62.3,2.6,11.5,61.0,no_watering
Tomato,flowering,19.1,3,loam,91.0,6.3,21.8,35.5,21.7,10.8,3.6,168.0,no_watering
Potato,seedling,16.2,73,clay,74.8,51.7,22.9,32.1,40.9,10.8,4.6,168.0,no_watering
Pepper,seedling,9.5,111,loam,39.7,48.4,31.2,34.2,77.8,15.6,9.2,17.0,water_later
Pepper,vegetative,7.8,36,clay,37.2,59.8,16.4,76.7,11.0,14.5,6.9,14.0,water_later
Tomato,vegetative,19.1,119,loam,85.9,14.0,20.1,90.2,12.1,5.1,4.6,84.0,no_watering
Potato,seedling,22.1,5,sandy,78.1,28.1,16.4,68.9,5.7,3.7,8.8,104.0,no_watering
Pepper,seedling,8.3,76,clay,90.1,21.5,20.9,83.5,10.7,14.6,3.6,168.0,no_watering
Tomato,flowering,10.4,106,loam,71.7,26.1,15.1,66.2,28.8,20.4,3.1,62.0,no_watering
Potato,vegetative,16.7,147,loam,74.0,18.2,26.7,61.0,43.2,11.0,11.7,13.0,water_later
Pepper,vegetative,10.2,62,loam,99.2,0.8,29.9,68.9,17.0,10.0,6.5,59.0,no_watering
Pepper,flowering,15.3,149,sandy,61.6,8.2,32.9,37.8,41.7,8.0,6.7,10.0,water_now
Potato,vegetative,26.2,136,clay,46.5,40.0,22.1,85.4,45.1,11.3,11.0,15.0,water_later
Pepper,fruiting,10.9,15,sandy,70.2,14.1,30.1,32.2,51.7,0.4,4.6,19.0,water_later
Tomato,vegetative,22.5,76,clay,38.8,34.0,31.5,82.9,46.6,17.9,8.8,14.0,water_later
Potato,flowering,10.8,73,loam,97.7,5.0,19.5,71.3,5.3,12.3,2.1,155.0,no_watering
Pepper,flowering,13.8,61,loam,71.0,21.9,27.0,64.1,69.3,15.0,9.5,14.0,water_later
Pepper,fruiting,11.0,127,loam,80.4,9.6,29.5,52.9,25.0,20.3,2.6,67.0,no_watering
Pepper,flowering,14.1,43,clay,58.8,20.5,22.7,64.6,19.5,11.7,8.9,32.0,water_later
Pepper,fruiting,6.7,135,loam,68.9,15.4,17.2,34.9,33.9,21.6,4.6,87.0,no_watering
Potato,flowering,27.2,81,clay,95.8,7.4,14.5,76.4,14.0,24.1,4.8,136.0,no_watering
Tomato,seedling,23.2,133,loam,58.9,161.8,17.1,40.8,56.2,8.6,4.1,168.0,no_watering
Pepper,flowering,9.6,136,clay,72.9,48.3,20.5,63.2,5.7,15.2,4.2,78.0,no_watering
Pepper,seedling,15.2,148,sandy,54.2,87.6,23.6,68.6,4.2,12.9,2.9,60.0,no_watering
Pepper,flowering,5.7,69,loam,52.7,11.7,31.5,72.0,6.3,5.0,10.5,8.0,water_now
Tomato,flowering,21.4,75,sandy,80.1,6.9,31.2,52.9,84.1,14.5,10.4,10.0,water_now
Tomato,fruiting,21.3,14,sandy,95.5,1.1,22.9,93.5,39.6,6.9,8.7,35.0,water_later
Potato,flowering,29.3,98,sandy,67.8,29.3,15.3,65.2,48.8,20.4,6.1,62.0,no_watering
Potato,seedling,12.7,117,clay,60.2,69.8,23.8,63.7,3.0,21.9,11.5,37.0,water_later
Tomato,flowering,18.1,75,clay,95.1,10.7,25.9,38.7,8.2,9.0,4.0,129.0,no_watering
Potato,fruiting,13.7,133,sandy,95.0,5.6,17.7,29.2,61.1,18.0,3.2,168.0,no_watering
Pepper,fruiting,13.9,9,clay,89.9,3.0,35.0,34.0,40.8,7.0,6.7,108.0,no_watering
Potato,vegetative,13.9,106,clay,73.5,20.4,15.6,27.9,48.6,22.4,11.2,32.0,water_later
Pepper,seedling,14.4,82,clay,56.5,162.8,15.2,82.8,80.2,14.1,5.5,168.0,no_watering
Potato,vegetative,20.3,54,sandy,35.5,28.3,14.1,70.1,54.1,7.1,9.2,7.0,water_now
Tomato,fruiting,20.1,142,sandy,83.0,3.2,20.4,33.2,67.1,8.4,11.2,10.0,water_now
Pepper,flowering,5.6,96,loam,42.3,11.9,28.7,36.9,43.1,14.3,11.8,7.0,water_now
Potato,flowering,23.4,61,loam,49.4,39.7,13.2,91.3,75.9,13.5,11.8,11.0,water_now
Tomato,vegetative,24.0,57,loam,84.8,10.5,28.1,71.6,33.4,24.7,9.7,50.0,no_watering
Tomato,fruiting,19.6,24,sandy,51.2,22.5,18.2,59.9,70.3,11.4,3.6,18.0,water_later
Potato,flowering,20.5,5,loam,46.4,53.1,24.8,51.4,56.8,20.6,9.3,14.0,water_later
Tomato,vegetative,14.2,5,loam,92.0,5.2,17.2,38.3,79.2,4.4,10.4,106.0,no_watering
Tomato,fruiting,19.0,23,loam,90.3,7.1,23.7,31.3,7.0,7.7,2.8,131.0,no_watering
Pepper,vegetative,11.3,42,sandy,77.0,22.7,29.3,79.7,8.6,7.2,4.2,36.0,water_later
Potato,fruiting,20.5,13,clay,56.5,48.3,25.9,54.4,65.2,7.3,4.1,168.0,no_watering
Tomato,flowering,19.0,24,sandy,96.9,1.0,17.3,87.8,72.7,9.1,10.3,37.0,water_later
Pepper,seedling,14.0,13,clay,92.6,14.2,28.0,67.5,18.3,15.8,5.5,168.0,no_watering
Tomato,fruiting,15.5,127,sandy,84.8,2.8,28.2,44.3,55.5,5.0,8.6,10.0,water_now
Pepper,fruiting,11.1,73,loam,54.7,7.5,34.0,59.0,4.2,1.6,11.6,8.0,water_now
Pepper,vegetative,9.6,109,clay,57.7,61.8,29.3,67.2,88.4,0.7,4.6,57.0,no_watering
Tomato,seedling,8.5,94,sandy,59.9,26.7,33.1,75.3,31.0,3.0,10.8,10.0,water_now
Pepper,vegetative,13.9,18,clay,52.8,24.1,31.9,80.4,30.0,21.2,9.0,33.0,water_later
Tomato,flowering,8.1,98,sandy,65.0,15.0,30.6,31.2,58.9,8.5,5.6,34.0,water_later
Tomato,fruiting,13.2,121,sandy,51.0,8.4,24.5,64.9,62.3,24.0,11.7,7.0,water_now
Potato,seedling,21.0,5,sandy,95.3,9.5,27.5,30.6,31.2,19.4,4.5,168.0,no_watering
Tomato,seedling,13.2,53,clay,76.5,43.1,26.4,68.3,59.5,21.8,10.3,168.0,no_watering
Pepper,flowering,10.8,3,loam,57.9,25.4,28.9,76.7,25.7,22.5,4.4,108.0,no_watering
Pepper,seedling,9.2,101,clay,79.4,43.3,33.5,44.5,26.7,4.5,6.6,108.0,no_watering
Tomato,vegetative,21.9,32,sandy,35.7,53.5,31.8,26.0,62.0,2.0,2.2,13.0,water_later
Pepper,fruiting,10.6,4,loam,62.7,18.1,27.1,41.0,70.0,10.4,10.4,15.0,water_later
Pepper,vegetative,15.0,10,clay,87.0,23.0,18.4,47.3,72.1,0.2,5.3,168.0,no_watering
Pepper,fruiting,12.8,25,loam,45.6,43.7,29.5,88.8,47.6,24.6,4.1,14.0,water_later
Tomato,fruiting,13.1,13,loam,74.5,17.2,33.2,60.8,16.7,13.0,4.7,61.0,no_watering
Tomato,vegetative,12.7,123,loam,45.4,40.6,21.0,73.1,41.5,2.5,6.2,14.0,water_later
Potato,vegetative,12.8,104,loam,96.3,2.4,14.1,26.7,80.8,3.8,10.2,34.0,water_later
Potato,fruiting,22.8,69,loam,73.8,51.4,12.4,41.1,32.2,17.3,4.6,107.0,no_watering
Pepper,fruiting,12.9,80,clay,70.1,33.9,15.6,41.7,20.5,25.0,6.0,38.0,water_later
Tomato,flowering,20.4,11,clay,38.2,25.1,28.0,50.0,41.5,11.9,9.7,16.0,water_later
Tomato,fruiting,20.3,36,loam,79.5,7.9,25.4,26.3,74.3,14.0,5.7,60.0,no_watering
Potato,vegetative,25.5,76,clay,83.5,14.1,22.9,70.1,6.1,18.2,6.3,108.0,no_watering
Potato,flowering,10.8,43,loam,46.8,21.2,17.7,49.7,13.0,9.8,11.7,9.0,water_now
Potato,seedling,17.8,15,clay,90.4,11.0,27.0,27.5,52.4,11.4,8.8,168.0,no_watering
Pepper,flowering,15.3,139,sandy,39.8,13.5,23.8,93.7,32.9,22.8,11.7,14.0,water_later
Potato,flowering,18.5,57,sandy,44.3,13.9,17.4,46.6,6.4,15.6,11.6,7.0,water_now
Potato,fruiting,27.7,22,clay,59.1,17.7,28.0,94.5,28.3,10.7,11.5,34.0,water_later
Tomato,fruiting,14.6,15,clay,83.7,4.3,30.0,59.5,41.4,12.6,11.1,39.0,water_later
Potato,flowering,26.2,118,sandy,51.4,53.5,14.3,29.1,55.2,1.0,6.0,11.0,water_now
Pepper,flowering,9.1,74,sandy,63.3,12.5,28.0,86.3,56.8,13.5,8.9,11.0,water_now
Tomato,flowering,21.6,52,sandy,51.2,25.2,29.7,65.4,7.0,14.1,2.0,14.0,water_later
Potato,vegetative,30.5,114,loam,66.4,20.3,14.6,25.8,59.5,1.8,8.4,28.0,water_later
Pepper,fruiting,13.2,47,clay,36.4,53.5,32.3,52.1,49.8,5.2,5.5,12.0,water_now
Pepper,flowering,14.6,125,clay,65.2,61.9,27.6,62.8,67.7,2.9,2.5,131.0,no_watering
Pepper,flowering,12.9,148,sandy,40.0,26.6,27.6,35.2,36.6,21.2,7.6,8.0,water_now
Pepper,flowering,12.3,7,sandy,60.5,13.7,22.6,82.3,36.2,1.9,7.9,16.0,water_later
Tomato,seedling,9.9,96,sandy,49.6,38.0,33.0,61.1,46.8,24.0,9.4,10.0,water_now
Tomato,fruiting,20.1,101,sandy,68.0,15.6,24.9,95.0,73.6,13.1,2.7,37.0,water_later
Tomato,seedling,12.3,43,loam,94.8,5.2,31.6,27.2,47.8,13.5,10.2,87.0,no_watering
Pepper,vegetative,15.6,74,loam,85.8,9.9,32.0,89.5,63.8,20.7,3.7,168.0,no_watering
Pepper,seedling,13.7,32,sandy,54.3,41.2,21.5,84.1,61.8,24.9,9.1,168.0,no_watering
Potato,vegetative,21.7,38,loam,35.2,91.5,15.4,86.2,64.7,9.5,2.6,14.0,water_later
Tomato,flowering,15.5,12,loam,51.8,25.5,21.3,80.2,84.5,22.0,7.0,168.0,no_watering
Potato,vegetative,27.0,33,sandy,62.3,47.8,20.5,72.8,26.4,22.2,6.3,19.0,water_later
Tomato,seedling,20.3,33,clay,57.5,75.8,24.3,79.3,50.7,17.0,7.6,168.0,no_watering
Tomato,vegetative,19.9,110,sandy,45.0,61.5,23.7,55.8,33.2,20.7,5.0,11.0,water_now
Tomato,fruiting,17.2,55,sandy,48.8,10.8,32.3,27.5,74.8,10.0,5.5,10.0,water_now
Tomato,vegetative,11.0,131,clay,77.9,12.4,29.6,87.9,76.1,1.8,9.6,36.0,water_later
Pepper,fruiting,12.6,134,sandy,69.8,5.6,31.0,94.9,78.7,14.2,10.9,10.0,water_now
Pepper,fruiting,7.3,86,sandy,66.2,25.1,18.3,34.9,8.0,21.4,2.5,25.0,water_later
Pepper,fruiting,9.9,79,loam,58.9,33.8,35.4,91.6,21.7,4.2,5.5,12.0,water_now
Potato,fruiting,14.2,129,sandy,78.7,12.3,27.4,42.5,80.5,3.7,6.5,13.0,water_later
Potato,seedling,20.6,75,sandy,42.5,50.8,14.9,79.4,59.1,24.5,10.5,30.0,water_later
Pepper,flowering,12.2,111,clay,77.8,12.7,20.9,92.3,58.9,4.8,8.6,38.0,water_later
Potato,fruiting,29.6,53,loam,71.4,34.8,28.8,52.4,9.7,20.7,4.3,39.0,water_later
Pepper,flowering,7.5,18,sandy,72.9,10.9,32.0,42.6,20.5,4.1,10.6,11.0,water_now
Potato,fruiting,30.8,13,clay,37.4,102.1,20.5,65.6,13.4,7.6,8.3,13.0,water_later
Potato,fruiting,30.2,56,clay,51.6,86.1,13.7,86.2,57.2,4.4,2.2,168.0,no_watering
Pepper,fruiting,5.6,139,sandy,97.6,0.7,23.5,66.2,7.8,24.1,9.6,11.0,water_now
Pepper,fruiting,5.0,140,loam,84.4,3.9,20.9,58.5,49.9,6.4,11.4,12.0,water_now
Pepper,fruiting,7.9,8,sandy,76.7,9.7,27.1,55.5,51.9,18.1,6.5,19.0,water_later
Pepper,seedling,14.2,46,sandy,68.4,26.0,32.9,58.4,6.2,19.6,9.3,17.0,water_later
Potato,vegetative,29.0,133,loam,71.6,24.7,26.3,79.9,72.9,16.5,3.4,168.0,no_watering
Pepper,flowering,12.5,112,loam,82.5,15.0,27.0,62.9,89.8,12.6,2.7,168.0,no_watering
Pepper,seedling,11.8,21,clay,53.4,66.7,32.4,36.3,54.0,16.8,5.5,168.0,no_watering
Tomato,flowering,11.8,76,sandy,82.3,10.7,15.3,29.2,67.2,14.3,3.1,168.0,no_watering
Tomato,seedling,8.6,8,sandy,51.1,58.6,16.0,52.3,39.2,6.3,3.8,168.0,no_watering
Tomato,fruiting,20.2,99,clay,73.0,34.8,25.8,28.0,14.2,14.4,3.9,61.0,no_watering
Pepper,flowering,5.1,35,loam,42.1,22.7,24.8,86.2,76.4,22.0,8.5,10.0,water_now
Pepper,seedling,11.2,6,sandy,94.0,6.4,34.6,53.6,0.8,20.5,7.5,83.0,no_watering
Tomato,fruiting,16.7,33,loam,48.2,54.9,27.7,28.9,61.7,10.3,4.4,59.0,no_watering
Tomato,fruiting,10.5,31,loam,86.9,13.2,19.4,48.7,82.5,23.9,4.5,168.0,no_watering
Potato,fruiting,15.9,49,sandy,87.4,14.0,12.2,90.6,58.7,9.3,2.2,168.0,no_watering
Pepper,flowering,10.1,4,clay,45.5,18.8,35.7,86.0,70.1,19.6,9.4,168.0,no_watering
Tomato,flowering,9.2,135,sandy,58.9,10.5,26.1,84.8,30.5,11.8,8.9,9.0,water_now
Pepper,vegetative,5.9,130,clay,80.9,19.0,18.3,52.0,68.5,16.6,7.0,107.0,no_watering
Pepper,fruiting,7.6,40,loam,98.7,0.4,30.2,81.6,20.0,7.9,8.4,31.0,water_later
Potato,seedling,21.4,72,loam,60.7,76.8,15.3,34.1,10.1,11.9,4.8,130.0,no_watering
Tomato,fruiting,17.8,27,clay,45.0,25.4,17.5,88.0,87.1,2.2,10.4,13.0,water_later
Tomato,flowering,15.6,20,sandy,38.2,32.3,26.6,67.8,29.5,6.6,3.6,12.0,water_now
Tomato,vegetative,10.3,23,loam,74.7,27.9,15.5,57.7,50.3,9.7,6.1,168.0,no_watering
Potato,fruiting,20.4,43,clay,57.4,33.7,18.9,68.7,49.6,0.1,6.9,56.0,no_watering
Pepper,flowering,12.2,11,sandy,45.5,13.7,32.3,82.7,38.2,6.6,6.3,23.0,water_later
Tomato,seedling,13.0,15,loam,100.0,0.1,21.5,38.9,45.9,15.5,7.4,168.0,no_watering
Tomato,fruiting,17.1,90,sandy,70.8,8.4,24.5,61.7,77.9,11.5,8.4,10.0,water_now
Potato,vegetative,24.7,16,clay,48.1,27.9,28.5,79.1,32.2,19.7,9.3,31.0,water_later
Potato,seedling,21.9,134,sandy,87.4,26.4,23.3,83.8,37.6,0.5,4.3,86.0,no_watering
Tomato,fruiting,20.5,71,sandy,74.7,5.2,20.0,88.2,73.5,12.9,11.9,9.0,water_now
Pepper,fruiting,5.4,27,clay,81.0,7.4,15.5,78.8,21.2,23.2,11.1,38.0,water_later
Potato,fruiting,27.2,84,sandy,47.4,17.1,28.9,64.5,37.8,2.1,7.8,9.0,water_now
Potato,flowering,17.2,137,loam,80.3,25.3,23.2,84.5,63.6,20.4,3.9,168.0,no_watering
Potato,fruiting,27.9,90,loam,62.5,14.5,23.8,87.5,48.8,5.8,11.3,12.0,water_now
Potato,seedling,14.8,34,sandy,94.3,9.7,13.0,85.1,29.6,2.0,4.4,168.0,no_watering
Potato,fruiting,24.5,32,loam,53.6,13.8,26.4,28.8,70.8,19.4,11.5,15.0,water_later
Pepper,seedling,13.8,80,loam,80.1,19.4,35.7,43.8,55.8,17.2,9.6,58.0,no_watering
Potato,fruiting,20.5,97,sandy,79.0,11.8,17.5,56.9,3.5,7.5,7.1,15.0,water_later
Tomato,vegetative,12.7,49,clay,88.3,9.6,33.6,57.6,40.8,16.8,3.6,168.0,no_watering
Pepper,seedling,11.5,128,clay,95.3,6.7,30.0,54.2,66.9,24.0,6.8,168.0,no_watering
Tomato,flowering,23.4,134,clay,87.1,8.0,21.6,59.0,19.6,0.6,7.6,58.0,no_watering
Tomato,vegetative,17.6,11,clay,56.9,39.6,21.4,65.1,50.3,4.8,6.7,134.0,no_watering
Tomato,seedling,22.9,79,loam,59.6,78.7,17.5,44.1,74.9,15.9,4.9,168.0,no_watering
Potato,flowering,30.4,139,sandy,41.5,48.8,22.3,75.5,74.4,21.2,5.6,40.0,water_later
Tomato,fruiting,19.3,146,loam,77.5,10.5,23.0,34.6,16.4,0.0,6.3,19.0,water_later
Pepper,vegetative,12.0,108,sandy,87.6,6.5,21.1,62.8,56.5,11.2,5.6,63.0,no_watering
Potato,fruiting,30.7,28,loam,50.6,23.5,13.5,33.5,39.3,11.9,11.4,16.0,water_later
Tomato,fruiting,15.4,84,sandy,99.5,0.3,16.1,27.2,46.7,0.2,3.9,37.0,water_later
Potato,flowering,19.8,95,loam,97.7,2.6,27.1,41.6,46.5,19.3,3.3,109.0,no_watering
Pepper,seedling,11.8,7,sandy,74.6,30.3,24.8,46.5,50.2,11.7,7.9,168.0,no_watering
Pepper,seedling,14.7,145,clay,83.7,36.2,27.6,31.3,32.2,6.5,8.3,168.0,no_watering
Pepper,fruiting,10.1,135,sandy,69.5,13.4,25.2,85.8,25.4,19.7,2.9,84.0,no_watering
Potato,seedling,13.9,109,clay,86.5,45.0,28.3,68.1,68.6,10.2,6.1,168.0,no_watering
Potato,seedling,27.3,101,clay,57.1,64.9,18.6,65.2,19.6,21.2,9.9,57.0,no_watering
Pepper,seedling,13.0,149,sandy,40.3,82.6,24.1,49.1,37.2,10.8,3.7,14.0,water_later
Pepper,seedling,11.5,96,loam,71.6,29.3,28.0,33.6,87.5,3.1,7.7,95.0,no_watering
Tomato,flowering,17.6,139,loam,82.1,20.7,24.4,93.2,55.5,19.0,2.8,168.0,no_watering
Pepper,seedling,10.0,50,clay,68.8,38.9,32.6,58.7,52.5,15.9,7.2,168.0,no_watering
Tomato,flowering,14.6,125,sandy,49.1,29.0,32.0,87.1,48.6,16.6,7.1,9.0,water_now
Potato,fruiting,26.2,45,sandy,69.7,7.4,28.0,78.8,54.0,23.4,10.3,10.0,water_now
Tomato,seedling,18.5,65,clay,51.1,76.5,29.8,91.4,83.0,23.4,6.8,168.0,no_watering
Tomato,seedling,10.0,7,clay,35.2,154.6,29.2,31.3,39.8,7.5,10.1,65.0,no_watering
Tomato,seedling,9.2,82,loam,90.7,6.4,27.9,47.5,26.4,3.2,12.0,36.0,water_later
Potato,seedling,15.4,2,sandy,53.2,95.9,21.7,30.3,20.3,12.6,2.9,168.0,no_watering
Tomato,fruiting,13.3,112,sandy,40.1,14.3,31.0,89.6,80.8,7.1,10.9,6.0,water_now
Potato,fruiting,30.5,26,clay,77.2,13.6,18.7,55.3,80.8,10.3,9.8,168.0,no_watering
Tomato,fruiting,19.5,1,clay,57.5,19.1,21.2,80.1,24.3,13.9,9.3,168.0,no_watering
Pepper,fruiting,15.1,56,loam,67.3,11.0,30.1,28.1,0.1,15.9,9.6,11.0,water_now
Pepper,seedling,12.7,126,sandy,73.0,33.4,32.0,38.2,12.4,1.0,9.4,15.0,water_later
Pepper,flowering,8.4,35,clay,52.0,55.3,17.1,34.8,77.0,23.1,2.1,168.0,no_watering
Potato,flowering,15.5,5,sandy,98.5,0.5,19.6,30.5,42.1,22.5,11.8,36.0,water_later
Pepper,flowering,7.9,88,loam,41.1,37.3,20.6,33.7,11.8,3.3,5.1,11.0,water_now
Potato,vegetative,22.9,142,loam,47.2,38.6,15.6,77.8,58.7,2.4,7.4,13.0,water_later
Potato,vegetative,26.9,117,clay,69.4,52.1,12.9,83.3,32.3,7.4,7.7,87.0,no_watering
Potato,fruiting,26.8,124,clay,91.0,9.9,17.1,72.7,79.3,19.5,4.7,168.0,no_watering
Potato,fruiting,24.4,36,clay,56.6,30.4,27.2,45.8,41.4,14.4,5.3,129.0,no_watering
Tomato,vegetative,12.1,88,loam,55.1,27.0,27.3,55.9,4.2,1.5,9.6,12.0,water_now
Potato,flowering,13.7,45,clay,35.0,73.8,28.9,62.8,9.1,4.2,5.4,11.0,water_now
Pepper,vegetative,12.8,43,clay,36.6,41.7,23.0,85.5,3.8,4.9,10.2,9.0,water_now
Pepper,fruiting,7.0,60,sandy,90.1,3.3,16.1,54.4,70.9,3.8,5.6,35.0,water_later
Potato,fruiting,21.5,70,sandy,66.2,8.2,25.3,83.9,58.0,13.1,11.8,9.0,water_now
Pepper,vegetative,14.0,139,loam,66.4,29.7,29.2,49.6,32.1,24.5,2.3,168.0,no_watering
Tomato,flowering,11.4,71,loam,66.2,11.3,28.5,45.6,5.6,5.5,8.0,13.0,water_later
Tomato,flowering,10.2,140,loam,42.2,32.3,33.5,80.2,72.6,4.4,2.7,14.0,water_later
Tomato,vegetative,18.3,61,clay,71.5,16.4,28.4,86.1,86.6,9.8,9.8,42.0,water_later
Tomato,seedling,11.7,11,clay,83.6,26.9,33.1,41.1,35.8,0.6,6.6,168.0,no_watering
Pepper,fruiting,11.4,7,sandy,71.7,11.0,24.9,48.2,27.3,15.5,3.4,168.0,no_watering
Pepper,flowering,8.3,66,loam,87.9,6.9,20.8,32.6,20.7,21.8,7.7,33.0,water_later
Pepper,vegetative,14.0,68,clay,91.1,6.8,18.8,49.3,3.3,3.8,8.2,64.0,no_watering
Pepper,flowering,9.2,59,sandy,99.9,0.0,18.9,36.7,55.6,5.1,11.2,12.0,water_now
Pepper,vegetative,9.8,146,sandy,68.6,15.9,20.3,43.9,40.1,8.1,7.2,13.0,water_later
Potato,fruiting,31.9,122,loam,48.6,21.0,18.1,63.7,3.0,21.6,11.7,9.0,water_now
Pepper,fruiting,10.0,89,clay,47.7,64.9,28.3,60.6,78.3,9.7,3.8,168.0,no_watering
Tomato,seedling,14.0,60,loam,43.3,80.1,31.7,83.7,56.6,14.7,5.7,168.0,no_watering
Tomato,fruiting,17.1,73,clay,91.2,7.2,29.8,76.3,8.5,4.4,4.6,63.0,no_watering
Pepper,vegetative,12.1,92,loam,57.7,39.6,22.9,57.1,51.1,16.8,5.0,34.0,water_later
Tomato,seedling,21.8,12,clay,90.3,21.3,19.3,67.2,61.8,9.7,11.4,168.0,no_watering
Tomato,fruiting,14.7,45,loam,94.1,2.7,16.6,34.1,52.5,16.0,8.1,64.0,no_watering
Tomato,vegetative,8.7,30,clay,86.1,7.6,32.3,56.0,67.6,16.3,10.2,168.0,no_watering
Tomato,flowering,11.6,129,loam,85.3,6.2,31.1,71.0,85.5,2.4,8.9,15.0,water_later
Tomato,flowering,21.2,27,clay,42.5,90.6,20.1,80.7,76.4,22.8,9.5,168.0,no_watering
Potato,vegetative,29.5,25,clay,71.2,29.2,28.3,54.7,70.4,5.3,3.9,168.0,no_watering
Potato,fruiting,25.5,8,loam,37.0,28.9,18.7,29.5,65.9,9.9,11.6,9.0,water_now
Pepper,fruiting,6.5,4,loam,68.9,12.5,28.3,36.0,27.5,5.6,5.5,39.0,water_later
Potato,seedling,14.3,37,loam,52.2,107.4,13.3,35.2,43.6,24.6,3.9,168.0,no_watering
Tomato,seedling,21.6,119,sandy,41.3,78.8,15.0,35.3,16.2,18.8,11.0,9.0,water_now
Potato,flowering,20.4,60,loam,73.5,18.8,28.7,39.9,46.1,3.5,11.2,12.0,water_now
Potato,flowering,30.7,27,loam,60.9,14.8,27.3,44.7,7.4,5.1,7.7,32.0,water_later
Tomato,seedling,23.5,103,sandy,36.3,52.2,19.8,53.1,46.3,21.6,9.5,16.0,water_later
Pepper,vegetative,9.9,105,sandy,91.8,6.0,22.0,82.8,64.4,11.6,6.2,40.0,water_later
Pepper,fruiting,8.0,40,sandy,77.1,6.6,35.6,74.6,13.9,5.8,2.5,36.0,water_later
Tomato,vegetative,14.9,72,sandy,59.7,22.6,22.6,29.2,67.6,9.6,4.4,14.0,water_later
Potato,vegetative,13.9,52,sandy,82.1,13.1,14.0,74.4,0.7,11.1,4.1,58.0,no_watering
Potato,fruiting,10.4,16,sandy,35.3,40.6,16.9,36.5,6.5,19.7,6.6,9.0,water_now
Pepper,vegetative,12.9,48,sandy,97.5,1.1,22.4,48.5,56.9,22.4,6.2,168.0,no_watering
Tomato,flowering,9.2,116,clay,66.3,31.9,24.9,31.3,34.1,4.5,2.3,134.0,no_watering
Potato,flowering,11.1,102,loam,84.0,15.1,16.8,90.6,53.4,17.7,10.7,16.0,water_later
Tomato,seedling,12.3,149,sandy,72.6,44.9,23.7,64.6,44.7,8.7,5.1,168.0,no_watering
Tomato,vegetative,21.3,122,sandy,45.5,35.5,31.3,45.1,23.6,10.2,5.0,10.0,water_now
Pepper,fruiting,15.6,7,loam,35.7,19.9,34.8,80.3,27.8,0.1,5.2,10.0,water_now
Tomato,seedling,13.2,62,loam,93.2,9.5,33.5,67.2,61.7,14.5,11.0,65.0,no_watering
Tomato,vegetative,8.9,24,loam,82.3,9.2,19.2,68.9,17.3,1.6,9.8,42.0,water_later
Tomato,vegetative,24.0,68,loam,81.8,18.0,20.4,91.1,44.6,4.6,5.1,87.0,no_watering
Tomato,vegetative,17.8,141,clay,95.3,14.5,17.5,80.4,73.3,19.2,4.0,168.0,no_watering
Tomato,vegetative,14.7,78,loam,38.7,38.3,25.6,44.2,7.5,16.6,9.4,8.0,water_now
Potato,fruiting,27.1,130,clay,66.3,28.1,25.0,53.3,63.5,5.0,10.1,19.0,water_later
Pepper,flowering,6.3,124,clay,58.8,25.3,17.5,39.1,36.7,7.8,6.7,36.0,water_later
Tomato,vegetative,13.7,65,loam,61.1,34.0,16.1,77.8,33.4,8.2,10.3,15.0,water_later
Potato,seedling,14.8,41,sandy,57.3,44.5,16.8,91.9,21.1,7.6,8.7,38.0,water_later
Potato,seedling,11.1,126,sandy,74.6,39.3,20.2,86.4,40.6,6.3,11.2,16.0,water_later
Tomato,vegetative,19.5,9,loam,82.1,27.8,32.4,54.0,6.3,18.0,2.4,168.0,no_watering
Tomato,fruiting,23.4,141,sandy,67.1,4.8,29.6,47.6,5.4,2.2,11.2,7.0,water_now
Potato,seedling,28.6,99,loam,49.6,88.7,20.7,60.1,14.3,13.8,6.6,59.0,no_watering
Tomato,vegetative,10.8,50,loam,74.9,13.5,16.3,85.1,22.0,19.0,11.3,30.0,water_later
Pepper,fruiting,12.1,146,sandy,60.2,11.5,22.3,38.3,67.8,0.2,5.6,11.0,water_now
Pepper,fruiting,6.2,37,loam,45.9,12.7,35.6,84.1,81.2,19.4,6.9,14.0,water_later
Pepper,vegetative,10.3,59,sandy,70.1,10.5,17.5,48.4,3.2,22.6,11.8,11.0,water_now
Pepper,flowering,15.0,47,sandy,95.6,1.3,16.9,73.8,10.0,15.7,11.6,13.0,water_later
Pepper,fruiting,12.2,125,loam,82.1,6.1,21.5,75.2,24.8,3.1,8.7,15.0,water_later
Tomato,seedling,13.4,83,sandy,97.0,5.6,25.1,74.1,39.1,11.3,3.8,168.0,no_watering
Pepper,seedling,11.6,68,clay,49.0,153.9,20.5,65.5,88.3,18.8,9.1,168.0,no_watering
Tomato,fruiting,9.6,75,sandy,48.0,12.4,22.1,75.3,52.7,1.9,10.4,7.0,water_now
Potato,seedling,13.7,84,sandy,95.4,7.9,27.0,74.5,9.1,2.1,8.7,35.0,water_later
Pepper,fruiting,12.1,13,sandy,61.1,4.9,34.2,93.4,37.6,7.4,11.4,9.0,water_now
Tomato,flowering,13.1,68,sandy,76.6,10.0,22.2,80.4,64.8,2.8,5.4,20.0,water_later
Potato,vegetative,24.1,63,sandy,74.8,17.1,19.2,75.2,0.4,14.9,6.3,22.0,water_later
Tomato,fruiting,14.4,87,clay,35.2,131.4,21.6,74.8,53.4,24.9,3.9,168.0,no_watering
Potato,fruiting,20.8,112,sandy,61.3,18.3,18.2,35.7,66.3,4.7,9.9,10.0,water_now
Pepper,flowering,8.6,69,loam,43.6,36.1,21.0,64.7,0.9,12.1,11.8,8.0,water_now
Pepper,flowering,7.5,97,clay,35.7,15.5,35.9,52.4,1.3,19.2,10.8,6.0,water_now
Potato,flowering,29.7,84,loam,71.8,12.0,13.6,27.7,84.4,19.5,10.5,32.0,water_later
Pepper,fruiting,15.5,15,loam,47.2,16.1,32.0,50.1,40.9,22.5,5.5,154.0,no_watering
Tomato,vegetative,16.3,100,sandy,36.5,29.9,28.7,91.3,38.6,11.6,7.8,8.0,water_now
Potato,vegetative,11.7,115,loam,80.2,8.2,27.0,59.2,18.7,2.9,8.5,17.0,water_later
Tomato,seedling,22.9,65,loam,82.1,29.9,26.3,70.2,15.1,6.1,4.7,157.0,no_watering
Tomato,seedling,10.8,72,loam,50.4,107.5,21.6,33.4,7.0,6.9,4.2,59.0,no_watering
Potato,flowering,21.9,45,clay,49.4,126.1,13.8,49.0,46.3,13.5,3.2,168.0,no_watering
Pepper,flowering,14.3,44,loam,38.9,16.7,33.1,42.9,38.9,16.4,7.8,9.0,water_now
Pepper,fruiting,5.7,127,sandy,83.8,10.8,21.3,84.8,24.7,8.5,4.6,15.0,water_later
Potato,seedling,10.1,51,loam,78.5,43.5,22.5,53.7,62.4,2.1,6.1,168.0,no_watering
Potato,fruiting,18.9,51,clay,62.9,42.8,22.2,86.0,44.2,4.1,3.5,168.0,no_watering
Pepper,vegetative,12.5,76,sandy,41.5,86.4,18.9,52.0,58.1,22.6,3.0,12.0,water_now
Potato,vegetative,27.5,73,sandy,38.2,23.5,16.4,76.5,11.5,11.8,10.4,7.0,water_now
Potato,seedling,13.8,128,sandy,45.4,84.5,16.1,52.2,67.3,15.1,6.6,168.0,no_watering
Potato,vegetative,21.5,9,loam,47.4,49.2,21.1,45.2,21.4,21.6,5.2,38.0,water_later
Potato,seedling,29.2,31,sandy,98.4,1.1,20.6,28.4,66.7,21.1,9.7,168.0,no_watering
Potato,fruiting,18.5,23,clay,69.2,40.3,21.6,89.0,73.2,5.7,9.4,117.0,no_watering
Potato,fruiting,28.8,35,sandy,37.5,47.2,20.4,52.9,7.7,23.5,6.8,9.0,water_now
Pepper,seedling,13.3,85,clay,54.4,104.9,30.7,80.1,9.4,24.8,6.0,62.0,no_watering
Tomato,seedling,12.0,52,clay,98.6,2.7,19.0,87.7,53.0,10.3,10.6,168.0,no_watering
Potato,seedling,10.9,143,loam,91.2,19.1,27.6,37.4,3.3,22.5,2.3,168.0,no_watering
Potato,fruiting,20.5,96,loam,85.3,8.7,27.1,73.1,40.4,15.8,5.6,58.0,no_watering
Potato,flowering,21.0,7,loam,91.3,3.8,20.9,28.9,64.5,6.7,7.7,168.0,no_watering
Potato,flowering,24.4,140,loam,86.9,5.3,16.4,53.3,78.0,20.5,10.9,41.0,water_later
Pepper,seedling,9.1,74,clay,38.7,145.4,23.7,86.7,63.0,17.7,9.9,168.0,no_watering
Pepper,vegetative,10.1,48,clay,86.4,13.5,20.2,65.9,41.1,9.4,5.5,168.0,no_watering
Potato,seedling,10.6,131,clay,98.1,3.7,15.5,59.8,6.2,0.9,7.4,168.0,no_watering
Pepper,fruiting,15.5,119,loam,39.6,17.0,26.5,84.6,21.1,10.9,9.4,8.0,water_now
Potato,seedling,19.4,121,loam,47.4,119.4,25.4,34.4,21.4,11.9,3.4,168.0,no_watering
Tomato,seedling,21.3,105,clay,96.9,10.7,21.1,26.3,80.4,11.3,4.4,168.0,no_watering
Tomato,vegetative,12.0,49,sandy,90.6,3.7,15.6,44.4,44.0,14.1,9.8,18.0,water_later
Pepper,seedling,8.0,81,clay,93.9,12.6,23.7,84.7,26.1,1.7,4.9,168.0,no_watering
Potato,seedling,31.9,136,clay,48.2,56.1,28.6,93.6,4.6,6.5,11.1,19.0,water_later
Pepper,flowering,8.7,98,clay,54.6,37.9,27.3,48.3,28.9,13.3,5.0,33.0,water_later
Potato,vegetative,16.1,87,sandy,80.3,6.9,22.2,39.1,81.9,23.7,8.1,17.0,water_later
Pepper,fruiting,7.9,28,sandy,80.2,8.6,30.2,73.2,51.3,2.8,5.2,18.0,water_later
Tomato,flowering,15.5,52,clay,89.2,10.1,26.7,90.8,17.1,4.3,5.5,108.0,no_watering
Tomato,seedling,22.9,59,loam,48.7,91.6,30.8,75.7,17.9,7.4,3.0,109.0,no_watering
Pepper,flowering,12.2,53,loam,88.0,11.5,24.4,83.9,23.6,8.1,3.2,111.0,no_watering
Tomato,vegetative,10.3,26,loam,74.3,15.0,29.0,34.8,86.7,18.8,7.7,168.0,no_watering
Potato,fruiting,26.9,140,loam,48.7,60.2,25.3,70.1,45.3,7.6,2.1,84.0,no_watering
Potato,fruiting,13.8,49,clay,94.6,4.8,21.6,70.3,33.6,6.6,9.5,82.0,no_watering
Tomato,vegetative,19.6,41,clay,46.9,48.9,23.9,89.5,10.2,16.5,6.7,60.0,no_watering
Tomato,fruiting,20.7,136,clay,48.0,39.6,16.4,88.7,39.5,12.2,5.6,108.0,no_watering
Pepper,flowering,10.5,42,sandy,57.9,12.3,33.7,77.6,12.9,20.4,10.4,8.0,water_now
Potato,fruiting,15.8,79,sandy,84.1,15.6,13.9,88.1,4.4,0.9,5.7,35.0,water_later
Tomato,vegetative,13.6,81,loam,72.8,21.3,19.5,92.7,45.9,2.6,6.7,54.0,no_watering
Tomato,flowering,9.8,60,sandy,52.3,40.0,16.8,92.5,72.7,17.8,2.9,168.0,no_watering
Pepper,seedling,10.5,138,clay,62.3,31.5,35.0,64.9,24.3,7.3,10.9,55.0,no_watering
Potato,vegetative,13.2,87,sandy,52.4,26.9,14.6,58.0,21.6,24.1,5.7,13.0,water_later
Pepper,vegetative,6.4,85,loam,51.4,53.0,20.9,84.7,86.1,14.9,10.4,15.0,water_later
Tomato,seedling,18.1,34,sandy,93.9,9.7,25.1,92.0,6.7,5.6,5.3,154.0,no_watering
Tomato,vegetative,11.1,114,sandy,66.7,11.1,25.7,84.4,88.2,9.3,9.7,14.0,water_later
Potato,flowering,15.1,92,sandy,39.4,26.7,25.5,43.4,9.9,20.1,3.5,15.0,water_later
Pepper,fruiting,15.2,61,loam,71.5,33.0,35.6,90.4,73.4,11.7,2.3,62.0,no_watering
Tomato,fruiting,16.5,122,clay,96.2,1.4,23.3,52.7,72.7,0.1,9.9,35.0,water_later
Potato,fruiting,24.2,98,loam,42.0,48.9,15.3,27.8,1.1,16.3,6.7,11.0,water_now
Pepper,flowering,15.5,65,sandy,88.7,6.7,36.0,79.9,55.9,17.5,6.5,14.0,water_later
Potato,fruiting,27.3,9,clay,98.2,3.4,16.8,85.5,60.0,21.8,8.3,168.0,no_watering
Pepper,fruiting,10.3,16,sandy,46.7,17.1,18.8,27.7,28.1,19.7,5.2,12.0,water_now
Pepper,flowering,10.1,35,sandy,70.1,8.5,27.3,74.1,10.6,23.4,11.9,10.0,water_now
Tomato,flowering,8.4,93,clay,41.1,23.6,33.9,44.4,23.7,3.1,6.3,10.0,water_now
Potato,seedling,31.3,62,loam,91.7,28.1,15.6,72.5,10.8,13.7,7.0,168.0,no_watering
Pepper,fruiting,13.7,101,sandy,78.1,8.2,27.4,47.6,55.4,21.9,3.6,15.0,water_later
Pepper,vegetative,15.9,125,sandy,77.1,17.5,28.8,66.4,10.1,4.2,3.8,35.0,water_later
Tomato,flowering,19.6,28,loam,81.9,14.1,15.2,72.8,71.5,7.7,9.6,65.0,no_watering
Potato,fruiting,31.1,110,clay,66.7,30.4,14.9,32.0,77.6,3.7,5.9,84.0,no_watering
Potato,vegetative,15.7,67,sandy,90.3,4.7,18.7,57.3,51.0,3.4,6.2,35.0,water_later
Pepper,seedling,6.9,7,sandy,42.6,55.1,21.8,66.0,11.8,22.3,4.4,39.0,water_later
Potato,flowering,22.0,37,clay,73.7,58.0,12.5,94.5,5.2,3.2,6.4,107.0,no_watering
Potato,fruiting,12.5,71,sandy,54.7,22.4,13.7,47.6,29.6,24.2,5.9,13.0,water_later
Tomato,seedling,24.0,5,sandy,68.6,21.1,24.9,31.0,18.7,1.3,9.8,42.0,water_later
Pepper,fruiting,7.7,56,loam,67.3,11.4,23.1,87.0,26.7,0.5,7.8,15.0,water_later
Tomato,vegetative,12.5,98,clay,54.6,18.9,32.2,43.6,23.6,11.0,11.4,14.0,water_later
Potato,fruiting,21.4,78,loam,47.9,38.4,26.1,63.8,20.6,1.9,5.2,13.0,water_later
Potato,fruiting,18.2,110,sandy,73.4,11.0,28.6,58.4,9.5,18.3,4.2,15.0,water_later
Tomato,vegetative,8.6,83,loam,92.2,4.3,17.7,58.5,29.4,17.0,9.3,103.0,no_watering
Tomato,fruiting,14.0,92,loam,63.1,14.4,20.0,44.6,63.1,18.8,7.1,19.0,water_later
Tomato,seedling,20.6,49,sandy,67.0,20.4,30.3,76.0,18.2,5.1,9.6,28.0,water_later
Potato,seedling,24.3,52,clay,92.7,11.6,17.7,52.8,44.9,1.1,10.6,134.0,no_watering
Pepper,vegetative,5.0,46,loam,71.3,28.9,17.8,69.7,5.9,20.5,4.1,81.0,no_watering
Pepper,fruiting,15.0,117,sandy,62.5,13.7,26.9,72.2,51.0,17.9,3.3,133.0,no_watering
Tomato,vegetative,15.5,54,sandy,40.2,28.5,19.7,26.6,21.3,22.0,6.4,9.0,water_now
Tomato,fruiting,12.5,79,loam,51.0,15.7,28.8,50.6,73.7,4.1,6.3,11.0,water_now
Tomato,flowering,11.8,100,clay,54.1,61.6,20.0,40.6,1.4,18.9,8.6,15.0,water_later
Tomato,fruiting,22.5,109,sandy,72.2,27.8,20.0,68.1,70.1,14.0,3.0,47.0,water_later
Tomato,fruiting,23.8,135,sandy,53.0,8.9,23.7,73.2,2.7,6.9,11.4,7.0,water_now
Pepper,seedling,12.3,85,sandy,80.4,8.3,35.5,31.0,58.7,15.7,10.4,13.0,water_later
Tomato,vegetative,16.6,132,loam,47.2,34.2,16.3,85.4,74.4,13.2,9.6,12.0,water_now
Tomato,fruiting,14.6,80,sandy,64.5,5.1,32.4,48.3,2.8,7.6,11.6,7.0,water_now
Potato,flowering,23.5,73,clay,63.1,64.5,17.7,34.2,5.0,0.8,4.3,61.0,no_watering
Potato,flowering,17.1,143,clay,58.2,21.0,17.8,56.8,41.9,19.9,10.6,15.0,water_later
Potato,seedling,28.3,145,sandy,51.7,104.7,28.8,39.2,22.1,12.7,3.0,104.0,no_watering
Tomato,vegetative,18.8,115,sandy,69.5,17.6,25.7,33.6,7.4,7.8,3.7,34.0,water_later
Pepper,flowering,5.8,39,clay,67.7,13.5,30.4,48.2,80.8,6.8,6.5,111.0,no_watering
Potato,seedling,20.9,38,loam,40.1,62.8,28.6,79.7,3.8,16.8,11.8,11.0,water_now
Potato,vegetative,21.4,22,clay,49.4,42.9,22.5,58.8,0.4,1.6,11.3,18.0,water_later
Pepper,flowering,14.5,29,loam,49.5,38.7,23.1,57.4,44.4,4.9,2.6,52.0,no_watering
Pepper,seedling,7.0,15,clay,72.1,51.0,25.7,30.8,74.2,5.1,9.7,168.0,no_watering
Potato,vegetative,10.0,38,sandy,54.3,32.9,19.4,32.4,76.0,22.7,9.6,10.0,water_now
Potato,vegetative,14.5,10,clay,60.2,47.9,23.8,39.3,21.5,2.9,11.2,38.0,water_later
Potato,seedling,23.0,132,sandy,99.8,0.2,29.0,29.3,77.1,20.0,5.7,168.0,no_watering
Pepper,fruiting,11.9,2,sandy,63.8,19.9,22.9,86.0,65.3,16.5,9.0,37.0,water_later
Potato,seedling,24.6,10,sandy,44.8,57.8,17.4,65.9,54.6,12.2,9.4,17.0,water_later
Potato,fruiting,27.5,45,sandy,78.7,8.2,24.9,48.1,48.2,10.6,8.6,13.0,water_later
Tomato,vegetative,8.4,37,clay,99.9,0.0,30.0,94.7,3.0,12.7,10.8,59.0,no_watering
Tomato,flowering,13.6,71,sandy,74.4,7.2,18.3,48.7,85.5,13.3,10.4,10.0,water_now
Pepper,seedling,8.0,14,loam,67.9,50.7,30.9,42.3,64.9,23.3,3.0,168.0,no_watering
Potato,fruiting,26.8,77,sandy,53.6,23.2,23.6,68.8,29.7,9.1,5.1,12.0,water_now
Potato,fruiting,14.1,114,clay,79.4,34.8,13.3,63.2,8.1,8.7,3.5,168.0,no_watering
Tomato,fruiting,21.8,53,loam,57.7,46.5,16.1,80.5,50.8,0.4,4.3,36.0,water_later
Pepper,seedling,6.5,37,sandy,51.8,44.1,26.6,68.8,80.4,20.8,4.8,168.0,no_watering
Pepper,seedling,6.4,21,loam,74.6,32.3,28.2,78.2,31.4,17.9,5.1,168.0,no_watering
Potato,fruiting,21.3,144,sandy,90.0,8.1,26.6,73.5,88.2,7.0,3.0,108.0,no_watering
Potato,flowering,23.8,129,clay,74.6,17.0,21.9,60.1,83.6,13.1,10.6,30.0,water_later
Tomato,vegetative,15.9,87,loam,76.7,20.0,15.2,71.8,75.3,12.5,6.5,61.0,no_watering
Tomato,seedling,9.8,76,clay,76.7,37.8,23.3,53.3,16.5,0.2,8.9,86.0,no_watering
Potato,seedling,28.5,116,clay,85.5,61.5,13.6,65.5,45.1,2.7,2.2,168.0,no_watering
Potato,vegetative,20.9,40,loam,55.1,27.3,16.6,34.2,18.6,14.8,7.7,29.0,water_later
Pepper,fruiting,15.0,138,clay,90.2,3.9,15.7,45.0,75.1,8.6,10.8,41.0,water_later
Tomato,fruiting,12.1,55,loam,76.4,7.3,31.5,68.3,24.8,5.6,6.1,25.0,water_later
Pepper,seedling,5.5,28,clay,38.8,88.2,25.4,25.6,24.0,7.5,6.8,105.0,no_watering
Pepper,flowering,11.2,68,clay,98.8,0.9,16.4,39.1,71.1,11.6,7.5,168.0,no_watering
Potato,flowering,29.2,92,loam,96.7,5.7,23.3,80.8,86.4,5.6,3.1,110.0,no_watering
Potato,flowering,18.8,41,loam,52.7,16.8,25.1,29.0,72.2,20.9,8.7,17.0,water_later
Potato,seedling,21.6,107,sandy,90.8,7.3,13.2,50.3,8.8,14.7,11.6,33.0,water_later
Tomato,vegetative,9.0,75,loam,60.1,39.2,17.1,78.8,84.9,1.3,8.9,15.0,water_later
Potato,seedling,20.5,105,clay,40.9,64.3,27.5,53.6,51.8,16.7,10.1,32.0,water_later
Pepper,seedling,9.5,124,loam,73.3,50.8,23.8,59.2,29.0,10.3,5.0,168.0,no_watering
Pepper,flowering,15.8,63,loam,87.3,3.2,33.4,68.4,34.0,18.4,10.9,14.0,water_later
Potato,fruiting,27.4,23,sandy,94.5,3.0,27.9,75.6,2.6,8.9,7.3,35.0,water_later
Tomato,fruiting,22.6,14,clay,82.8,12.8,25.7,60.1,26.8,1.0,7.1,83.0,no_watering
Tomato,seedling,10.3,126,loam,69.7,39.5,27.1,90.4,8.4,5.8,8.9,39.0,water_later
Potato,vegetative,14.5,132,clay,63.7,83.2,27.9,54.9,85.3,15.7,3.2,168.0,no_watering
Tomato,fruiting,15.1,132,clay,88.1,9.5,21.4,60.7,69.0,6.8,10.6,31.0,water_later
Potato,seedling,28.2,138,sandy,58.9,52.9,21.0,53.5,62.0,22.8,10.1,31.0,water_later
Pepper,vegetative,6.2,71,sandy,36.0,19.6,17.4,40.9,51.1,7.9,10.9,6.0,water_now
Tomato,seedling,18.7,62,clay,94.9,16.4,23.5,93.4,17.8,9.8,4.1,168.0,no_watering
Potato,seedling,31.5,7,loam,88.0,27.0,24.6,26.4,65.2,9.7,7.0,168.0,no_watering
Potato,seedling,15.6,45,loam,87.2,25.6,17.5,28.0,52.1,13.7,7.8,168.0,no_watering
Potato,seedling,11.6,4,loam,91.8,19.0,20.5,43.4,53.3,22.5,7.5,168.0,no_watering
Potato,flowering,10.3,16,clay,70.6,32.4,19.9,45.8,33.3,7.8,2.6,168.0,no_watering
Tomato,flowering,17.9,57,loam,71.8,9.4,27.1,42.9,88.1,5.5,11.1,12.0,water_now
Tomato,vegetative,15.9,36,loam,77.4,15.1,20.4,79.2,3.6,7.1,9.9,40.0,water_later
Tomato,flowering,11.1,32,sandy,93.4,2.4,16.6,32.3,57.1,10.0,8.5,26.0,water_later
Tomato,flowering,23.6,119,loam,81.8,21.4,21.1,30.6,42.9,6.0,4.2,59.0,no_watering
Potato,seedling,29.4,34,sandy,44.9,37.0,21.7,72.1,61.4,20.6,11.5,11.0,water_now
Tomato,vegetative,22.4,90,clay,40.8,40.3,23.1,36.3,83.5,18.5,8.6,11.0,water_now
Potato,fruiting,31.1,45,loam,89.6,5.3,28.1,89.6,34.8,16.2,6.6,56.0,no_watering
Tomato,seedling,22.7,56,loam,73.4,31.8,15.1,29.0,51.7,17.7,11.2,63.0,no_watering
Potato,vegetative,13.3,68,loam,37.7,39.9,14.4,52.0,67.2,19.1,8.6,34.0,water_later
Tomato,seedling,12.2,60,sandy,59.0,57.4,18.3,75.0,42.0,13.2,11.2,31.0,water_later
Potato,vegetative,11.1,83,loam,53.3,25.2,26.0,28.8,43.8,15.0,5.5,14.0,water_later
Potato,flowering,13.9,82,sandy,60.8,16.3,18.1,39.5,89.7,7.1,7.8,12.0,water_now
Pepper,seedling,8.4,75,loam,85.5,24.5,22.4,37.7,67.1,22.2,4.9,168.0,no_watering
Pepper,flowering,8.7,57,sandy,94.9,1.3,24.9,59.2,3.6,15.0,8.0,14.0,water_later
Pepper,vegetative,12.5,30,clay,40.7,57.4,15.1,72.5,79.4,12.0,7.9,168.0,no_watering
Potato,vegetative,28.8,46,clay,54.6,105.5,20.3,29.6,63.1,5.3,2.8,168.0,no_watering
Pepper,flowering,12.8,10,sandy,45.5,20.2,32.2,92.7,60.7,20.5,7.8,16.0,water_later
Potato,fruiting,28.7,65,loam,52.8,22.2,22.8,42.6,27.7,24.6,7.9,13.0,water_later
Pepper,seedling,12.1,3,sandy,37.6,56.3,22.7,34.5,34.2,9.6,7.4,133.0,no_watering
Potato,vegetative,20.9,78,clay,40.1,47.8,25.7,59.8,8.2,14.1,6.0,12.0,water_now
Potato,seedling,28.7,105,loam,38.6,73.3,20.6,41.9,57.1,19.4,8.4,11.0,water_now
Pepper,seedling,15.1,115,clay,64.0,93.4,35.0,88.6,5.9,3.2,7.8,61.0,no_watering
Pepper,flowering,11.9,91,clay,40.6,45.2,32.5,72.3,83.8,3.2,5.6,12.0,water_now
Potato,vegetative,11.7,101,loam,78.0,34.0,13.4,49.7,24.6,12.1,5.0,59.0,no_watering
Potato,flowering,28.9,12,loam,80.6,19.3,21.7,88.6,31.0,0.6,2.2,168.0,no_watering
Pepper,flowering,14.5,138,sandy,43.5,44.8,20.7,47.5,82.4,16.4,5.1,13.0,water_later
Potato,seedling,27.6,72,loam,46.2,120.4,24.0,78.7,13.9,21.1,3.0,168.0,no_watering
Tomato,fruiting,22.6,20,loam,92.4,2.6,15.5,38.0,22.4,5.7,10.2,38.0,water_later
Tomato,fruiting,8.9,133,clay,50.5,45.9,17.1,90.0,40.1,21.1,4.5,168.0,no_watering
Pepper,fruiting,8.1,68,sandy,91.7,3.0,16.8,55.0,11.0,2.9,5.0,24.0,water_later
Potato,flowering,17.9,112,clay,89.6,13.0,24.1,60.8,6.0,23.6,2.4,167.0,no_watering
Tomato,vegetative,19.6,90,loam,59.3,29.5,30.2,65.2,34.8,11.1,3.9,52.0,no_watering
Tomato,flowering,15.6,83,sandy,59.3,15.9,33.4,55.6,13.5,7.5,6.1,10.0,water_now
Potato,seedling,11.9,80,clay,71.8,31.3,25.0,53.6,89.8,21.7,10.8,168.0,no_watering
Tomato,fruiting,14.7,122,sandy,74.8,14.2,26.5,81.4,45.1,4.1,8.4,10.0,water_now
Tomato,fruiting,17.7,24,sandy,99.6,0.1,24.7,93.2,58.3,21.5,8.2,35.0,water_later
Pepper,seedling,11.4,132,loam,50.7,42.8,27.2,58.5,64.3,16.4,11.4,31.0,water_later
Potato,vegetative,20.2,86,clay,98.6,3.1,21.7,89.6,88.9,17.6,6.5,168.0,no_watering
Tomato,flowering,23.8,60,sandy,81.1,9.4,26.0,27.4,64.8,21.5,6.5,14.0,water_later
Potato,fruiting,17.9,57,loam,88.7,8.6,15.1,84.8,74.6,9.1,6.2,125.0,no_watering
Tomato,fruiting,10.9,106,sandy,92.1,4.0,22.9,72.4,22.4,13.0,4.8,24.0,water_later
Tomato,vegetative,13.4,13,loam,74.9,19.8,27.4,58.9,89.1,0.1,9.5,39.0,water_later
Potato,fruiting,15.6,15,clay,79.4,16.0,28.9,92.9,70.2,23.3,5.3,168.0,no_watering
Potato,seedling,29.1,69,sandy,53.0,33.7,27.8,47.0,72.9,12.1,11.9,10.0,water_now
Potato,seedling,27.2,76,loam,42.1,168.0,17.5,67.8,59.3,3.9,2.3,168.0,no_watering
Tomato,flowering,21.4,55,sandy,85.2,3.9,31.0,64.0,37.4,17.0,6.9,14.0,water_later
Potato,flowering,30.5,108,loam,58.9,52.6,20.7,44.5,16.8,9.5,5.5,20.0,water_later
Pepper,flowering,7.5,10,clay,51.2,24.7,31.6,47.0,57.0,17.5,8.2,39.0,water_later
Pepper,vegetative,10.4,126,sandy,46.3,63.1,25.2,87.9,76.2,0.7,4.1,12.0,water_now
Pepper,flowering,15.8,76,clay,75.6,37.6,22.2,63.2,72.7,4.2,2.4,168.0,no_watering
Tomato,seedling,8.1,52,sandy,40.7,67.2,18.5,78.4,88.1,9.3,9.3,17.0,water_later
Pepper,flowering,8.9,35,sandy,85.8,2.7,33.8,76.9,43.5,0.3,9.2,12.0,water_now
Pepper,fruiting,5.1,137,loam,83.6,5.3,29.8,82.7,45.9,22.0,9.3,12.0,water_now
Potato,fruiting,28.9,69,clay,88.0,15.4,27.7,65.6,37.9,8.9,2.8,168.0,no_watering
Potato,seedling,23.9,11,clay,85.4,56.1,13.3,63.4,54.2,9.0,2.8,168.0,no_watering
Pepper,flowering,10.8,106,sandy,50.9,22.9,33.9,34.4,80.8,23.3,4.9,10.0,water_now
Potato,fruiting,19.9,122,clay,72.9,17.4,17.8,53.2,40.4,2.3,9.0,37.0,water_later
Tomato,flowering,10.4,31,loam,37.3,50.9,19.8,30.0,15.9,0.9,2.5,14.0,water_later
Tomato,vegetative,11.9,123,sandy,38.7,16.7,27.5,62.9,67.8,2.1,10.6,6.0,water_now
Tomato,seedling,17.9,3,loam,39.0,126.1,25.6,82.2,31.1,16.7,10.0,18.0,water_later
Potato,fruiting,23.9,44,clay,85.3,12.3,16.9,85.0,27.7,13.2,7.4,93.0,no_watering
Tomato,vegetative,15.9,100,loam,89.5,2.7,33.5,27.0,6.3,7.8,11.9,13.0,water_later
Potato,vegetative,12.9,105,clay,92.1,10.8,14.9,57.8,4.7,5.7,4.8,156.0,no_watering
Potato,vegetative,21.4,93,sandy,78.7,8.0,22.4,29.4,41.7,23.8,8.9,12.0,water_now
Pepper,fruiting,15.0,40,sandy,73.5,4.7,32.6,80.1,41.6,17.5,8.6,12.0,water_now
Pepper,flowering,6.5,42,clay,88.1,5.3,18.1,47.8,36.9,13.6,10.1,57.0,no_watering
Potato,vegetative,25.9,43,loam,99.3,0.5,21.4,38.6,0.4,3.4,9.7,40.0,water_later
Pepper,flowering,15.1,10,sandy,71.5,30.0,18.5,73.3,69.6,23.5,3.7,62.0,no_watering
Potato,vegetative,24.2,115,sandy,72.0,12.7,23.0,75.9,61.5,12.9,11.8,10.0,water_now
Potato,flowering,30.8,76,loam,69.5,11.7,17.4,58.8,26.1,8.6,11.3,13.0,water_later
Potato,fruiting,12.1,122,clay,63.5,66.1,17.3,91.5,86.9,3.8,4.4,131.0,no_watering
Tomato,fruiting,17.8,132,loam,35.5,17.8,29.8,67.5,72.8,8.0,10.0,6.0,water_now
Pepper,fruiting,9.7,38,loam,48.2,21.9,32.2,42.1,47.6,1.1,4.7,13.0,water_later
Tomato,flowering,20.9,113,loam,60.4,20.7,31.3,70.1,46.3,20.6,5.4,77.0,no_watering
Pepper,vegetative,9.6,108,clay,72.9,30.0,32.6,59.4,19.2,16.8,5.7,52.0,no_watering
Pepper,fruiting,8.0,66,sandy,76.0,6.1,31.6,68.1,42.2,6.4,8.3,9.0,water_now
Potato,seedling,18.1,117,clay,54.1,146.8,13.7,32.5,39.5,1.3,4.9,153.0,no_watering
Potato,fruiting,27.4,98,clay,49.7,58.1,21.0,80.1,57.0,6.6,3.6,168.0,no_watering
Potato,seedling,10.3,53,clay,68.6,83.9,18.8,91.0,3.7,7.3,7.4,132.0,no_watering
Tomato,fruiting,21.0,73,sandy,61.2,11.6,29.6,88.8,21.5,7.7,4.8,12.0,water_now
Potato,fruiting,16.4,83,clay,95.3,4.6,18.8,65.7,87.1,14.4,9.2,160.0,no_watering
Tomato,fruiting,17.3,66,sandy,48.0,44.9,22.7,53.6,36.2,20.2,2.1,13.0,water_later
Tomato,fruiting,15.1,74,clay,76.1,9.9,24.4,80.8,67.9,4.2,9.2,33.0,water_later
Potato,fruiting,22.9,27,sandy,76.3,12.8,28.1,87.3,38.5,21.4,3.8,82.0,no_watering
Pepper,flowering,14.5,116,loam,79.4,18.3,21.0,25.3,23.1,22.0,2.2,168.0,no_watering
Potato,fruiting,19.9,52,clay,66.3,42.3,17.0,40.7,56.5,2.1,4.1,132.0,no_watering
Tomato,vegetative,19.3,26,sandy,91.3,11.1,26.4,88.7,53.0,17.5,2.8,168.0,no_watering
Pepper,seedling,8.6,89,sandy,87.8,14.8,22.2,52.2,22.0,3.7,5.4,84.0,no_watering
Potato,vegetative,22.0,77,loam,60.3,74.9,16.0,60.3,46.7,12.1,4.3,134.0,no_watering
Pepper,flowering,15.2,125,sandy,49.2,31.1,15.5,93.4,65.7,23.6,3.8,13.0,water_later
Potato,seedling,28.8,102,clay,72.3,53.9,27.3,32.7,70.5,5.7,6.4,168.0,no_watering
Potato,flowering,16.7,64,loam,85.9,7.3,22.6,51.1,61.0,20.2,6.0,63.0,no_watering
Tomato,flowering,8.9,87,clay,81.1,11.9,30.1,33.1,12.8,23.8,11.1,15.0,water_later
Pepper,fruiting,12.0,142,sandy,99.7,0.1,30.8,51.5,12.5,2.6,7.6,12.0,water_now
Potato,seedling,19.7,104,loam,94.5,15.9,22.9,88.6,24.9,24.9,8.9,82.0,no_watering
Pepper,fruiting,6.0,125,sandy,75.7,4.5,32.0,63.6,2.6,10.8,7.3,10.0,water_now
Potato,fruiting,25.9,80,sandy,83.5,7.3,22.4,34.9,13.1,19.2,5.4,39.0,water_later
Tomato,flowering,12.7,30,loam,37.7,28.8,16.4,72.9,83.6,4.4,9.4,13.0,water_later
Potato,vegetative,26.3,146,sandy,98.3,1.1,16.1,46.1,36.0,20.1,6.4,62.0,no_watering
Tomato,flowering,14.2,66,loam,41.0,21.5,16.3,26.6,76.0,5.1,11.1,8.0,water_now
Potato,flowering,30.5,88,clay,66.1,29.2,17.8,28.2,41.0,21.6,10.8,55.0,no_watering
Potato,vegetative,11.6,70,clay,45.1,25.9,21.2,31.9,48.1,10.8,11.3,16.0,water_later
Potato,seedling,26.0,42,sandy,87.2,8.5,26.0,34.6,55.1,12.1,9.1,132.0,no_watering
Potato,seedling,12.7,106,loam,84.8,29.5,18.9,83.4,70.9,17.7,4.6,168.0,no_watering
Tomato,fruiting,18.0,111,clay,51.7,11.4,33.4,57.0,8.0,23.5,11.1,9.0,water_now
Tomato,fruiting,16.4,109,sandy,42.0,9.4,27.8,40.6,65.8,9.2,10.8,6.0,water_now
Pepper,fruiting,15.0,49,clay,39.4,32.5,32.9,60.9,80.5,17.9,6.2,60.0,no_watering
Tomato,seedling,12.1,80,loam,58.1,101.3,17.0,58.5,78.8,22.0,8.0,168.0,no_watering
Potato,seedling,29.0,139,loam,97.7,5.9,16.6,87.0,83.7,22.5,5.5,168.0,no_watering
Pepper,seedling,14.8,14,loam,39.5,168.0,30.7,58.7,75.7,24.1,2.1,168.0,no_watering
Pepper,seedling,13.3,14,clay,94.8,6.0,26.6,33.6,4.7,14.3,10.1,168.0,no_watering
Pepper,flowering,9.3,16,sandy,87.1,5.2,24.3,51.5,52.2,17.1,4.7,168.0,no_watering
Pepper,fruiting,6.7,143,loam,36.1,36.3,15.9,32.2,54.0,21.5,6.3,8.0,water_now
Tomato,vegetative,18.7,40,loam,74.9,21.9,33.7,60.1,11.1,20.4,9.4,18.0,water_later
Potato,flowering,26.2,66,sandy,67.0,23.0,17.0,78.8,4.2,10.2,2.8,37.0,water_later
Pepper,flowering,12.5,104,sandy,44.4,30.3,20.1,83.0,31.7,5.2,3.5,13.0,water_later
Pepper,flowering,14.3,45,loam,54.6,9.5,35.5,34.1,75.2,16.3,9.6,10.0,water_now
Potato,seedling,13.0,59,clay,44.0,168.0,19.7,49.7,27.3,15.1,2.3,168.0,no_watering
Tomato,seedling,9.6,144,loam,88.9,12.8,20.8,87.9,2.2,0.3,9.6,63.0,no_watering
Pepper,flowering,11.8,115,sandy,49.2,19.2,17.1,80.1,11.1,21.4,7.2,10.0,water_now
Pepper,flowering,6.7,10,clay,90.3,8.7,15.5,67.0,83.8,15.7,4.6,168.0,no_watering
Potato,fruiting,20.7,76,sandy,66.0,14.7,16.3,52.1,35.1,7.0,10.3,11.0,water_now
Tomato,vegetative,21.0,114,clay,91.4,4.7,27.3,89.3,35.9,7.0,11.0,39.0,water_later
Pepper,flowering,12.8,53,sandy,86.8,8.8,22.6,35.8,81.9,23.6,5.6,64.0,no_watering
Pepper,vegetative,5.4,44,clay,65.3,39.3,20.3,89.8,83.2,8.5,10.4,70.0,no_watering
Pepper,vegetative,11.9,15,sandy,87.5,11.9,23.6,75.8,63.7,20.1,3.0,168.0,no_watering
Potato,fruiting,17.6,147,sandy,58.1,22.2,23.3,83.5,45.8,16.3,6.3,12.0,water_now
Tomato,vegetative,18.1,2,clay,66.8,18.0,33.2,77.0,12.1,15.7,8.1,103.0,no_watering
Tomato,fruiting,17.7,137,loam,72.5,9.2,20.0,53.6,7.4,23.8,10.8,12.0,water_now
Potato,vegetative,13.3,55,sandy,40.6,76.9,12.5,62.3,69.3,14.2,2.7,168.0,no_watering
Pepper,vegetative,13.9,35,loam,80.6,34.1,25.9,90.3,53.6,15.3,2.4,168.0,no_watering
Tomato,seedling,9.4,137,sandy,84.6,12.4,33.1,58.3,22.1,2.2,10.2,16.0,water_later
Pepper,flowering,8.8,108,sandy,48.6,26.2,16.4,90.5,0.9,11.8,4.7,12.0,water_now
Tomato,vegetative,9.1,65,sandy,48.9,40.3,16.5,88.0,20.2,5.6,6.7,11.0,water_now
Potato,vegetative,24.4,53,loam,88.3,7.5,25.9,76.1,0.6,22.0,8.1,37.0,water_later
Pepper,seedling,5.1,7,sandy,61.8,27.4,15.7,25.2,76.0,4.9,9.5,168.0,no_watering
Tomato,vegetative,19.6,13,clay,35.6,60.1,17.4,76.6,25.4,20.2,12.0,11.0,water_now
Potato,vegetative,20.6,123,loam,52.9,30.6,23.9,41.4,52.4,6.3,5.7,15.0,water_later
Potato,vegetative,20.3,64,loam,70.9,19.2,22.8,71.2,51.4,4.5,6.2,39.0,water_later
Pepper,seedling,6.2,36,clay,42.8,91.9,16.2,37.7,29.9,22.2,2.0,168.0,no_watering
Tomato,flowering,23.9,63,clay,58.3,22.7,25.9,85.9,26.6,3.5,10.9,14.0,water_later
Pepper,seedling,12.4,16,loam,42.6,75.0,25.3,78.3,67.2,7.4,7.7,168.0,no_watering
Potato,vegetative,24.4,103,sandy,53.5,14.1,26.0,79.9,45.9,15.7,10.5,10.0,water_now
Pepper,vegetative,13.3,5,loam,63.9,40.5,18.2,38.4,68.4,18.3,2.9,168.0,no_watering
Potato,fruiting,23.1,71,clay,48.8,49.2,15.7,92.9,33.9,6.2,6.6,62.0,no_watering
Tomato,vegetative,19.1,86,clay,48.7,71.4,22.7,70.8,50.5,21.9,3.1,168.0,no_watering
Pepper,seedling,14.2,46,sandy,57.6,47.3,31.4,31.6,49.1,21.6,5.7,34.0,water_later
Pepper,flowering,13.3,148,sandy,44.8,27.6,33.1,61.0,4.6,22.3,4.7,10.0,water_now
Potato,flowering,14.9,35,loam,66.7,10.9,19.4,46.1,5.3,21.9,11.6,14.0,water_later
Tomato,flowering,21.0,27,sandy,35.8,61.2,17.1,29.0,48.3,5.9,2.4,17.0,water_later
Tomato,vegetative,9.6,132,clay,41.0,64.2,29.3,77.7,60.2,9.9,4.2,36.0,water_later
Potato,seedling,22.7,58,clay,85.0,70.4,14.3,50.1,64.0,22.6,4.9,168.0,no_watering
Tomato,vegetative,19.0,44,loam,66.1,29.1,19.5,55.3,68.0,23.5,5.7,168.0,no_watering
Pepper,seedling,14.3,77,clay,80.7,30.4,34.1,77.0,5.9,6.5,7.2,97.0,no_watering
Pepper,seedling,7.9,134,sandy,43.7,39.5,35.8,47.3,51.3,24.5,5.2,12.0,water_now
Pepper,seedling,14.0,121,clay,87.8,40.8,20.2,83.2,66.7,2.9,3.2,168.0,no_watering
Pepper,fruiting,15.7,39,clay,91.3,3.5,28.3,94.7,30.5,14.4,8.0,59.0,no_watering
Tomato,flowering,19.8,47,sandy,66.9,11.5,31.7,78.7,84.0,4.0,7.1,12.0,water_now
Tomato,vegetative,22.8,37,clay,53.5,53.3,20.8,50.5,71.6,1.2,10.8,31.0,water_later
Tomato,fruiting,16.4,126,clay,85.5,5.7,30.3,94.5,1.9,4.8,11.7,16.0,water_later
Tomato,fruiting,22.7,20,loam,39.9,24.7,17.7,36.3,46.5,2.2,7.3,11.0,water_now
Pepper,vegetative,9.5,85,sandy,98.0,0.8,34.7,36.8,26.4,22.0,5.9,15.0,water_later
Potato,vegetative,18.9,13,loam,42.2,57.2,17.3,40.5,84.8,24.4,6.7,168.0,no_watering
Potato,flowering,19.3,36,clay,46.5,58.7,22.5,27.1,26.1,6.5,2.0,86.0,no_watering
Potato,fruiting,15.0,129,loam,92.0,5.1,15.7,79.6,68.0,10.7,7.3,57.0,no_watering
Tomato,fruiting,16.5,102,loam,65.0,17.4,20.1,67.6,27.5,21.3,6.9,15.0,water_later
Pepper,vegetative,8.1,149,sandy,45.3,12.5,33.9,33.7,45.4,21.6,8.2,8.0,water_now
Pepper,flowering,14.1,143,loam,97.6,2.2,21.3,81.3,32.5,21.9,6.6,105.0,no_watering
Potato,vegetative,20.8,115,sandy,42.8,12.9,28.1,29.1,88.6,1.9,10.8,6.0,water_now
Potato,seedling,29.2,125,clay,39.0,168.0,14.3,46.8,56.7,3.2,10.6,14.0,water_later
Tomato,flowering,13.2,107,clay,87.4,14.3,24.5,80.3,68.1,2.6,5.0,105.0,no_watering
Potato,fruiting,28.4,140,sandy,50.9,29.9,21.0,74.9,36.0,23.5,3.7,14.0,water_later
Pepper,fruiting,10.3,58,sandy,74.1,7.4,32.2,52.6,78.6,23.3,7.1,11.0,water_now
Tomato,seedling,22.5,4,sandy,50.7,54.4,17.9,27.5,76.3,20.5,7.3,40.0,water_later
Tomato,flowering,18.7,23,clay,99.7,0.3,28.8,89.7,56.2,14.6,5.4,168.0,no_watering
Potato,vegetative,12.4,53,clay,76.1,19.0,28.5,92.0,70.1,18.1,11.7,42.0,water_later
Potato,seedling,15.9,95,sandy,86.4,14.2,20.9,76.8,48.4,7.3,6.6,157.0,no_watering
Tomato,seedling,21.0,93,clay,73.6,63.8,26.4,66.8,32.6,19.2,3.8,168.0,no_watering
Potato,vegetative,13.4,130,clay,83.0,10.8,20.2,27.4,0.4,1.3,8.3,41.0,water_later
Pepper,seedling,14.9,15,clay,66.3,63.0,22.7,56.4,15.2,10.8,9.4,168.0,no_watering
Tomato,vegetative,10.5,81,loam,56.1,40.3,24.5,35.2,67.1,24.8,3.4,168.0,no_watering
Pepper,fruiting,11.9,142,sandy,53.4,6.9,25.3,28.2,6.7,6.3,11.6,7.0,water_now
Pepper,vegetative,10.9,26,loam,56.9,16.3,35.3,70.4,27.3,23.9,11.9,39.0,water_later
Potato,seedling,20.2,110,clay,73.4,54.0,23.6,72.0,11.0,13.7,10.9,62.0,no_watering
Potato,vegetative,28.0,117,loam,54.3,48.0,13.6,53.9,69.9,3.2,11.7,13.0,water_later
Potato,vegetative,19.1,22,sandy,55.4,16.5,27.6,51.3,5.7,3.9,6.2,14.0,water_later
Pepper,flowering,10.9,103,clay,61.2,25.1,28.5,78.3,22.7,13.0,4.7,59.0,no_watering
Potato,seedling,26.6,140,sandy,81.8,37.5,23.3,68.4,19.9,13.9,4.8,67.0,no_watering
Tomato,vegetative,21.9,19,sandy,69.3,8.3,29.8,62.6,87.6,22.2,10.1,35.0,water_later
Pepper,flowering,13.5,135,clay,62.6,36.8,20.4,40.0,66.4,0.0,5.1,39.0,water_later
Tomato,flowering,23.0,82,loam,93.3,4.3,17.9,70.9,18.6,23.5,9.0,33.0,water_later
Tomato,seedling,22.6,22,loam,50.2,59.9,27.6,90.6,44.7,22.6,7.7,168.0,no_watering
Potato,flowering,23.0,27,sandy,51.0,32.7,12.1,48.8,51.5,14.5,11.5,10.0,water_now
Tomato,fruiting,22.1,142,sandy,62.4,10.7,23.9,39.2,81.0,15.3,10.5,10.0,water_now
Tomato,seedling,10.5,51,loam,94.1,12.4,26.6,62.2,67.2,3.0,9.7,88.0,no_watering
Tomato,vegetative,16.3,42,sandy,52.9,14.8,30.6,75.9,27.8,23.6,8.3,10.0,water_now
Potato,seedling,22.4,49,sandy,90.2,17.3,16.4,51.7,14.6,21.2,4.2,168.0,no_watering
Tomato,vegetative,9.8,134,sandy,44.7,46.2,31.0,84.8,48.6,23.5,6.1,14.0,water_later
Pepper,vegetative,8.3,85,clay,76.1,11.7,24.9,56.9,62.4,8.2,11.5,35.0,water_later
Potato,vegetative,22.2,119,loam,81.2,21.8,15.8,91.7,84.7,5.7,4.0,158.0,no_watering
Potato,seedling,14.8,132,sandy,96.1,4.4,19.7,63.2,32.1,7.1,5.6,105.0,no_watering
Pepper,flowering,14.0,38,clay,79.2,53.9,23.8,93.1,12.0,6.2,2.3,168.0,no_watering
Tomato,vegetative,23.4,92,loam,78.4,18.0,19.1,31.9,54.7,1.3,5.0,59.0,no_watering
Pepper,vegetative,12.3,85,clay,92.6,5.9,24.5,91.1,59.0,4.4,10.0,60.0,no_watering
Potato,seedling,13.1,110,sandy,56.3,79.9,20.7,61.2,34.9,21.3,2.9,168.0,no_watering
Tomato,vegetative,23.6,98,clay,61.9,144.3,16.5,94.9,75.6,16.5,3.7,168.0,no_watering
Tomato,vegetative,20.1,58,loam,67.5,15.2,24.6,61.5,0.4,8.7,12.0,14.0,water_later
Pepper,fruiting,12.7,134,sandy,79.5,6.8,18.7,40.4,53.1,10.4,5.3,16.0,water_later
Tomato,vegetative,18.4,147,loam,95.4,4.5,22.1,93.0,5.2,8.9,7.7,56.0,no_watering
Potato,flowering,10.8,136,loam,87.3,8.6,18.5,66.5,36.3,18.4,4.7,59.0,no_watering
Potato,vegetative,16.3,130,clay,46.6,30.8,28.0,38.4,61.3,0.6,7.3,13.0,water_later
Potato,vegetative,17.1,146,sandy,81.0,9.1,19.4,87.3,25.1,6.0,8.4,14.0,water_later
Pepper,seedling,10.3,88,clay,63.3,48.4,19.3,38.5,9.7,12.5,11.0,54.0,no_watering
Pepper,seedling,10.8,29,sandy,48.2,50.2,26.4,39.7,4.5,10.0,7.0,17.0,water_later
Tomato,vegetative,13.9,141,sandy,99.9,0.0,27.6,35.2,52.1,23.8,4.9,36.0,water_later
Potato,seedling,12.7,31,loam,92.5,7.9,24.7,53.3,81.8,14.5,8.2,168.0,no_watering
Pepper,vegetative,6.0,90,loam,56.8,17.1,24.5,41.3,33.4,23.7,11.6,10.0,water_now
Potato,seedling,25.1,46,sandy,85.7,35.4,12.5,39.1,70.2,15.9,9.5,168.0,no_watering
Pepper,fruiting,14.7,113,loam,72.8,6.9,35.0,46.1,47.4,1.2,9.6,10.0,water_now
Pepper,vegetative,9.2,52,clay,91.1,12.8,16.7,59.8,51.8,14.8,7.1,168.0,no_watering
Tomato,fruiting,19.4,97,loam,40.4,41.5,23.4,75.8,47.6,13.1,2.6,13.0,water_later
Potato,vegetative,18.8,39,sandy,47.3,32.4,28.5,56.8,30.9,20.5,5.1,12.0,water_now
Tomato,fruiting,15.5,55,sandy,91.1,6.5,21.1,54.7,58.4,23.6,3.5,37.0,water_later
Potato,fruiting,26.7,90,loam,35.4,30.8,25.5,47.1,66.9,5.8,7.2,8.0,water_now
Potato,vegetative,26.0,114,clay,59.1,52.2,20.3,74.1,41.2,0.3,5.2,59.0,no_watering
Tomato,seedling,17.8,13,sandy,74.9,39.6,17.9,64.8,39.0,22.4,4.0,168.0,no_watering
Pepper,vegetative,12.5,79,clay,83.7,26.2,31.8,84.4,56.4,17.0,5.6,168.0,no_watering
Tomato,flowering,17.9,109,sandy,88.2,4.8,24.4,60.5,66.8,9.3,5.2,64.0,no_watering
Pepper,vegetative,15.6,51,loam,63.0,74.7,31.3,79.8,73.1,0.3,2.8,62.0,no_watering
Tomato,seedling,23.8,132,clay,53.5,92.2,21.8,65.6,84.5,9.9,6.6,168.0,no_watering
Tomato,fruiting,21.4,41,clay,57.8,18.8,16.4,83.3,18.7,18.9,11.2,58.0,no_watering
Pepper,flowering,8.4,133,loam,48.2,30.5,34.9,58.4,86.4,18.8,4.6,109.0,no_watering
Potato,seedling,28.6,143,loam,57.9,67.9,14.3,63.3,84.3,10.8,7.7,168.0,no_watering
Potato,vegetative,23.4,122,sandy,67.1,19.9,14.3,60.8,19.8,23.0,10.0,11.0,water_now
Tomato,flowering,17.8,72,clay,96.4,2.7,27.8,63.2,33.4,2.7,8.6,40.0,water_later
Potato,fruiting,29.4,39,clay,44.4,47.9,12.6,36.1,76.1,14.6,8.1,18.0,water_later
Pepper,flowering,6.0,107,clay,76.1,26.0,35.8,64.5,49.6,0.3,2.5,81.0,no_watering
Pepper,vegetative,5.5,64,clay,74.3,18.1,21.3,74.1,53.1,18.6,8.0,168.0,no_watering
Pepper,seedling,6.4,14,loam,99.5,0.6,35.1,59.0,4.1,5.6,9.2,103.0,no_watering
Potato,seedling,13.2,34,clay,82.8,31.4,13.0,25.6,65.5,24.4,7.8,168.0,no_watering
Pepper,seedling,6.9,47,sandy,66.2,32.7,23.4,49.2,9.2,21.6,4.1,168.0,no_watering
Potato,fruiting,14.6,65,loam,85.6,13.9,20.4,76.9,4.3,11.0,3.3,87.0,no_watering
Tomato,fruiting,9.9,125,loam,44.7,18.4,33.6,25.1,56.5,20.2,3.7,36.0,water_later
Pepper,seedling,9.5,47,sandy,57.4,39.1,27.6,31.8,78.1,12.0,5.4,168.0,no_watering
Tomato,vegetative,23.2,13,loam,77.3,37.2,25.7,76.0,50.2,6.9,2.9,168.0,no_watering
Potato,fruiting,28.1,31,loam,69.3,24.9,20.0,42.0,14.4,15.4,3.7,111.0,no_watering
Tomato,seedling,15.1,80,sandy,54.2,25.9,26.6,63.3,70.2,23.0,11.8,17.0,water_later
Pepper,vegetative,8.4,31,loam,62.4,48.5,16.1,72.8,4.6,13.1,2.5,168.0,no_watering
Tomato,flowering,23.8,31,loam,58.5,50.1,19.8,46.6,56.7,3.5,4.6,69.0,no_watering
Potato,flowering,11.8,37,loam,83.7,7.4,14.7,62.7,28.1,7.0,9.4,36.0,water_later
Pepper,fruiting,12.8,19,loam,79.6,10.5,31.2,71.3,16.1,16.5,3.4,98.0,no_watering
Tomato,flowering,16.1,4,loam,47.0,17.3,27.6,70.4,5.3,19.6,11.7,12.0,water_now
Potato,seedling,16.3,101,sandy,78.6,31.2,26.8,80.3,51.3,20.0,3.1,168.0,no_watering
Potato,seedling,23.6,95,sandy,56.2,49.9,28.7,25.3,36.8,7.4,11.8,11.0,water_now
Potato,seedling,17.3,112,clay,87.3,15.1,27.0,74.6,41.0,18.2,9.8,168.0,no_watering
Pepper,flowering,8.3,49,loam,64.7,8.2,33.3,91.3,51.9,7.3,10.7,12.0,water_now
Pepper,fruiting,13.1,143,loam,97.9,0.9,18.2,56.2,9.0,12.7,11.1,15.0,water_later
Pepper,vegetative,9.2,39,clay,79.2,17.2,17.1,93.4,83.4,8.4,8.9,107.0,no_watering
Pepper,fruiting,15.6,65,clay,88.4,13.5,18.1,72.9,32.1,3.9,5.5,86.0,no_watering
Tomato,flowering,22.7,124,sandy,76.7,9.0,30.0,87.6,72.4,4.8,9.2,11.0,water_now
Pepper,vegetative,5.9,39,loam,41.1,44.9,16.5,50.9,69.4,7.0,11.6,9.0,water_now
Potato,vegetative,28.4,36,sandy,44.5,67.3,23.4,92.8,49.9,1.8,2.1,34.0,water_later
Tomato,flowering,14.6,22,sandy,61.6,7.8,29.0,78.5,49.7,19.5,10.7,14.0,water_later
Tomato,fruiting,15.5,18,loam,70.8,24.0,18.5,71.8,60.3,23.3,2.2,168.0,no_watering
Potato,flowering,22.2,20,loam,97.6,1.7,20.0,74.9,57.7,21.7,11.5,108.0,no_watering
Tomato,seedling,12.4,140,clay,61.9,101.6,21.2,50.8,1.6,1.6,3.8,168.0,no_watering
Potato,vegetative,24.0,18,clay,73.2,34.2,26.9,66.7,86.0,6.0,4.7,168.0,no_watering
Pepper,seedling,7.7,17,loam,74.1,39.8,31.3,45.4,45.3,14.7,2.1,168.0,no_watering
Pepper,fruiting,10.5,66,clay,38.5,43.9,20.2,44.0,23.3,23.2,3.8,13.0,water_later
Pepper,fruiting,9.4,5,sandy,78.8,9.9,25.4,70.1,57.8,20.1,4.0,168.0,no_watering
Potato,vegetative,27.4,25,sandy,64.1,19.0,22.7,51.3,53.9,10.3,6.3,38.0,water_later
Pepper,fruiting,14.9,57,loam,82.2,6.9,19.5,94.0,39.7,16.2,8.4,35.0,water_later
Tomato,seedling,9.3,87,loam,47.8,97.3,30.5,92.0,14.4,6.4,4.0,38.0,water_later
Tomato,vegetative,19.7,95,loam,35.1,49.0,16.9,61.9,79.6,15.4,7.2,9.0,water_now
Potato,fruiting,28.2,140,clay,63.1,61.4,16.2,39.2,17.5,19.4,6.9,60.0,no_watering
Tomato,flowering,16.3,89,loam,91.4,6.6,29.7,34.2,49.8,2.8,6.1,34.0,water_later
Pepper,vegetative,8.1,141,clay,69.2,36.7,15.8,83.3,16.8,8.5,5.2,156.0,no_watering
Potato,flowering,26.7,128,clay,39.6,44.1,19.6,61.6,77.3,18.8,8.1,15.0,water_later
Tomato,seedling,19.7,148,clay,65.2,59.6,28.5,70.9,89.5,3.0,5.9,168.0,no_watering
Pepper,fruiting,8.8,120,sandy,79.0,4.3,27.7,63.1,7.2,10.8,7.4,11.0,water_now
Potato,seedling,21.5,47,clay,95.8,9.3,19.7,94.2,35.8,3.7,6.4,168.0,no_watering
Potato,seedling,21.3,22,loam,90.2,12.7,17.6,74.1,19.7,22.8,9.0,168.0,no_watering
Pepper,flowering,5.9,48,loam,78.6,9.2,27.4,85.5,75.2,11.1,7.2,154.0,no_watering
Potato,vegetative,24.7,99,sandy,68.0,21.9,25.0,52.3,53.3,5.5,11.6,10.0,water_now
Tomato,fruiting,9.7,129,clay,80.1,24.3,16.2,89.0,60.3,5.2,2.8,168.0,no_watering
Tomato,vegetative,8.1,28,sandy,86.3,3.9,24.9,59.5,42.2,18.0,10.4,59.0,no_watering
Potato,flowering,24.5,144,clay,91.6,9.1,24.0,66.2,56.9,22.7,2.6,168.0,no_watering
Pepper,seedling,6.9,61,sandy,56.0,42.7,17.7,78.8,74.9,13.6,3.1,168.0,no_watering
Potato,seedling,20.5,128,loam,76.2,32.5,21.6,57.1,70.6,22.7,7.8,168.0,no_watering
Pepper,seedling,9.1,133,loam,58.0,60.1,31.0,79.2,28.2,0.7,4.6,61.0,no_watering
Pepper,flowering,10.4,135,clay,78.7,13.6,29.5,69.3,19.8,18.2,5.9,40.0,water_later
Pepper,vegetative,15.9,115,loam,88.7,7.7,24.7,62.2,59.8,0.5,8.4,34.0,water_later
Pepper,seedling,13.1,123,loam,66.5,41.1,26.9,25.4,43.3,11.5,6.3,168.0,no_watering
Potato,fruiting,31.4,41,loam,93.9,2.6,17.3,41.1,35.4,9.4,11.0,34.0,water_later
Tomato,flowering,13.3,125,loam,83.4,16.8,17.7,78.9,80.2,22.7,7.2,168.0,no_watering
Pepper,flowering,14.4,13,loam,58.2,28.9,19.0,82.5,66.8,12.0,4.6,168.0,no_watering
Potato,seedling,31.5,15,loam,61.1,90.1,17.5,71.8,63.9,18.0,3.8,168.0,no_watering
Potato,flowering,30.7,17,clay,40.3,71.0,23.0,64.5,18.8,2.1,9.6,13.0,water_later
Tomato,seedling,14.8,10,sandy,69.7,24.1,25.3,45.1,80.6,3.2,10.1,67.0,no_watering
Potato,vegetative,31.6,142,sandy,87.6,11.4,26.5,69.2,32.5,5.8,5.5,33.0,water_later
Potato,flowering,14.1,122,loam,62.2,54.5,19.5,60.9,88.8,12.1,2.7,168.0,no_watering
Tomato,seedling,13.1,71,clay,42.6,168.0,23.8,65.0,65.7,4.6,4.4,168.0,no_watering
Pepper,seedling,9.1,131,sandy,75.7,30.9,26.8,27.6,62.2,0.3,2.3,106.0,no_watering
Potato,vegetative,28.5,64,loam,46.7,53.2,23.7,72.8,0.4,7.3,3.6,34.0,water_later
Tomato,seedling,22.9,92,clay,76.0,53.4,24.1,39.9,29.8,0.5,8.9,88.0,no_watering
Tomato,fruiting,9.7,44,loam,38.1,15.3,18.2,29.7,58.1,0.2,12.0,7.0,water_now
Pepper,seedling,11.3,68,loam,68.2,31.7,33.3,34.2,13.5,11.5,6.1,62.0,no_watering
Potato,fruiting,13.0,9,clay,59.9,54.8,13.0,27.3,42.7,6.6,2.6,168.0,no_watering
Pepper,flowering,11.3,65,loam,44.5,32.2,16.5,91.9,63.9,19.0,6.9,168.0,no_watering
Tomato,flowering,22.2,124,clay,59.7,15.0,28.9,41.4,81.5,15.6,10.0,13.0,water_later
Tomato,seedling,12.1,42,sandy,64.9,33.7,31.2,94.4,59.1,7.5,4.9,168.0,no_watering
Tomato,vegetative,10.9,128,loam,82.1,10.4,17.4,44.7,77.7,19.3,8.8,168.0,no_watering
Potato,fruiting,16.1,115,loam,95.7,6.3,18.9,63.6,88.1,23.6,6.0,168.0,no_watering
Pepper,fruiting,9.1,3,clay,48.4,22.8,22.2,42.4,13.5,17.7,7.4,35.0,water_later
Tomato,flowering,23.0,7,sandy,55.2,13.2,31.0,63.8,55.8,13.0,7.7,16.0,water_later
Pepper,vegetative,15.3,38,clay,58.7,40.1,25.1,69.7,10.5,3.5,10.9,33.0,water_later
Tomato,flowering,20.1,14,loam,56.4,14.0,29.3,71.0,18.2,18.9,9.4,56.0,no_watering
Pepper,vegetative,15.8,58,loam,74.7,41.7,31.9,47.3,78.9,16.8,3.7,168.0,no_watering
Tomato,flowering,16.5,118,sandy,51.5,68.5,17.8,90.8,33.1,1.8,4.3,13.0,water_later
Tomato,seedling,11.5,95,sandy,69.1,37.7,29.4,80.6,29.7,6.9,3.3,87.0,no_watering
Pepper,flowering,6.6,49,loam,79.3,11.7,24.0,49.5,35.0,14.5,5.2,81.0,no_watering
Tomato,seedling,22.7,135,loam,89.6,22.7,21.4,80.7,19.3,15.2,9.3,133.0,no_watering
Potato,fruiting,14.5,5,loam,74.6,18.5,18.0,57.5,79.6,13.5,4.9,168.0,no_watering
Tomato,fruiting,13.9,93,sandy,74.5,10.3,18.8,45.3,50.7,19.9,5.7,13.0,water_later
Potato,vegetative,15.3,60,clay,60.5,26.6,27.7,55.6,75.5,19.5,11.2,30.0,water_later
Potato,seedling,27.7,33,loam,96.1,6.5,25.0,51.3,6.2,0.6,4.5,168.0,no_watering
Tomato,vegetative,8.2,74,sandy,43.2,23.3,29.8,89.8,86.7,16.2,7.3,9.0,water_now
Pepper,vegetative,13.8,99,sandy,80.4,9.8,25.5,74.1,52.1,20.1,10.8,11.0,water_now
Potato,seedling,16.0,9,clay,38.1,68.7,25.4,68.5,31.1,20.2,11.1,22.0,water_later
Pepper,fruiting,8.4,128,loam,45.5,14.1,24.3,59.3,52.0,8.3,10.2,7.0,water_now
Tomato,fruiting,8.8,43,sandy,78.7,13.3,24.7,36.8,45.2,3.6,3.1,36.0,water_later
Potato,fruiting,25.9,92,sandy,61.0,15.8,12.8,72.9,19.7,22.2,9.6,11.0,water_now
Tomato,fruiting,15.6,20,sandy,57.0,14.5,21.1,39.2,37.6,6.4,6.8,12.0,water_now
Pepper,fruiting,8.5,140,clay,74.2,10.5,32.9,45.9,47.8,17.3,7.1,39.0,water_later
Tomato,flowering,12.8,110,sandy,64.5,20.1,32.2,31.6,70.7,11.0,5.4,11.0,water_now
Potato,fruiting,29.1,126,loam,56.7,17.2,23.0,37.2,88.3,8.4,9.6,13.0,water_later
Potato,flowering,30.6,47,clay,80.0,12.8,23.2,82.5,50.5,6.6,7.5,80.0,no_watering
Tomato,fruiting,11.7,54,sandy,47.6,13.0,16.4,37.9,23.2,2.4,8.8,9.0,water_now
Pepper,flowering,9.6,102,sandy,46.4,25.2,17.0,73.1,61.5,10.1,10.3,7.0,water_now
Potato,flowering,13.3,74,sandy,35.2,18.6,15.4,33.1,76.2,20.8,9.6,13.0,water_later
Pepper,vegetative,11.9,48,loam,74.1,19.7,32.1,72.7,56.0,12.8,2.7,168.0,no_watering
Tomato,vegetative,11.9,62,loam,99.7,0.3,17.6,67.9,75.8,15.1,7.7,168.0,no_watering
Pepper,vegetative,6.2,66,sandy,38.4,25.4,34.5,56.9,25.2,2.6,3.1,10.0,water_now
Pepper,fruiting,10.1,32,sandy,62.2,12.2,28.5,48.5,5.9,1.6,10.7,8.0,water_now
Tomato,fruiting,21.6,94,sandy,64.5,11.5,18.3,28.5,23.5,19.0,10.3,8.0,water_now
Pepper,flowering,13.6,51,sandy,64.4,8.2,25.0,69.6,81.2,13.1,10.1,9.0,water_now
Tomato,fruiting,20.0,108,clay,73.5,10.5,33.1,67.3,26.9,2.3,8.8,15.0,water_later
Potato,fruiting,29.2,1,clay,42.7,85.6,28.9,79.9,53.5,16.9,6.7,168.0,no_watering
Tomato,seedling,23.1,102,sandy,77.1,22.5,18.8,64.0,85.4,21.9,8.1,168.0,no_watering
Pepper,seedling,14.0,90,sandy,94.1,8.6,18.0,88.7,83.8,9.6,5.3,168.0,no_watering
Potato,fruiting,21.8,70,sandy,85.4,9.9,28.7,86.5,52.3,9.9,2.7,85.0,no_watering
Tomato,vegetative,12.0,79,clay,71.4,34.0,33.7,77.1,14.7,11.5,6.1,39.0,water_later
Pepper,fruiting,15.4,79,loam,72.2,9.9,31.2,34.3,12.0,16.5,4.4,16.0,water_later
Potato,vegetative,26.0,94,sandy,68.7,12.4,15.1,35.7,26.3,4.2,9.2,13.0,water_later
Potato,flowering,20.2,72,loam,45.7,95.2,12.0,35.2,24.1,24.3,4.8,14.0,water_later
Tomato,fruiting,16.3,122,loam,56.4,13.2,26.1,37.3,87.0,8.7,9.4,11.0,water_now
Potato,vegetative,15.1,80,loam,91.3,20.3,15.1,48.7,89.3,2.2,3.8,159.0,no_watering
Potato,vegetative,16.6,85,loam,72.6,16.5,12.0,39.8,83.7,4.3,11.1,16.0,water_later
Potato,fruiting,30.7,26,loam,67.5,17.6,28.9,80.6,56.4,24.1,5.5,168.0,no_watering
Potato,seedling,12.4,104,sandy,48.0,46.3,16.4,93.2,50.9,1.0,9.7,12.0,water_now
Pepper,vegetative,6.1,91,sandy,78.5,18.5,24.2,92.1,59.3,19.6,7.0,34.0,water_later
Pepper,vegetative,14.9,7,sandy,85.4,6.2,20.1,78.6,80.9,19.2,9.0,168.0,no_watering
Pepper,fruiting,14.2,100,sandy,79.2,10.4,17.6,61.8,30.4,18.6,11.8,9.0,water_now
Potato,vegetative,12.9,1,loam,68.8,21.5,18.7,72.2,30.5,9.5,7.2,134.0,no_watering
Potato,fruiting,15.8,116,clay,74.0,20.7,15.0,46.6,17.6,18.7,7.1,65.0,no_watering
Potato,fruiting,18.7,49,clay,39.9,150.0,19.1,43.2,88.7,18.3,3.2,36.0,water_later
Pepper,fruiting,14.6,21,loam,50.0,28.4,22.9,72.5,63.0,23.7,4.8,168.0,no_watering
Potato,vegetative,24.1,147,loam,84.5,45.8,15.8,79.9,61.8,19.7,3.3,168.0,no_watering
Pepper,flowering,11.8,139,sandy,94.0,1.5,32.0,59.4,11.5,15.1,6.5,13.0,water_later
Tomato,seedling,17.5,40,clay,73.5,67.4,24.7,90.8,61.7,0.5,4.3,168.0,no_watering
Tomato,vegetative,8.5,123,clay,54.6,30.4,27.1,42.1,27.3,24.8,11.2,13.0,water_later
Tomato,seedling,8.5,34,sandy,49.9,37.4,30.9,41.0,38.6,16.2,5.5,168.0,no_watering
Tomato,vegetative,16.3,128,clay,49.5,46.2,18.5,62.8,69.4,2.2,7.3,32.0,water_later
Pepper,vegetative,11.5,12,sandy,65.1,41.2,23.8,70.5,61.1,8.9,4.8,168.0,no_watering
Pepper,seedling,8.6,46,clay,80.1,44.5,19.3,94.7,54.2,24.2,4.5,168.0,no_watering
Tomato,vegetative,22.3,124,clay,37.8,35.3,22.2,55.3,7.3,2.1,11.6,8.0,water_now
Potato,fruiting,22.4,102,sandy,67.8,18.5,12.4,38.2,47.1,19.8,10.8,10.0,water_now
Tomato,flowering,8.9,11,clay,81.9,17.4,16.3,73.6,39.4,20.9,10.6,103.0,no_watering
Potato,flowering,31.8,89,clay,66.4,45.5,27.5,76.3,2.2,9.8,4.5,59.0,no_watering
Pepper,fruiting,5.5,53,loam,42.1,19.4,28.7,91.7,57.2,14.9,11.9,7.0,water_now
Potato,seedling,20.4,112,sandy,82.7,23.3,23.3,50.6,54.0,2.8,3.6,110.0,no_watering
Potato,fruiting,20.3,14,sandy,74.7,23.5,24.2,66.4,44.7,1.3,3.4,83.0,no_watering
Tomato,seedling,22.7,44,loam,46.2,168.0,21.2,88.8,53.4,22.8,3.5,168.0,no_watering
Pepper,seedling,6.7,40,loam,92.2,8.3,25.7,62.0,28.3,20.9,8.8,168.0,no_watering
Pepper,seedling,6.7,74,sandy,61.7,35.9,18.7,53.4,29.7,19.4,4.0,168.0,no_watering
Tomato,fruiting,8.6,84,sandy,76.6,9.5,15.8,47.2,87.4,17.8,4.2,15.0,water_later
Potato,vegetative,31.4,19,sandy,73.5,35.2,24.5,83.4,72.6,13.6,2.1,168.0,no_watering
Potato,seedling,11.2,93,sandy,61.4,60.3,18.7,38.1,19.2,4.8,5.5,36.0,water_later
Potato,seedling,27.6,52,loam,87.9,10.5,28.5,27.0,9.6,10.1,11.1,40.0,water_later
Tomato,vegetative,10.8,18,loam,89.2,12.7,23.7,76.0,5.7,4.8,3.0,168.0,no_watering
Tomato,vegetative,21.1,84,sandy,77.9,8.6,19.7,67.5,46.4,2.9,9.8,13.0,water_later
Tomato,flowering,13.0,73,clay,90.1,4.7,33.3,35.4,32.6,11.1,5.5,60.0,no_watering
Tomato,fruiting,11.9,5,sandy,80.1,5.3,26.6,57.5,55.0,8.1,5.7,36.0,water_later
Tomato,flowering,17.8,31,loam,55.4,13.3,33.7,60.1,13.8,10.7,8.0,12.0,water_now
Tomato,vegetative,9.2,39,loam,75.7,44.8,21.4,77.6,60.9,22.0,3.1,168.0,no_watering
Pepper,fruiting,11.8,127,loam,53.5,13.1,29.2,37.8,7.7,16.3,6.9,11.0,water_now
Potato,seedling,25.4,81,clay,53.0,87.7,14.6,46.7,44.4,12.8,10.5,86.0,no_watering
Tomato,fruiting,18.1,149,sandy,97.6,0.5,20.4,59.6,56.0,14.0,11.4,10.0,water_now
Potato,seedling,25.5,102,loam,63.1,84.5,27.7,82.2,47.3,20.1,2.0,168.0,no_watering
Potato,vegetative,24.2,22,clay,77.4,16.1,18.4,28.7,2.0,24.2,8.2,85.0,no_watering
Tomato,flowering,10.0,48,clay,61.9,34.8,24.8,33.2,36.9,12.3,4.8,82.0,no_watering
Potato,flowering,27.8,12,loam,60.2,27.2,24.3,48.4,1.7,16.5,9.7,18.0,water_later
Pepper,vegetative,9.8,18,sandy,91.8,4.8,35.1,44.8,5.3,4.4,4.0,57.0,no_watering
Pepper,vegetative,14.1,65,sandy,78.5,12.9,19.7,82.2,43.4,22.3,5.7,168.0,no_watering
Potato,seedling,15.2,52,loam,47.8,125.6,24.9,91.3,45.9,11.0,5.2,168.0,no_watering
Tomato,flowering,12.7,28,clay,56.8,19.3,30.5,56.7,67.5,24.7,7.4,34.0,water_later
Pepper,vegetative,6.4,106,loam,96.9,2.4,16.1,73.1,2.8,19.2,8.9,58.0,no_watering
Pepper,seedling,15.5,60,loam,91.2,17.3,15.2,86.2,77.9,21.3,8.4,168.0,no_watering
Potato,fruiting,20.0,40,clay,99.5,0.3,21.9,60.6,76.9,4.4,7.9,168.0,no_watering
Pepper,vegetative,7.9,26,loam,72.3,17.4,30.0,46.2,81.5,0.3,3.9,84.0,no_watering
Pepper,seedling,10.8,53,loam,63.5,25.5,35.3,52.9,26.0,14.5,10.1,36.0,water_later
Pepper,seedling,15.1,26,loam,95.7,8.8,32.8,82.8,10.1,15.9,2.0,168.0,no_watering
Pepper,flowering,14.7,37,clay,65.0,40.1,26.0,42.2,69.3,8.4,5.9,168.0,no_watering
Pepper,flowering,15.3,24,loam,62.7,17.6,17.8,34.3,28.0,4.8,7.2,38.0,water_later
Pepper,vegetative,6.5,123,loam,53.7,23.6,20.8,89.4,46.4,5.6,10.0,11.0,water_now
Tomato,seedling,19.0,6,sandy,88.2,11.8,23.8,83.8,15.1,20.6,7.2,168.0,no_watering
Tomato,flowering,18.1,133,clay,43.3,22.8,31.6,30.4,45.0,4.5,7.6,12.0,water_now
Tomato,vegetative,20.5,6,loam,66.5,70.0,16.1,38.1,53.0,6.4,5.1,132.0,no_watering
Pepper,fruiting,15.2,62,sandy,69.5,25.1,19.3,62.6,75.6,3.2,3.5,34.0,water_later
Pepper,fruiting,15.8,75,clay,87.6,6.6,34.9,72.3,63.2,22.1,10.3,17.0,water_later
Pepper,flowering,6.3,111,clay,54.9,32.8,22.7,60.4,22.3,10.1,4.5,57.0,no_watering
Pepper,seedling,8.4,34,loam,47.5,87.8,20.3,29.2,69.1,20.7,5.1,61.0,no_watering
Pepper,flowering,15.7,125,loam,75.8,10.4,31.3,25.9,64.9,4.8,6.9,14.0,water_later
Tomato,fruiting,19.1,1,loam,74.5,22.0,29.0,90.8,85.6,2.1,7.9,58.0,no_watering
Pepper,seedling,6.1,69,loam,99.6,0.4,26.2,88.5,65.0,10.8,8.1,168.0,no_watering
Pepper,fruiting,6.5,14,sandy,43.8,5.7,33.8,30.4,67.2,12.9,11.5,6.0,water_now
Pepper,vegetative,7.2,40,sandy,47.3,23.4,32.5,63.1,28.3,9.5,3.3,13.0,water_later
Potato,flowering,13.2,128,loam,78.2,16.5,18.2,60.4,61.6,1.9,3.8,63.0,no_watering
Potato,fruiting,11.8,23,sandy,68.4,21.4,15.0,57.7,63.0,15.1,3.2,168.0,no_watering
Potato,seedling,21.3,30,sandy,94.2,12.7,19.7,54.8,36.9,4.4,3.1,168.0,no_watering
Pepper,vegetative,7.3,140,loam,71.9,16.0,24.2,76.2,13.7,14.8,7.3,32.0,water_later
Tomato,seedling,12.1,60,sandy,74.9,20.3,24.2,57.9,0.3,17.8,8.1,34.0,water_later
Potato,vegetative,25.2,82,clay,68.8,76.9,25.4,34.2,44.0,6.3,3.5,157.0,no_watering
Tomato,flowering,17.2,56,sandy,68.3,12.6,21.8,76.2,82.7,0.7,9.9,11.0,water_now
Tomato,seedling,20.8,79,sandy,54.7,27.2,31.5,49.0,50.2,14.2,10.7,10.0,water_now
Potato,flowering,24.3,86,clay,80.7,12.8,26.1,44.8,16.0,14.1,5.3,61.0,no_watering
Pepper,flowering,14.3,113,loam,52.0,24.8,17.9,35.1,22.3,22.5,9.7,11.0,water_now
Tomato,fruiting,13.4,85,clay,86.7,11.6,17.9,76.4,26.4,24.5,3.7,155.0,no_watering
Tomato,fruiting,10.6,25,loam,83.1,4.3,23.9,87.3,78.3,5.2,12.0,17.0,water_later
Tomato,flowering,17.4,113,clay,51.4,71.4,25.6,53.1,37.8,9.9,6.2,16.0,water_later
Pepper,vegetative,6.5,117,sandy,67.5,18.7,25.7,74.1,17.1,3.2,3.5,34.0,water_later
Pepper,vegetative,6.8,4,loam,64.6,12.3,27.1,67.2,81.5,22.2,11.2,168.0,no_watering
Tomato,vegetative,21.9,48,sandy,49.4,17.2,33.5,75.8,64.0,19.0,10.7,10.0,water_now
Tomato,flowering,9.0,58,sandy,77.7,8.7,29.1,70.9,58.9,13.6,7.9,12.0,water_now
Tomato,flowering,16.4,26,clay,65.0,20.0,23.3,40.4,83.8,20.7,7.6,168.0,no_watering
Tomato,seedling,14.5,62,sandy,81.0,16.8,17.2,66.0,19.8,25.0,9.7,37.0,water_later
Pepper,fruiting,12.3,93,loam,99.5,0.1,22.8,36.2,25.7,2.4,11.9,13.0,water_later
Pepper,flowering,15.2,10,sandy,77.1,14.4,17.0,79.1,11.4,7.7,6.4,56.0,no_watering
Potato,vegetative,24.8,53,loam,60.9,54.2,25.0,89.3,62.6,14.7,3.2,168.0,no_watering
Tomato,vegetative,19.0,51,clay,50.1,71.4,15.3,82.3,29.7,0.2,4.7,80.0,no_watering
Pepper,fruiting,10.5,64,sandy,54.5,9.6,34.5,44.7,22.5,11.9,4.6,10.0,water_now
Pepper,flowering,15.8,82,sandy,62.3,10.3,24.1,70.5,0.2,22.3,10.0,8.0,water_now
Pepper,vegetative,14.6,113,clay,90.2,12.0,21.9,82.5,87.4,24.0,6.4,168.0,no_watering
Tomato,vegetative,8.4,2,sandy,43.2,41.4,16.0,46.1,35.7,7.6,5.9,82.0,no_watering
Pepper,vegetative,6.3,108,clay,87.4,7.4,20.5,53.9,65.7,19.1,9.9,168.0,no_watering
Tomato,flowering,18.2,54,clay,81.4,21.4,23.6,66.2,84.9,8.6,2.3,168.0,no_watering
Pepper,seedling,15.5,37,sandy,71.4,16.7,31.4,71.9,43.2,7.9,9.7,35.0,water_later
Potato,vegetative,11.6,16,clay,41.9,65.5,17.8,94.3,3.4,14.0,11.3,15.0,water_later
Potato,fruiting,17.5,81,loam,76.8,32.6,13.3,85.4,32.9,5.4,3.2,110.0,no_watering
Tomato,seedling,23.9,79,clay,56.3,117.7,20.1,77.7,35.9,3.7,7.7,106.0,no_watering
Pepper,fruiting,14.8,65,clay,54.9,21.1,16.0,89.8,40.8,20.3,10.2,14.0,water_later
Pepper,seedling,10.3,42,clay,42.6,153.3,31.3,53.5,7.6,21.9,2.3,168.0,no_watering
Potato,flowering,19.1,9,loam,70.0,26.2,12.8,32.0,10.5,16.0,4.6,168.0,no_watering
Tomato,fruiting,19.2,94,sandy,98.6,0.8,27.7,52.1,53.2,21.6,6.8,15.0,water_later
Tomato,seedling,15.6,71,sandy,94.2,5.0,16.8,92.4,34.1,6.4,11.2,36.0,water_later
Tomato,flowering,12.8,103,sandy,53.0,24.4,32.8,69.9,75.7,20.5,7.6,9.0,water_now
Potato,seedling,24.0,82,loam,95.1,10.2,21.1,94.0,88.6,4.7,7.5,168.0,no_watering
Tomato,seedling,23.4,114,loam,80.6,21.8,32.4,82.8,2.0,15.1,6.3,86.0,no_watering
Pepper,vegetative,7.0,63,clay,80.8,14.6,32.8,73.0,12.3,4.4,4.9,82.0,no_watering
Pepper,vegetative,13.8,108,sandy,94.6,1.7,30.8,91.0,45.2,18.8,8.3,14.0,water_later
Tomato,vegetative,21.0,79,sandy,63.8,11.8,20.6,36.6,52.2,20.9,10.7,13.0,water_later
Potato,seedling,19.7,129,clay,53.0,168.0,21.9,65.4,22.3,7.2,3.0,168.0,no_watering
Pepper,seedling,9.9,135,sandy,68.9,26.9,19.6,36.1,77.1,11.4,10.0,16.0,water_later
Tomato,fruiting,12.8,8,sandy,67.9,5.9,25.9,81.4,28.1,6.6,10.7,13.0,water_later
Pepper,vegetative,6.1,116,sandy,55.3,29.7,16.4,31.6,52.5,1.9,7.5,12.0,water_now
Tomato,vegetative,11.4,38,clay,46.2,58.5,21.1,71.7,71.9,4.9,5.0,168.0,no_watering
Potato,vegetative,21.5,9,loam,79.0,18.2,16.5,36.3,0.3,23.6,9.2,60.0,no_watering
Potato,fruiting,23.3,39,loam,88.2,11.7,14.3,94.3,10.3,18.4,7.8,63.0,no_watering
Tomato,flowering,16.2,24,clay,57.7,60.8,21.2,80.6,66.1,11.7,9.4,59.0,no_watering
Potato,fruiting,26.2,54,sandy,59.5,13.4,24.7,31.6,62.6,10.2,11.7,11.0,water_now
Pepper,seedling,8.1,70,clay,96.3,7.8,15.0,66.4,51.3,23.7,9.4,168.0,no_watering
Pepper,vegetative,8.9,12,clay,46.0,94.2,22.2,49.7,55.7,15.7,4.3,168.0,no_watering
Tomato,vegetative,15.5,88,clay,40.5,78.7,25.4,76.8,75.3,21.0,10.3,10.0,water_now
Pepper,flowering,8.3,126,clay,35.8,113.0,22.9,67.5,34.2,16.5,3.7,12.0,water_now
Pepper,flowering,11.2,59,sandy,69.6,29.8,26.7,80.8,49.7,21.1,5.2,69.0,no_watering
Potato,fruiting,21.7,25,clay,63.4,43.7,25.9,52.0,35.6,7.9,5.8,86.0,no_watering
Pepper,seedling,9.1,48,loam,67.7,43.2,28.9,58.6,51.9,24.8,5.4,168.0,no_watering
Tomato,fruiting,19.2,57,clay,62.9,14.6,29.3,71.6,8.2,22.1,7.7,17.0,water_later
Tomato,fruiting,9.1,72,sandy,35.3,15.5,21.4,51.5,64.3,12.5,9.1,6.0,water_now
Potato,vegetative,25.0,12,loam,73.6,9.9,25.3,46.7,28.5,1.9,11.1,33.0,water_later
Pepper,vegetative,8.6,23,sandy,97.1,1.6,23.2,34.3,64.9,17.0,7.9,168.0,no_watering
Pepper,flowering,6.4,68,sandy,39.7,29.7,25.6,59.4,30.4,15.9,9.2,10.0,water_now
Potato,seedling,30.2,8,sandy,60.9,108.1,21.1,82.2,16.7,10.8,2.1,168.0,no_watering
Tomato,vegetative,9.4,58,sandy,57.0,25.9,18.5,83.4,32.0,1.2,5.4,16.0,water_later
Potato,flowering,28.8,26,loam,74.6,17.8,12.1,79.8,81.4,9.9,8.5,84.0,no_watering
Potato,vegetative,22.2,90,clay,41.0,49.5,27.4,28.5,31.5,23.6,4.2,14.0,water_later
Pepper,flowering,14.5,133,sandy,84.7,4.3,20.5,41.3,15.9,22.6,8.4,12.0,water_now
Tomato,flowering,20.5,129,loam,70.3,13.7,19.2,82.0,55.2,7.1,9.2,22.0,water_later
Pepper,vegetative,13.2,120,sandy,74.0,16.8,20.1,67.9,48.4,11.5,4.2,59.0,no_watering
Potato,seedling,12.6,140,clay,64.3,74.0,12.0,57.4,52.1,18.3,7.6,168.0,no_watering
Tomato,vegetative,19.1,58,sandy,80.2,11.7,33.3,56.6,54.9,0.9,4.7,33.0,water_later
Tomato,flowering,14.6,136,clay,59.5,21.5,23.5,39.0,85.9,10.0,10.3,16.0,water_later
Potato,flowering,22.8,146,loam,38.4,52.8,25.5,73.0,58.0,10.5,5.8,10.0,water_now
Potato,flowering,16.5,77,loam,70.4,24.4,20.0,84.2,0.3,2.5,3.5,60.0,no_watering
Potato,fruiting,30.8,54,loam,72.5,17.2,14.8,37.3,73.8,20.6,7.3,37.0,water_later
Potato,seedling,27.0,91,clay,54.5,61.4,22.5,49.8,21.0,8.7,9.6,40.0,water_later
Tomato,vegetative,16.9,32,loam,44.7,35.9,20.5,55.6,67.4,11.1,7.4,15.0,water_later
Potato,flowering,31.4,106,loam,49.4,43.2,15.2,41.0,33.3,9.8,4.8,37.0,water_later
Tomato,vegetative,20.4,31,sandy,69.2,21.4,17.4,62.2,44.2,2.7,5.5,58.0,no_watering
Pepper,flowering,8.1,118,loam,89.9,16.4,16.6,94.8,78.0,10.3,3.7,168.0,no_watering
Potato,seedling,16.2,107,loam,43.0,69.9,14.1,69.6,71.1,6.4,10.6,17.0,water_later
Pepper,flowering,5.3,105,loam,82.3,7.2,32.7,55.3,14.3,23.5,4.6,46.0,water_later
Pepper,seedling,10.2,61,clay,96.1,10.3,18.4,33.2,40.0,24.1,3.9,168.0,no_watering
Potato,vegetative,17.6,87,sandy,63.2,27.1,24.3,94.1,1.3,17.8,5.9,14.0,water_later
Tomato,seedling,12.4,89,loam,77.8,25.1,23.4,66.2,34.5,21.8,8.9,168.0,no_watering
Pepper,fruiting,10.9,137,clay,80.6,7.9,34.4,55.1,69.2,23.8,4.5,81.0,no_watering
Potato,fruiting,19.5,143,clay,60.6,29.4,20.6,69.0,22.1,5.7,9.0,26.0,water_later
Pepper,seedling,16.0,58,clay,82.3,44.9,26.8,26.7,52.5,17.5,2.7,168.0,no_watering
Tomato,flowering,8.9,148,clay,41.4,50.8,15.4,56.0,19.6,13.4,5.2,15.0,water_later
Potato,flowering,30.6,54,sandy,58.4,12.3,26.3,54.8,29.6,7.2,8.5,12.0,water_now
Potato,flowering,17.4,118,sandy,41.4,54.7,28.2,78.4,29.2,5.9,5.6,11.0,water_now
Tomato,fruiting,23.8,147,clay,53.3,34.4,19.7,42.0,58.7,23.0,10.3,38.0,water_later
Tomato,vegetative,8.2,51,clay,57.1,91.2,25.1,35.7,55.3,18.3,2.3,168.0,no_watering
Pepper,vegetative,14.3,13,sandy,64.5,22.0,31.3,77.7,60.8,11.5,2.0,168.0,no_watering
Tomato,vegetative,16.1,54,loam,75.9,13.5,19.4,29.6,36.9,7.2,8.6,37.0,water_later
Potato,vegetative,22.5,50,loam,92.5,3.8,27.4,61.3,79.7,8.8,10.3,35.0,water_later
Pepper,fruiting,10.5,77,clay,54.3,12.0,32.5,36.6,17.0,23.2,9.0,14.0,water_later
Potato,fruiting,27.6,97,clay,56.1,113.1,12.7,92.7,49.9,18.2,3.3,168.0,no_watering
Pepper,fruiting,14.4,49,clay,70.0,12.6,16.0,75.6,17.1,11.0,11.1,27.0,water_later
Tomato,vegetative,13.0,131,sandy,80.2,5.5,33.6,61.5,87.0,3.1,9.5,11.0,water_now
Potato,fruiting,24.1,74,clay,59.2,40.9,13.7,77.6,26.7,16.9,6.4,52.0,no_watering
Tomato,flowering,19.4,14,loam,77.3,22.4,26.2,54.6,47.4,5.7,7.6,71.0,no_watering
Potato,seedling,22.1,134,sandy,79.4,63.9,28.5,76.8,78.7,4.2,2.7,168.0,no_watering
Potato,fruiting,23.4,35,sandy,96.1,2.5,25.0,58.6,54.1,23.6,5.9,88.0,no_watering
Potato,flowering,26.9,147,loam,80.3,26.4,23.6,44.3,61.5,4.0,4.8,48.0,water_later
Potato,fruiting,10.8,24,clay,62.7,40.4,18.6,82.9,76.1,5.0,6.0,132.0,no_watering
Pepper,flowering,14.7,93,sandy,67.4,10.0,33.5,34.8,46.0,14.1,3.4,18.0,water_later
Tomato,seedling,19.6,101,clay,84.2,67.7,18.7,53.9,53.4,17.0,5.3,168.0,no_watering
Potato,fruiting,15.4,55,sandy,65.1,10.4,20.9,47.9,58.2,0.8,9.1,11.0,water_now
Tomato,seedling,15.7,136,clay,89.5,22.8,18.8,26.4,69.8,17.5,8.6,168.0,no_watering
Tomato,seedling,21.9,124,loam,60.0,65.9,33.8,34.9,78.1,24.7,3.9,168.0,no_watering
Pepper,fruiting,6.2,136,loam,79.6,7.7,33.4,67.3,25.2,24.3,11.2,10.0,water_now
Tomato,flowering,11.8,109,loam,58.7,23.5,29.4,34.3,62.5,20.3,5.3,14.0,water_later
Pepper,fruiting,15.0,108,sandy,63.0,6.2,32.4,85.4,51.5,13.9,8.6,8.0,water_now
Potato,flowering,14.3,92,clay,80.1,14.0,21.1,43.0,29.4,11.6,5.6,144.0,no_watering
Pepper,seedling,8.2,14,clay,63.3,78.6,21.1,90.4,23.8,21.8,9.7,168.0,no_watering
Pepper,fruiting,10.5,100,sandy,48.7,9.7,27.7,33.7,21.4,20.8,7.8,8.0,water_now
Pepper,fruiting,9.3,84,clay,85.6,3.6,35.6,69.7,6.3,0.1,8.9,16.0,water_later
Potato,flowering,26.1,44,loam,94.1,2.4,21.3,58.9,9.1,9.1,9.5,35.0,water_later
Pepper,fruiting,6.8,103,clay,52.2,9.9,35.5,35.3,2.5,13.6,11.6,10.0,water_now
Potato,vegetative,32.0,43,sandy,54.9,14.6,23.4,59.8,15.8,0.5,9.6,11.0,water_now
Potato,vegetative,16.7,57,sandy,80.4,10.6,21.1,53.5,30.7,1.0,11.9,12.0,water_now
Tomato,vegetative,21.8,8,clay,88.9,7.9,29.8,87.2,58.4,22.1,7.0,168.0,no_watering
Pepper,seedling,15.7,128,loam,79.6,49.7,15.5,27.7,27.2,1.4,5.1,133.0,no_watering
Potato,vegetative,23.6,17,sandy,50.9,27.2,20.8,92.7,25.5,8.5,10.1,11.0,water_now
Tomato,vegetative,20.5,134,sandy,66.4,8.7,33.9,62.7,37.8,2.4,8.8,10.0,water_now
Potato,fruiting,19.6,13,clay,73.6,37.1,21.1,86.4,80.8,16.5,2.3,168.0,no_watering
Potato,fruiting,21.8,138,clay,89.5,11.1,27.3,83.1,72.3,4.8,9.0,40.0,water_later
Tomato,fruiting,10.8,16,loam,49.8,15.5,24.0,41.5,14.9,10.7,8.1,16.0,water_later
Potato,flowering,28.7,69,clay,85.7,34.6,18.0,60.4,63.0,14.6,2.2,168.0,no_watering
Tomato,flowering,19.9,71,sandy,42.9,21.6,28.3,44.9,46.6,11.4,9.8,7.0,water_now
Pepper,seedling,8.6,91,sandy,96.3,4.5,30.3,80.4,38.2,10.9,4.5,168.0,no_watering
Potato,fruiting,18.1,21,sandy,63.1,10.6,18.6,37.5,29.1,19.9,11.8,11.0,water_now
Tomato,seedling,12.3,37,loam,45.0,75.6,21.0,78.2,60.9,21.8,9.1,168.0,no_watering
Potato,vegetative,12.7,73,clay,98.4,1.4,18.8,25.6,7.9,1.9,10.6,41.0,water_later
Potato,fruiting,22.9,56,sandy,97.4,0.7,25.7,49.8,76.3,17.5,9.4,14.0,water_later
Tomato,flowering,23.2,75,sandy,48.8,13.0,22.9,46.5,15.5,18.0,10.6,7.0,water_now
Tomato,vegetative,14.7,92,loam,64.6,32.9,16.9,42.3,61.8,0.7,4.7,57.0,no_watering
Potato,fruiting,15.6,35,clay,56.3,39.7,21.9,37.1,24.8,24.0,4.1,80.0,no_watering
Tomato,fruiting,15.8,55,sandy,54.0,17.1,18.6,75.5,37.4,10.7,6.5,13.0,water_later
Pepper,vegetative,11.2,133,loam,44.6,32.1,32.3,48.1,40.5,23.5,4.1,36.0,water_later
Tomato,fruiting,23.5,30,loam,85.4,4.0,25.8,90.4,73.2,7.6,10.9,18.0,water_later
Potato,seedling,25.8,79,loam,71.6,80.0,27.7,68.0,2.7,17.3,5.0,84.0,no_watering
Pepper,flowering,9.0,10,clay,80.6,14.8,15.8,86.2,57.6,24.6,6.8,168.0,no_watering
Tomato,vegetative,16.3,58,sandy,68.6,20.1,18.0,56.9,80.6,3.8,4.9,38.0,water_later
Pepper,vegetative,6.6,148,clay,94.6,7.9,16.1,46.8,27.7,5.3,5.9,155.0,no_watering
Tomato,fruiting,10.3,121,sandy,67.2,8.5,28.6,55.8,70.0,19.8,7.3,15.0,water_later
Pepper,seedling,7.5,39,clay,62.9,50.9,30.6,41.3,56.4,10.4,6.3,168.0,no_watering
Pepper,flowering,13.7,83,sandy,97.1,0.8,16.8,33.2,7.6,20.1,9.1,13.0,water_later
Tomato,vegetative,11.9,94,sandy,59.3,34.6,21.2,71.4,20.9,21.3,10.0,9.0,water_now
Pepper,fruiting,11.2,3,sandy,44.3,9.5,33.2,45.6,10.9,16.3,7.8,9.0,water_now
Pepper,seedling,11.2,125,clay,68.7,49.9,25.3,79.9,2.0,15.7,8.3,85.0,no_watering
Tomato,flowering,10.4,135,sandy,49.5,22.4,31.5,84.6,67.5,15.5,2.9,37.0,water_later
Pepper,flowering,11.8,79,clay,75.8,17.4,30.2,33.4,81.9,2.2,5.6,39.0,water_later
Pepper,flowering,5.9,8,sandy,82.8,3.6,19.2,26.2,28.2,16.8,10.8,15.0,water_later
Tomato,flowering,22.2,117,sandy,59.5,13.4,17.6,54.7,29.2,9.3,11.4,8.0,water_now
Potato,vegetative,14.0,76,sandy,90.2,3.7,13.7,47.3,16.0,23.4,9.9,15.0,water_later
Potato,seedling,30.8,100,loam,74.4,34.7,16.7,40.4,6.8,14.8,9.4,56.0,no_watering
Pepper,vegetative,8.6,104,loam,65.5,16.0,25.8,76.7,54.1,2.7,10.6,13.0,water_later
Tomato,flowering,17.3,36,loam,52.8,20.8,26.1,61.7,78.9,16.6,7.0,15.0,water_later
Tomato,flowering,11.8,64,clay,71.0,35.4,27.1,28.0,83.8,0.2,3.5,83.0,no_watering
Tomato,fruiting,9.2,32,loam,40.7,23.2,29.9,79.7,8.9,8.9,7.5,12.0,water_now
Potato,seedling,17.9,142,sandy,90.7,23.3,12.7,31.4,84.1,15.4,7.4,168.0,no_watering
Pepper,vegetative,9.5,142,sandy,90.3,11.3,27.6,52.5,85.5,11.2,2.0,168.0,no_watering
Potato,seedling,18.7,27,clay,72.9,30.8,27.3,65.3,78.4,13.7,10.0,168.0,no_watering
Potato,vegetative,14.4,98,sandy,64.9,33.7,16.2,28.9,45.7,11.7,7.4,13.0,water_later
Pepper,seedling,13.5,93,sandy,51.1,26.4,34.3,90.9,52.4,1.6,10.0,10.0,water_now
Tomato,flowering,19.3,103,clay,77.2,17.1,32.8,70.6,36.0,3.0,5.3,53.0,no_watering
Tomato,flowering,18.9,61,sandy,51.6,13.9,30.8,72.1,45.3,4.1,6.2,10.0,water_now
Pepper,fruiting,5.4,58,sandy,80.1,3.9,32.5,86.4,8.6,6.2,6.2,11.0,water_now
Potato,fruiting,16.6,26,sandy,65.8,18.1,18.8,64.3,71.4,8.8,11.9,18.0,water_later
Pepper,fruiting,9.6,53,sandy,94.3,1.2,30.3,69.6,49.2,15.8,7.5,13.0,water_later
Pepper,flowering,6.0,112,sandy,96.2,0.8,19.0,37.4,29.4,21.1,11.7,10.0,water_now
Tomato,seedling,10.6,118,clay,84.3,16.1,28.9,69.7,48.7,3.4,10.7,82.0,no_watering
Pepper,seedling,13.9,12,loam,85.2,41.0,31.9,72.2,17.0,3.2,2.4,168.0,no_watering
Pepper,flowering,6.2,42,sandy,78.6,9.3,22.0,53.9,61.0,19.9,10.7,11.0,water_now
Tomato,seedling,8.9,82,clay,94.0,8.5,31.9,59.9,88.6,8.2,8.9,168.0,no_watering
Potato,vegetative,15.0,131,sandy,36.4,24.8,24.9,46.3,54.6,3.1,6.8,9.0,water_now
Tomato,flowering,14.6,113,sandy,51.3,40.1,27.6,59.3,36.3,3.6,5.0,12.0,water_now
Potato,seedling,16.2,69,sandy,76.7,38.7,22.7,51.9,6.3,17.9,3.0,86.0,no_watering
Pepper,vegetative,8.3,83,clay,75.2,17.7,15.7,56.6,28.4,6.1,9.7,39.0,water_later
Potato,seedling,23.9,88,sandy,53.8,154.6,28.5,49.6,22.7,18.5,2.3,168.0,no_watering
Pepper,flowering,6.4,33,loam,36.1,25.5,34.2,74.8,22.3,13.4,5.8,10.0,water_now
Tomato,flowering,8.3,28,clay,50.2,108.0,21.3,77.7,46.7,7.6,3.1,168.0,no_watering
Pepper,seedling,5.6,87,loam,60.4,44.2,20.8,34.8,58.1,21.5,3.8,168.0,no_watering
Pepper,vegetative,11.9,137,clay,81.9,14.1,26.4,55.2,63.4,17.5,6.0,168.0,no_watering
Potato,fruiting,10.3,107,loam,62.4,24.8,26.9,84.5,85.2,22.5,7.0,14.0,water_later
Pepper,fruiting,11.8,144,loam,41.5,43.3,35.7,28.2,84.6,24.1,4.0,82.0,no_watering
Pepper,flowering,5.4,30,sandy,41.6,29.1,23.0,84.8,31.4,16.5,7.2,9.0,water_now
Potato,seedling,26.0,75,clay,55.7,91.8,28.5,48.1,36.8,19.4,8.3,40.0,water_later
Pepper,seedling,12.2,97,loam,85.8,34.6,20.2,54.5,38.2,15.8,5.2,168.0,no_watering
Potato,seedling,17.5,75,sandy,38.5,97.6,16.7,88.9,44.0,3.0,5.3,15.0,water_later
Pepper,seedling,6.9,33,sandy,80.1,11.4,30.3,68.8,62.7,1.0,10.6,32.0,water_later
Pepper,flowering,14.5,3,clay,84.7,5.9,24.8,37.1,56.5,20.1,10.4,168.0,no_watering
Potato,seedling,20.9,145,loam,75.0,46.8,18.0,38.2,1.1,23.4,10.1,40.0,water_later
Pepper,vegetative,15.3,87,sandy,67.6,18.6,23.0,67.4,45.0,19.9,9.7,14.0,water_later
Pepper,fruiting,7.1,68,sandy,40.5,32.0,24.1,93.9,15.5,3.8,6.7,9.0,water_now
Tomato,seedling,19.4,54,clay,84.4,31.7,31.6,50.0,81.5,13.0,3.2,168.0,no_watering
Tomato,flowering,11.8,39,sandy,71.2,8.6,25.7,58.0,49.9,7.7,7.1,14.0,water_later
Potato,vegetative,29.3,124,loam,87.1,11.2,18.5,75.8,38.4,9.3,7.1,59.0,no_watering
Tomato,fruiting,14.5,89,sandy,80.2,4.8,26.6,66.0,5.5,20.8,6.9,12.0,water_now
Tomato,flowering,16.4,40,clay,54.5,22.0,31.6,74.6,9.8,15.3,10.3,13.0,water_later
Pepper,fruiting,9.7,108,clay,52.1,35.9,26.1,39.7,76.5,5.1,4.5,35.0,water_later
Potato,vegetative,22.5,82,loam,44.4,98.8,19.7,91.1,26.2,6.0,2.3,60.0,no_watering
Potato,flowering,29.2,114,loam,47.7,28.3,26.4,76.0,53.6,0.5,5.5,13.0,water_later
Potato,seedling,30.2,106,sandy,60.1,50.3,23.6,76.8,63.7,6.7,6.5,38.0,water_later
Potato,vegetative,29.9,89,loam,43.4,33.3,26.0,43.8,18.6,15.4,9.8,9.0,water_now
Tomato,seedling,11.5,121,sandy,76.6,32.5,25.2,87.1,67.1,18.3,4.7,168.0,no_watering
Potato,vegetative,25.5,36,loam,66.2,42.0,19.8,70.7,70.1,4.9,6.1,58.0,no_watering
Pepper,flowering,15.1,106,loam,90.0,3.1,35.6,94.5,32.5,16.6,6.9,20.0,water_later
Tomato,fruiting,17.2,110,loam,73.5,13.6,21.9,84.4,10.7,19.9,5.5,34.0,water_later
Pepper,flowering,5.1,58,loam,45.9,38.5,23.3,28.7,38.0,21.5,2.4,168.0,no_watering
Tomato,vegetative,16.8,93,clay,95.1,5.7,24.3,47.4,33.8,11.2,6.2,111.0,no_watering
Tomato,flowering,18.0,81,loam,77.9,6.6,29.8,80.2,75.8,7.8,11.4,13.0,water_later
Potato,seedling,20.1,49,sandy,95.0,14.1,16.2,46.4,12.5,24.1,5.2,168.0,no_watering
Potato,vegetative,30.6,71,loam,92.1,11.3,22.6,73.4,43.4,6.4,8.0,37.0,water_later
Potato,flowering,23.4,124,sandy,38.1,20.4,16.2,38.1,35.5,2.9,11.1,6.0,water_now
Pepper,vegetative,6.4,33,loam,64.8,23.1,18.9,59.3,56.5,1.7,9.2,35.0,water_later
Tomato,seedling,10.4,115,clay,41.7,76.6,33.6,80.9,54.0,15.4,10.1,12.0,water_now
Tomato,seedling,14.4,87,sandy,58.7,30.8,30.5,50.5,25.4,23.3,6.5,15.0,water_later
Potato,seedling,14.0,79,loam,59.1,89.6,28.2,88.6,41.9,8.1,2.5,168.0,no_watering
Tomato,fruiting,9.4,56,sandy,60.2,8.8,21.6,33.0,57.1,12.3,8.4,9.0,water_now
Potato,flowering,12.5,146,sandy,51.1,24.1,17.2,65.6,17.7,24.5,4.6,12.0,water_now
Tomato,seedling,13.9,87,sandy,94.3,4.8,31.0,86.8,58.9,7.6,11.6,24.0,water_later
Potato,seedling,30.0,110,clay,36.5,60.9,28.5,65.5,57.7,11.2,11.8,18.0,water_later
Tomato,flowering,16.1,74,clay,56.0,50.2,26.0,88.3,21.2,9.7,5.2,81.0,no_watering
Potato,seedling,11.4,70,loam,49.0,65.8,18.1,58.3,18.8,16.5,11.8,14.0,water_later
Tomato,seedling,14.3,34,loam,79.9,23.6,19.4,68.9,37.0,15.0,10.4,168.0,no_watering
Tomato,seedling,16.0,119,sandy,42.4,56.3,17.7,35.0,63.6,24.9,7.6,12.0,water_now
Potato,flowering,16.6,137,sandy,79.0,9.3,18.4,87.9,46.2,8.3,11.3,10.0,water_now
Pepper,fruiting,14.8,38,clay,84.2,6.5,27.6,40.8,89.3,19.2,6.5,168.0,no_watering
Tomato,fruiting,11.2,111,loam,75.8,9.1,26.0,94.6,11.5,1.7,8.7,14.0,water_later
Potato,seedling,27.1,100,loam,86.8,39.3,12.0,61.8,4.0,12.0,4.8,168.0,no_watering
Potato,vegetative,30.0,113,loam,94.3,4.7,25.4,78.3,28.8,21.5,10.5,34.0,water_later
Pepper,vegetative,14.2,94,clay,76.1,22.6,23.7,80.2,2.2,2.6,5.7,83.0,no_watering
Pepper,vegetative,13.7,136,loam,78.5,14.4,32.9,57.5,77.1,17.4,3.1,168.0,no_watering
Tomato,flowering,19.0,84,sandy,81.2,5.4,32.4,82.6,33.5,3.8,6.0,14.0,water_later
Pepper,vegetative,15.2,91,sandy,97.8,0.8,19.2,46.9,28.0,18.8,9.7,15.0,water_later
Tomato,vegetative,15.1,72,sandy,80.6,6.4,30.1,33.8,45.0,24.2,6.9,36.0,water_later
Tomato,vegetative,10.4,113,clay,83.5,6.8,28.8,37.2,68.0,10.1,11.5,35.0,water_later
Potato,seedling,13.7,44,loam,85.5,28.7,13.1,25.7,80.2,9.3,4.7,168.0,no_watering
Tomato,fruiting,19.1,125,clay,74.6,13.2,20.6,40.0,15.0,18.0,6.8,37.0,water_later
Tomato,fruiting,13.8,49,clay,40.0,18.5,29.7,87.6,60.7,10.1,10.4,10.0,water_now
Potato,vegetative,10.6,102,clay,83.4,29.4,15.6,61.1,37.8,21.3,4.6,168.0,no_watering
Pepper,vegetative,11.1,143,sandy,85.4,5.5,18.3,72.1,10.9,2.8,11.4,12.0,water_now
Tomato,seedling,20.5,33,clay,44.9,109.2,33.9,43.2,81.0,6.8,5.1,168.0,no_watering
Tomato,fruiting,13.3,124,loam,97.3,1.0,30.2,66.7,87.3,22.7,9.5,17.0,water_later
Potato,vegetative,29.6,117,sandy,72.2,14.0,21.1,70.8,26.1,4.8,7.3,14.0,water_later
Potato,fruiting,11.6,80,clay,54.8,34.2,28.8,71.2,10.4,21.3,7.7,15.0,water_later
Tomato,seedling,17.7,99,loam,73.0,27.4,31.9,63.7,46.8,9.0,10.2,35.0,water_later
Potato,fruiting,24.4,98,clay,76.4,24.9,28.9,80.3,88.9,3.5,10.4,30.0,water_later
Tomato,vegetative,15.8,110,sandy,48.8,44.2,19.3,89.1,17.5,23.0,3.0,15.0,water_later
Potato,flowering,18.0,67,loam,46.1,74.8,23.1,84.0,13.1,6.2,5.6,13.0,water_later
Potato,flowering,11.5,145,sandy,48.2,34.9,27.8,82.8,82.2,14.5,6.5,12.0,water_now
Potato,flowering,26.2,87,loam,45.1,20.4,18.0,47.2,46.6,6.0,11.2,11.0,water_now
Pepper,flowering,5.0,43,clay,75.3,14.1,23.2,55.7,7.3,5.2,6.0,60.0,no_watering
Tomato,vegetative,16.3,41,loam,45.4,42.8,28.0,62.0,51.8,21.9,3.9,168.0,no_watering
Tomato,vegetative,20.2,25,clay,40.6,54.6,15.8,49.7,13.9,13.4,8.8,38.0,water_later
Tomato,seedling,10.4,138,sandy,72.4,23.7,28.5,34.7,18.6,20.2,6.8,33.0,water_later
Pepper,flowering,9.5,23,clay,95.0,6.5,22.3,94.3,48.5,11.0,5.9,168.0,no_watering
Tomato,vegetative,12.4,28,sandy,61.7,19.5,28.4,53.9,34.0,12.3,9.1,27.0,water_later
Potato,fruiting,31.3,82,clay,51.4,23.9,25.7,73.9,50.7,19.9,10.4,16.0,water_later
Tomato,flowering,17.3,44,clay,40.1,64.1,23.2,47.4,56.1,3.4,6.5,14.0,water_later
Tomato,flowering,10.1,81,clay,90.7,10.7,32.3,94.0,89.0,7.3,3.9,168.0,no_watering
Pepper,seedling,6.4,94,clay,96.0,6.7,20.8,42.2,15.8,11.8,8.6,168.0,no_watering
Tomato,vegetative,20.4,76,sandy,87.7,5.7,20.3,39.6,11.5,9.4,11.6,12.0,water_now
Pepper,flowering,16.0,138,sandy,96.1,1.2,27.0,74.6,77.5,6.9,6.0,16.0,water_later
Tomato,fruiting,11.5,92,sandy,61.6,9.7,17.1,47.1,47.3,5.9,11.3,8.0,water_now
Potato,fruiting,27.5,106,sandy,80.0,16.4,12.8,90.3,20.9,9.6,10.9,12.0,water_now
Potato,vegetative,30.5,30,sandy,65.6,16.0,12.0,65.8,42.1,17.8,9.4,16.0,water_later
Potato,vegetative,29.7,123,clay,50.8,144.0,26.9,73.6,14.2,19.2,2.3,108.0,no_watering
Potato,flowering,16.6,99,sandy,90.0,5.5,22.8,89.8,42.4,11.5,6.4,35.0,water_later
Potato,vegetative,30.1,80,loam,66.7,72.7,13.4,76.8,36.8,3.7,2.4,168.0,no_watering
Pepper,seedling,15.5,139,loam,76.1,16.7,35.9,88.9,49.7,1.0,10.4,34.0,water_later
Tomato,vegetative,14.3,99,loam,37.6,26.5,31.9,86.3,67.4,22.8,8.5,8.0,water_now
Pepper,vegetative,9.2,128,loam,48.4,58.9,21.6,80.7,13.0,20.4,3.8,35.0,water_later
Potato,vegetative,14.2,139,clay,65.4,45.2,21.3,66.2,52.6,8.4,2.8,168.0,no_watering
Pepper,flowering,14.2,46,sandy,39.6,74.3,17.6,35.2,47.4,1.1,3.4,12.0,water_now
Tomato,fruiting,11.7,41,sandy,43.6,15.2,30.3,87.7,20.3,15.0,5.0,10.0,water_now
Pepper,seedling,12.1,116,clay,98.8,1.4,35.2,83.9,6.6,16.6,7.3,168.0,no_watering
Pepper,flowering,12.6,85,sandy,38.8,38.4,29.1,61.4,61.3,1.0,3.9,10.0,water_now
Potato,fruiting,27.5,125,clay,54.9,87.5,26.0,40.4,6.9,23.3,3.2,59.0,no_watering
Potato,seedling,27.3,88,clay,56.1,168.0,26.5,71.1,56.9,14.4,5.9,168.0,no_watering
Tomato,flowering,20.0,50,loam,46.4,66.2,33.2,89.6,81.5,21.0,3.0,168.0,no_watering
Tomato,vegetative,13.6,36,clay,81.1,20.4,15.7,48.0,32.3,21.4,7.5,168.0,no_watering
Tomato,flowering,22.5,123,clay,42.5,45.0,22.0,71.7,55.9,5.3,5.6,18.0,water_later
Pepper,seedling,7.7,112,loam,38.5,68.5,27.2,51.2,2.2,24.8,8.2,11.0,water_now
Pepper,flowering,14.3,142,loam,39.9,28.1,15.8,92.1,36.4,5.2,9.6,11.0,water_now
Pepper,flowering,5.4,31,clay,51.2,27.2,24.8,46.1,22.5,17.6,6.2,34.0,water_later
Pepper,vegetative,15.2,83,clay,47.8,47.5,22.3,46.3,88.1,21.1,10.7,12.0,water_now
Potato,vegetative,25.2,114,clay,57.1,75.8,18.1,83.6,4.1,0.1,6.2,40.0,water_later
Tomato,flowering,18.3,95,clay,46.7,20.4,31.8,27.6,88.0,1.2,8.0,11.0,water_now
Tomato,fruiting,10.1,38,loam,97.2,0.7,27.5,47.9,81.3,0.8,9.0,31.0,water_later
Pepper,fruiting,14.7,24,loam,45.2,24.8,26.9,91.6,8.0,1.9,10.6,9.0,water_now
Pepper,vegetative,12.2,101,loam,44.2,24.1,21.2,34.9,50.0,6.2,10.5,10.0,water_now
Tomato,seedling,10.8,145,sandy,39.1,92.0,29.8,91.1,79.6,13.0,3.0,168.0,no_watering
Potato,fruiting,20.1,30,loam,79.0,12.4,15.7,37.5,58.5,21.9,7.9,168.0,no_watering
Potato,seedling,14.8,102,loam,61.9,44.1,16.9,40.7,36.2,3.4,10.3,38.0,water_later
Potato,vegetative,10.7,115,loam,57.5,17.9,25.3,66.5,45.4,14.3,9.7,12.0,water_now
Potato,fruiting,10.0,116,clay,47.2,26.4,18.0,55.7,27.2,18.2,10.7,11.0,water_now
Potato,flowering,30.8,119,loam,75.7,52.8,15.1,60.9,86.3,23.2,2.5,168.0,no_watering
Tomato,vegetative,14.4,30,sandy,66.8,44.2,29.0,47.0,10.5,7.4,2.4,66.0,no_watering
Potato,fruiting,18.2,104,clay,45.1,42.5,27.4,40.1,1.0,23.8,5.3,15.0,water_later
Potato,flowering,10.6,76,loam,45.9,27.9,26.3,50.9,72.6,16.4,10.4,15.0,water_later
Potato,flowering,31.1,136,sandy,59.3,18.7,18.0,74.2,11.7,2.3,5.8,13.0,water_later
Tomato,vegetative,18.8,136,loam,47.3,40.0,19.5,91.3,45.9,23.4,7.2,14.0,water_later
Potato,seedling,28.0,56,sandy,54.9,59.1,19.0,66.0,88.1,23.4,6.6,168.0,no_watering
Potato,seedling,23.2,41,clay,71.0,44.6,22.9,60.3,61.6,7.0,10.0,168.0,no_watering
Pepper,seedling,14.6,56,loam,58.7,84.7,36.0,48.6,21.1,23.0,7.1,110.0,no_watering
Tomato,vegetative,20.2,135,clay,94.9,3.5,16.9,68.8,68.5,19.5,11.3,168.0,no_watering
Tomato,flowering,10.8,55,clay,58.3,15.3,28.6,91.8,76.0,5.4,11.3,16.0,water_later
Pepper,fruiting,9.3,92,sandy,87.6,1.5,32.7,53.8,34.9,19.5,11.3,11.0,water_now
Tomato,seedling,16.6,92,loam,62.6,52.6,22.4,28.3,7.1,12.0,6.2,81.0,no_watering
Tomato,seedling,15.5,141,sandy,47.0,115.3,33.5,85.3,76.0,3.8,2.8,81.0,no_watering
Pepper,fruiting,11.2,69,clay,40.9,21.8,20.9,71.3,44.0,13.5,10.7,8.0,water_now
Tomato,vegetative,23.9,87,loam,68.6,41.3,15.8,62.8,61.6,13.4,2.9,168.0,no_watering
Tomato,fruiting,23.7,10,loam,80.5,10.8,29.1,58.5,31.9,1.0,6.9,41.0,water_later
Tomato,vegetative,15.0,86,loam,42.5,32.6,21.8,48.9,13.5,13.3,11.6,8.0,water_now
Tomato,seedling,11.1,21,loam,50.5,74.6,31.5,54.9,77.9,4.8,3.2,168.0,no_watering
Potato,fruiting,26.8,101,sandy,70.2,9.6,14.7,47.5,22.7,20.6,10.8,10.0,water_now
Tomato,flowering,20.9,31,sandy,62.2,11.7,25.3,78.6,31.5,12.2,9.3,12.0,water_now
Potato,vegetative,25.8,108,sandy,54.7,17.4,13.5,49.3,15.6,4.3,10.5,9.0,water_now
Tomato,seedling,17.7,6,loam,98.7,1.3,25.5,70.8,17.8,10.4,9.8,168.0,no_watering
Pepper,fruiting,12.7,115,loam,64.7,6.6,32.4,88.7,12.1,24.7,11.7,9.0,water_now
Tomato,fruiting,16.6,28,sandy,59.5,9.0,25.9,25.0,83.2,13.6,7.2,11.0,water_now
Potato,vegetative,18.0,123,clay,59.3,24.9,20.2,69.0,70.2,18.4,10.4,38.0,water_later
Pepper,seedling,12.6,66,sandy,78.2,19.0,29.0,81.6,80.0,12.0,6.7,78.0,no_watering
Potato,seedling,20.1,116,clay,37.3,168.0,28.1,34.3,5.4,1.5,6.5,14.0,water_later
Tomato,vegetative,16.5,25,loam,50.9,66.7,30.3,58.8,80.1,12.4,6.6,168.0,no_watering
Potato,fruiting,23.2,59,loam,74.2,32.8,22.9,62.8,45.9,13.4,4.6,156.0,no_watering
Pepper,vegetative,7.4,43,sandy,78.0,9.4,23.5,53.8,6.6,0.7,9.4,14.0,water_later
Potato,fruiting,18.3,88,sandy,41.5,25.0,18.1,35.9,57.5,3.9,6.2,10.0,water_now
Tomato,vegetative,20.4,76,loam,96.1,2.5,15.5,85.3,36.1,8.5,11.1,37.0,water_later
Potato,vegetative,25.1,75,loam,61.9,49.7,16.9,74.5,39.8,1.3,7.6,32.0,water_later
Pepper,fruiting,6.7,72,sandy,73.9,6.0,21.9,43.4,79.6,12.9,7.4,11.0,water_now
Potato,seedling,13.6,61,clay,66.2,67.5,28.4,62.9,80.7,14.1,11.7,57.0,no_watering
Pepper,seedling,8.1,81,loam,49.7,56.9,21.3,54.0,17.3,20.7,11.4,15.0,water_later
Tomato,flowering,11.0,134,sandy,70.6,42.5,15.0,46.2,19.4,14.6,4.1,37.0,water_later
Tomato,seedling,13.7,65,clay,70.8,85.0,28.6,67.0,62.7,11.9,10.1,168.0,no_watering
Pepper,vegetative,14.2,58,clay,93.7,6.2,23.4,76.2,2.0,18.1,5.4,158.0,no_watering
Pepper,vegetative,12.4,82,sandy,36.1,27.3,33.5,56.5,67.1,4.4,3.6,10.0,water_now
Pepper,fruiting,11.9,44,sandy,72.6,10.7,32.1,91.5,18.9,20.6,2.2,35.0,water_later
Potato,fruiting,18.4,39,sandy,67.9,10.6,18.4,37.6,23.1,11.9,8.8,13.0,water_later
Pepper,flowering,11.1,145,sandy,62.8,11.0,26.6,83.5,48.4,1.1,7.0,11.0,water_now
Pepper,flowering,8.3,25,sandy,76.4,6.8,20.3,39.3,1.9,18.4,7.7,16.0,water_later
Tomato,fruiting,8.3,40,clay,60.9,11.6,32.8,83.0,75.1,5.8,8.4,15.0,water_later
Pepper,vegetative,14.3,132,sandy,96.4,0.9,28.6,29.8,1.4,1.6,10.4,11.0,water_now
Tomato,vegetative,21.3,123,clay,80.8,34.8,28.8,40.5,82.8,23.8,5.5,168.0,no_watering
Potato,seedling,17.5,27,sandy,73.7,30.5,21.3,76.2,55.8,6.4,10.7,62.0,no_watering
Potato,fruiting,30.8,143,sandy,48.7,18.3,14.9,53.6,21.7,8.1,9.7,9.0,water_now
Tomato,seedling,22.0,133,loam,82.7,52.9,18.2,33.1,62.9,1.3,7.5,85.0,no_watering
Tomato,flowering,23.2,44,loam,36.4,32.4,25.3,81.2,81.4,13.8,6.5,10.0,water_now
Pepper,fruiting,6.4,9,clay,82.7,18.4,16.9,87.3,56.2,16.7,2.6,168.0,no_watering
Tomato,flowering,21.3,43,loam,66.8,16.4,21.5,84.3,10.0,8.1,7.9,38.0,water_later
Tomato,seedling,20.4,7,loam,79.5,49.2,30.0,77.5,53.0,19.7,2.5,168.0,no_watering
Potato,seedling,21.2,11,clay,63.9,168.0,12.1,39.4,43.2,9.2,4.5,168.0,no_watering
Potato,vegetative,27.9,8,clay,78.4,18.8,27.1,47.6,6.3,19.1,4.5,168.0,no_watering
Potato,vegetative,22.0,118,clay,43.9,31.7,28.9,58.7,14.0,6.7,9.7,11.0,water_now
Potato,seedling,25.8,13,sandy,56.0,101.4,19.9,34.8,2.8,20.9,6.9,56.0,no_watering
Pepper,seedling,10.6,102,loam,85.0,15.0,31.1,78.6,57.0,10.8,8.0,107.0,no_watering
Pepper,vegetative,12.8,63,sandy,79.9,8.4,20.7,56.5,22.4,13.6,7.7,16.0,water_later
Tomato,fruiting,15.6,101,sandy,44.2,25.6,19.5,37.3,70.7,24.1,4.3,15.0,water_later
Potato,flowering,12.7,20,clay,44.1,71.8,19.2,91.2,56.4,20.1,5.9,168.0,no_watering
Potato,flowering,14.9,139,clay,93.0,2.8,24.0,29.1,22.8,7.3,11.6,32.0,water_later
Potato,seedling,19.4,92,loam,84.6,58.8,15.1,61.6,35.3,19.4,4.9,168.0,no_watering
Pepper,fruiting,5.1,47,clay,75.4,7.8,21.1,46.5,0.9,13.7,11.1,17.0,water_later
Pepper,seedling,7.6,132,sandy,87.9,9.2,20.8,25.6,38.2,17.3,9.0,50.0,no_watering
Tomato,fruiting,20.2,116,clay,86.1,9.7,16.4,50.4,42.9,7.2,11.0,30.0,water_later
Tomato,flowering,20.5,36,sandy,86.3,5.0,19.5,42.8,87.7,10.6,9.2,38.0,water_later
Pepper,flowering,13.0,77,clay,36.4,60.1,19.3,42.2,45.9,0.7,11.2,7.0,water_now
Potato,fruiting,31.9,102,loam,40.3,23.7,18.7,54.2,29.1,2.4,11.5,8.0,water_now
Pepper,flowering,7.6,95,sandy,82.4,6.4,22.3,86.2,39.3,19.7,5.9,15.0,water_later
Tomato,vegetative,12.1,149,sandy,55.2,42.2,28.6,29.6,0.1,0.7,4.4,12.0,water_now
Tomato,seedling,20.6,37,loam,38.4,168.0,27.4,84.5,42.7,7.8,8.2,38.0,water_later
Pepper,flowering,7.1,122,clay,41.2,45.5,24.2,48.9,61.0,0.0,3.6,15.0,water_later
Potato,seedling,11.1,85,loam,89.8,14.7,14.6,31.8,75.8,17.5,6.9,168.0,no_watering
Potato,seedling,15.5,57,sandy,44.6,42.9,12.7,33.0,25.8,6.6,11.2,10.0,water_now
Pepper,fruiting,15.4,90,loam,87.2,1.9,35.1,40.6,10.7,20.6,11.6,10.0,water_now
Pepper,seedling,14.8,56,clay,69.7,94.7,34.8,35.1,15.1,4.1,5.4,133.0,no_watering
Tomato,fruiting,19.6,97,clay,92.8,10.5,15.1,83.0,73.8,23.7,2.8,168.0,no_watering
Potato,flowering,15.5,34,sandy,48.6,18.4,19.5,53.4,78.6,19.8,8.2,14.0,water_later
Tomato,flowering,14.6,26,sandy,36.0,27.7,28.4,62.2,61.1,10.0,3.4,36.0,water_later
Tomato,flowering,8.6,4,clay,91.6,4.0,28.7,60.0,16.9,21.3,8.2,168.0,no_watering
Pepper,fruiting,9.1,61,clay,99.3,0.5,25.3,34.8,60.0,19.0,6.1,80.0,no_watering
Tomato,fruiting,14.1,148,loam,82.1,15.6,19.8,45.1,59.9,24.7,6.8,37.0,water_later
Tomato,fruiting,17.6,148,sandy,74.3,11.5,27.0,81.6,67.9,13.7,5.0,15.0,water_later
Tomato,seedling,14.9,11,clay,60.0,154.7,33.9,71.9,41.2,21.2,5.0,168.0,no_watering
Pepper,seedling,6.9,97,loam,52.9,64.9,18.7,37.5,74.2,16.6,9.3,114.0,no_watering
Tomato,flowering,22.7,109,sandy,88.1,11.9,26.8,71.4,58.5,18.4,4.0,97.0,no_watering
Potato,flowering,23.8,115,clay,60.5,33.6,18.0,77.5,64.1,3.5,5.9,62.0,no_watering
Pepper,fruiting,13.4,56,sandy,45.7,20.0,19.7,27.3,78.6,12.7,5.1,10.0,water_now
Pepper,flowering,12.0,45,sandy,68.9,8.7,24.4,34.9,69.0,9.1,7.1,13.0,water_later
Pepper,flowering,11.8,135,clay,58.3,21.6,21.4,62.0,17.4,1.1,8.6,16.0,water_later
Tomato,fruiting,23.1,149,clay,71.2,26.0,23.7,44.9,50.3,22.6,2.1,168.0,no_watering
Pepper,flowering,6.2,132,sandy,96.8,2.2,26.4,39.3,77.1,18.3,3.4,62.0,no_watering
Potato,flowering,19.3,75,sandy,94.2,2.1,26.3,44.3,59.1,2.5,5.2,30.0,water_later
Pepper,seedling,7.0,84,clay,61.0,71.3,35.8,84.5,88.8,11.9,12.0,62.0,no_watering
Potato,flowering,25.7,71,clay,52.3,27.5,17.1,89.3,87.2,9.8,10.6,33.0,water_later
Tomato,seedling,14.2,44,loam,64.7,68.5,17.4,38.0,54.4,18.7,8.3,168.0,no_watering
Pepper,vegetative,15.3,120,sandy,77.9,19.2,17.6,94.8,26.6,13.3,6.7,27.0,water_later
Tomato,flowering,17.9,69,clay,77.7,15.8,22.7,54.6,14.8,6.5,10.4,32.0,water_later
Pepper,seedling,5.2,90,sandy,43.3,41.0,34.5,27.5,88.7,9.3,3.4,168.0,no_watering
Potato,flowering,19.6,123,sandy,64.5,21.0,16.9,85.0,48.3,2.6,4.1,29.0,water_later
Tomato,vegetative,10.8,17,sandy,67.7,17.8,33.1,54.1,55.3,20.7,2.0,168.0,no_watering
Tomato,fruiting,12.9,10,clay,81.5,21.8,22.6,61.5,79.7,3.5,5.8,168.0,no_watering
Tomato,fruiting,17.2,142,sandy,64.0,12.8,29.8,64.9,69.5,8.4,8.4,10.0,water_now
Potato,fruiting,15.1,58,loam,98.9,1.0,23.9,79.7,63.5,19.8,7.7,168.0,no_watering
Pepper,seedling,6.3,66,loam,80.7,24.4,28.5,70.6,64.8,1.4,3.2,168.0,no_watering
Pepper,flowering,13.2,59,sandy,94.0,1.9,23.4,75.0,34.5,9.1,7.2,23.0,water_later
Potato,flowering,31.7,91,clay,97.8,2.1,24.4,72.5,58.5,1.9,8.1,57.0,no_watering
Tomato,seedling,12.5,94,loam,56.6,108.6,19.3,65.2,81.3,11.7,6.0,168.0,no_watering
Tomato,fruiting,17.5,28,loam,57.4,20.9,22.2,77.3,56.1,2.7,7.6,16.0,water_later
Pepper,flowering,12.6,101,loam,65.8,19.2,28.8,81.4,33.1,14.8,9.4,12.0,water_now
Tomato,vegetative,14.6,55,loam,47.1,78.9,18.3,85.0,40.8,7.5,2.1,168.0,no_watering
Pepper,seedling,15.2,36,sandy,48.9,108.7,31.3,61.8,68.6,19.4,2.0,168.0,no_watering
Potato,flowering,23.9,55,clay,93.3,13.2,16.6,92.9,10.3,21.6,3.3,168.0,no_watering
Pepper,fruiting,6.1,115,sandy,88.1,1.4,31.8,32.7,38.8,6.5,10.8,8.0,water_now
Tomato,fruiting,18.6,95,loam,88.0,4.6,15.0,27.9,10.6,7.9,9.7,18.0,water_later
Tomato,flowering,20.0,81,clay,63.9,21.8,31.1,90.7,23.8,8.7,5.5,57.0,no_watering
Potato,fruiting,28.8,30,loam,86.1,7.2,20.4,58.8,49.1,7.4,8.0,62.0,no_watering
Potato,fruiting,18.3,135,sandy,38.5,22.9,27.9,63.2,65.2,18.5,5.4,13.0,water_later
Potato,vegetative,31.3,145,clay,67.9,30.0,26.0,77.0,64.9,5.6,4.9,107.0,no_watering
Pepper,flowering,6.6,135,clay,57.9,30.8,22.4,52.4,89.7,11.4,4.7,168.0,no_watering
Pepper,flowering,7.6,143,clay,96.2,1.4,22.9,58.1,44.6,9.7,11.3,39.0,water_later
Tomato,flowering,12.2,90,loam,64.8,25.4,25.8,50.0,35.9,6.9,9.7,12.0,water_now
Pepper,fruiting,7.5,132,loam,53.1,12.9,16.1,32.7,66.9,10.2,11.1,9.0,water_now
Tomato,fruiting,16.7,121,loam,84.2,6.7,19.0,80.7,30.0,21.1,8.8,17.0,water_later
Potato,seedling,16.7,45,clay,76.2,103.1,18.8,76.7,25.5,17.5,2.2,168.0,no_watering
Potato,vegetative,12.4,93,clay,51.1,51.8,21.9,72.9,10.1,17.5,10.8,13.0,water_later
Potato,flowering,19.3,115,loam,64.7,17.2,24.8,51.5,41.3,8.6,6.5,15.0,water_later
Tomato,seedling,22.4,65,loam,57.0,61.3,25.1,35.5,42.9,19.7,11.7,76.0,no_watering
Potato,flowering,18.5,21,loam,95.9,2.1,28.0,27.5,23.4,15.8,8.9,38.0,water_later
Pepper,vegetative,14.5,34,clay,77.2,44.9,20.4,83.5,33.2,19.9,3.9,168.0,no_watering
Pepper,flowering,14.8,96,clay,70.9,28.9,19.7,71.4,13.6,20.4,10.8,18.0,water_later
Pepper,fruiting,7.9,146,sandy,96.8,1.2,23.0,90.8,88.9,2.8,4.1,34.0,water_later
Tomato,seedling,19.0,103,loam,55.3,168.0,18.9,85.5,79.7,7.9,4.5,168.0,no_watering
Tomato,flowering,22.3,54,clay,44.5,39.4,18.1,73.4,20.6,6.9,8.1,14.0,water_later
Pepper,flowering,15.1,3,clay,90.5,4.2,34.6,91.9,86.2,5.2,6.3,168.0,no_watering
Potato,flowering,14.3,76,sandy,43.7,78.8,14.3,48.3,3.0,13.4,4.7,11.0,water_now
Potato,vegetative,27.3,14,loam,89.2,16.1,19.5,29.1,72.7,0.4,4.9,156.0,no_watering
Pepper,vegetative,5.9,121,sandy,53.7,31.4,21.3,82.3,54.9,13.0,5.6,13.0,water_later
Pepper,seedling,14.6,44,clay,90.6,11.3,35.0,83.5,82.3,14.3,7.5,168.0,no_watering
Tomato,fruiting,17.7,55,loam,83.9,12.0,25.3,94.7,12.9,1.8,2.1,106.0,no_watering
Tomato,flowering,21.1,79,sandy,52.2,17.0,17.2,94.3,26.0,7.6,9.2,9.0,water_now
Potato,seedling,14.4,12,clay,90.2,31.4,13.7,51.4,15.6,8.0,8.2,168.0,no_watering
Pepper,seedling,5.9,106,sandy,88.1,9.9,15.8,45.2,6.7,12.7,8.2,39.0,water_later
Pepper,seedling,10.6,59,clay,84.1,25.2,27.7,88.2,45.7,5.5,7.8,168.0,no_watering
Tomato,flowering,13.6,94,loam,82.6,7.8,22.4,61.6,21.0,11.6,8.0,36.0,water_later
Potato,fruiting,15.9,99,loam,47.6,65.4,13.6,41.1,58.9,24.8,5.8,168.0,no_watering
Pepper,vegetative,6.2,13,clay,99.3,0.4,31.0,63.5,5.2,8.1,6.1,154.0,no_watering
Potato,fruiting,30.8,44,loam,74.6,17.7,18.3,58.7,43.2,5.5,7.2,52.0,no_watering
Tomato,flowering,18.0,87,clay,54.5,28.3,29.9,25.6,25.4,16.1,8.5,13.0,water_later
Tomato,fruiting,18.3,68,sandy,89.5,12.7,16.5,52.6,54.5,4.4,3.0,60.0,no_watering
Tomato,vegetative,19.5,98,sandy,56.0,111.1,20.0,92.0,16.5,4.7,2.3,39.0,water_later
Pepper,vegetative,15.8,103,loam,70.1,17.6,26.4,77.4,54.5,19.9,10.3,14.0,water_later
Pepper,vegetative,11.6,105,sandy,51.0,13.8,35.4,31.0,67.3,4.2,6.3,9.0,water_now
Pepper,flowering,12.4,90,sandy,96.1,0.9,19.0,64.2,72.1,9.4,11.2,11.0,water_now
Tomato,vegetative,13.8,37,clay,87.3,11.7,26.0,90.1,62.4,16.8,5.9,168.0,no_watering
Potato,flowering,17.1,36,loam,46.0,54.3,25.7,91.6,5.1,19.7,4.9,48.0,water_later
Pepper,vegetative,11.4,49,clay,81.9,7.1,29.2,39.9,60.5,16.7,11.8,37.0,water_later
Pepper,flowering,5.1,73,sandy,37.0,33.0,15.4,82.2,64.0,23.7,3.9,10.0,water_now
Potato,fruiting,22.0,33,loam,79.8,21.8,17.5,74.6,72.7,18.0,2.7,168.0,no_watering
Pepper,seedling,7.7,91,sandy,42.0,52.9,32.9,83.7,65.5,10.8,4.7,109.0,no_watering
Pepper,fruiting,7.2,16,clay,46.8,26.3,20.4,35.4,36.8,5.0,6.2,36.0,water_later
Tomato,flowering,18.7,41,sandy,63.2,7.9,30.9,46.0,27.8,17.0,11.6,8.0,water_now
Pepper,fruiting,13.6,81,clay,82.9,7.8,24.3,49.7,52.8,1.5,6.9,38.0,water_later
Tomato,vegetative,20.7,70,clay,71.9,35.3,27.7,90.1,8.9,1.4,4.5,95.0,no_watering
Potato,seedling,14.3,64,loam,64.9,45.6,24.0,69.1,70.2,20.8,11.6,168.0,no_watering
Potato,seedling,15.0,18,clay,54.8,76.3,14.5,50.8,71.4,24.0,11.8,168.0,no_watering
Potato,seedling,16.1,40,loam,92.5,10.4,18.7,54.3,45.5,24.4,10.7,168.0,no_watering
Potato,fruiting,12.6,71,clay,61.5,26.9,15.7,80.0,35.5,3.4,8.8,37.0,water_later
Potato,flowering,24.3,131,clay,46.2,22.6,25.9,72.7,47.5,2.0,10.9,10.0,water_now
Tomato,vegetative,23.4,29,loam,69.3,51.3,19.6,79.4,76.3,20.2,4.0,168.0,no_watering
Pepper,vegetative,14.6,140,loam,55.0,21.5,25.4,81.8,64.4,16.1,9.5,12.0,water_now
Potato,seedling,12.2,142,sandy,73.5,27.3,17.9,46.0,69.8,12.3,6.3,168.0,no_watering
Pepper,flowering,13.7,123,clay,71.0,16.5,31.4,26.9,39.4,7.0,3.9,86.0,no_watering
Tomato,vegetative,22.0,33,clay,55.0,67.8,15.9,29.3,27.8,17.1,3.2,168.0,no_watering
Pepper,fruiting,14.4,13,sandy,90.8,3.3,21.3,79.8,31.1,14.8,6.4,36.0,water_later
Potato,fruiting,30.4,54,loam,74.9,17.9,24.5,55.0,56.7,18.7,4.6,168.0,no_watering
Pepper,vegetative,12.7,50,clay,97.0,1.3,32.7,67.0,48.4,21.1,9.8,168.0,no_watering
Tomato,flowering,23.8,113,sandy,61.1,15.0,22.1,66.1,55.7,20.2,6.2,12.0,water_now
Potato,flowering,23.5,72,loam,59.4,21.0,24.7,39.1,14.2,4.4,7.6,13.0,water_later
Tomato,fruiting,15.6,15,loam,40.0,34.1,33.4,94.7,13.5,21.9,4.2,12.0,water_now
Pepper,vegetative,14.7,50,sandy,68.4,11.7,24.0,27.9,9.1,17.2,7.6,14.0,water_later
Tomato,fruiting,13.1,80,sandy,77.9,4.9,27.1,25.3,34.8,3.1,6.6,11.0,water_now
Pepper,seedling,9.0,5,loam,80.9,21.9,33.2,91.9,88.1,14.3,8.2,168.0,no_watering
Tomato,seedling,10.9,102,sandy,69.8,32.9,24.5,69.5,79.0,19.4,5.4,168.0,no_watering
Potato,seedling,14.0,74,clay,80.3,47.8,18.5,40.7,77.1,5.2,7.5,168.0,no_watering
Potato,vegetative,15.1,83,clay,80.0,11.3,27.7,61.6,11.2,3.4,11.5,23.0,water_later
Tomato,seedling,9.8,77,loam,48.4,73.5,27.0,58.9,68.2,1.6,5.0,39.0,water_later
Tomato,flowering,14.7,110,loam,72.3,27.5,22.6,32.7,42.3,20.1,2.8,168.0,no_watering
Tomato,vegetative,21.3,118,sandy,53.4,31.9,20.7,83.6,64.3,21.2,10.8,9.0,water_now
Potato,seedling,10.0,78,clay,51.5,71.1,13.2,76.5,31.1,10.3,11.3,54.0,no_watering
Tomato,seedling,12.4,131,clay,48.5,51.2,31.4,36.4,87.0,2.4,9.1,33.0,water_later
Tomato,vegetative,9.1,61,clay,92.1,10.5,28.5,38.9,11.9,6.1,2.1,168.0,no_watering
Tomato,vegetative,14.0,23,loam,80.2,17.5,17.1,54.4,33.1,3.0,10.9,45.0,water_later
Tomato,flowering,12.1,96,clay,63.8,16.4,33.9,64.1,3.0,22.0,9.0,14.0,water_later
Potato,vegetative,25.5,38,clay,68.6,27.0,21.1,47.5,58.6,18.2,7.3,168.0,no_watering
Potato,vegetative,20.7,64,loam,89.4,7.1,17.9,82.6,40.8,11.7,9.8,42.0,water_later
Tomato,fruiting,10.4,7,clay,86.5,6.2,25.1,83.9,43.8,11.4,7.5,168.0,no_watering
Potato,vegetative,16.8,14,loam,53.6,35.1,21.3,38.3,31.2,8.2,11.0,38.0,water_later
Potato,seedling,15.3,77,loam,35.8,124.2,22.6,53.7,25.7,6.5,3.5,168.0,no_watering
Pepper,vegetative,12.3,133,sandy,99.0,0.6,32.2,48.3,54.6,16.2,4.6,37.0,water_later
Pepper,vegetative,5.2,69,sandy,36.6,45.8,22.2,52.0,15.7,19.4,2.8,11.0,water_now
Pepper,fruiting,15.4,44,sandy,58.7,8.0,28.1,48.9,39.3,3.6,7.9,10.0,water_now
Pepper,vegetative,10.7,47,sandy,84.2,7.8,23.0,42.6,82.4,6.7,5.2,62.0,no_watering
Potato,seedling,18.6,109,clay,83.6,18.1,24.3,46.4,10.2,22.7,11.7,62.0,no_watering
Potato,seedling,30.6,130,sandy,98.9,3.0,12.5,61.3,69.1,10.0,7.9,160.0,no_watering
Tomato,vegetative,13.8,84,clay,90.9,4.8,31.2,73.9,11.3,17.8,9.2,39.0,water_later
Pepper,flowering,8.9,98,loam,57.3,26.8,30.4,89.1,2.2,5.5,4.1,15.0,water_later
Potato,seedling,15.7,108,sandy,57.7,65.8,18.7,86.0,7.2,14.8,12.0,13.0,water_later
Pepper,vegetative,12.2,91,loam,40.8,66.9,15.9,32.2,29.4,13.7,2.9,24.0,water_later
Potato,seedling,28.0,64,clay,42.9,118.8,18.3,34.6,87.9,0.7,10.7,25.0,water_later
Potato,flowering,18.1,145,loam,82.2,6.1,17.9,26.0,62.4,15.6,11.5,14.0,water_later
Tomato,vegetative,9.2,59,clay,82.5,7.6,31.2,69.4,67.6,15.9,10.4,134.0,no_watering
Tomato,flowering,21.0,100,loam,97.5,2.7,19.3,76.6,74.0,23.6,2.7,168.0,no_watering
Potato,vegetative,26.4,48,sandy,66.9,9.5,26.7,40.6,38.5,9.6,9.2,11.0,water_now
Pepper,seedling,9.0,80,sandy,60.3,43.4,27.7,39.2,1.9,21.0,10.0,12.0,water_now
Potato,fruiting,28.1,90,sandy,59.1,39.0,14.6,61.2,83.8,11.1,7.4,16.0,water_later
Pepper,vegetative,7.7,36,sandy,60.7,13.2,20.0,30.7,81.8,17.8,10.2,16.0,water_later
Potato,seedling,14.7,33,sandy,57.9,56.9,12.8,40.9,8.5,5.2,11.1,18.0,water_later
Pepper,vegetative,5.1,35,clay,71.6,37.5,18.2,63.1,50.8,11.5,2.1,168.0,no_watering
Pepper,flowering,13.0,58,clay,58.3,24.6,32.6,85.6,41.0,22.3,4.4,61.0,no_watering
Pepper,fruiting,7.8,58,clay,66.1,9.1,27.7,26.4,18.3,1.3,10.3,13.0,water_later
Tomato,fruiting,8.5,137,clay,91.7,5.2,30.4,94.4,40.1,23.5,9.1,40.0,water_later
Potato,flowering,23.5,96,loam,97.0,1.0,26.8,88.2,56.8,16.6,10.2,37.0,water_later
Tomato,vegetative,18.0,127,sandy,99.7,0.3,15.0,42.1,59.6,21.1,9.4,34.0,water_later
Pepper,seedling,7.6,46,clay,54.5,90.3,27.4,50.7,1.2,7.3,7.2,69.0,no_watering
Potato,flowering,26.0,135,clay,83.1,20.6,20.4,46.9,83.3,3.0,2.1,168.0,no_watering
Potato,vegetative,11.2,109,sandy,64.3,28.1,24.2,77.2,21.8,2.9,6.7,12.0,water_now
Potato,vegetative,25.8,108,loam,87.0,12.9,19.5,79.7,75.0,8.0,3.8,168.0,no_watering
Potato,vegetative,10.7,61,clay,43.0,80.4,20.5,90.5,76.7,12.0,2.5,168.0,no_watering
Tomato,seedling,17.1,54,sandy,91.3,7.3,15.9,33.5,49.1,4.4,9.8,55.0,no_watering
Pepper,flowering,15.3,132,loam,68.4,23.5,20.9,66.9,44.2,15.9,5.1,35.0,water_later
Tomato,vegetative,10.3,20,loam,50.0,69.9,26.8,52.2,83.3,16.2,4.0,38.0,water_later
Tomato,flowering,10.5,65,loam,64.1,17.4,25.7,68.9,89.0,22.8,9.3,13.0,water_later
Pepper,seedling,13.5,112,clay,48.9,168.0,15.2,63.7,8.0,20.9,5.2,97.0,no_watering
Potato,fruiting,23.3,1,sandy,55.5,26.5,24.6,84.1,14.2,17.1,3.3,137.0,no_watering
Potato,flowering,29.3,134,loam,66.1,28.5,14.5,91.3,37.7,16.8,5.0,38.0,water_later
Pepper,seedling,11.8,120,loam,56.2,37.1,25.1,31.1,64.1,21.9,11.4,168.0,no_watering
Tomato,fruiting,21.0,6,sandy,36.5,29.4,17.1,43.3,49.6,20.8,7.5,9.0,water_now
Tomato,fruiting,17.4,52,clay,99.4,0.3,20.7,50.8,82.8,6.1,8.7,63.0,no_watering
Pepper,vegetative,5.1,89,clay,37.6,30.7,33.8,70.0,0.0,6.4,8.7,8.0,water_now
Tomato,flowering,13.4,12,sandy,93.6,4.0,20.8,46.3,33.6,19.0,9.0,63.0,no_watering
Tomato,flowering,17.7,143,sandy,64.3,23.9,17.0,36.4,3.0,16.9,4.2,15.0,water_later
Pepper,vegetative,7.8,112,sandy,73.1,20.4,19.0,70.8,48.4,0.5,4.8,34.0,water_later
Pepper,fruiting,11.7,54,loam,70.3,14.3,26.6,83.2,19.3,23.7,7.5,15.0,water_later
Tomato,seedling,21.8,97,loam,89.9,34.9,23.5,71.2,61.2,5.4,5.6,168.0,no_watering
Potato,seedling,13.2,124,sandy,78.3,26.3,21.6,90.4,15.9,16.5,6.1,99.0,no_watering
Pepper,seedling,8.9,80,loam,53.7,81.2,23.3,29.8,61.2,20.6,9.1,168.0,no_watering
Pepper,flowering,10.9,94,sandy,48.2,19.4,31.0,62.0,14.2,13.4,7.5,9.0,water_now
Tomato,vegetative,10.9,81,loam,66.9,33.8,18.8,72.1,70.2,22.9,10.4,168.0,no_watering
Potato,seedling,18.3,50,clay,78.3,40.3,12.9,25.4,67.4,18.3,8.7,168.0,no_watering
Tomato,vegetative,18.6,58,clay,98.8,2.2,15.9,55.2,63.2,22.8,3.1,168.0,no_watering
Tomato,seedling,16.2,86,clay,71.4,64.0,20.5,45.0,47.5,24.5,5.2,168.0,no_watering
Potato,flowering,19.9,19,sandy,83.3,4.4,22.5,70.0,85.1,10.6,10.3,54.0,no_watering
Tomato,vegetative,13.0,119,loam,92.0,4.3,21.3,94.7,47.8,8.2,11.9,29.0,water_later
Tomato,flowering,19.7,106,clay,93.4,3.9,33.7,48.1,14.8,23.7,11.4,17.0,water_later
Potato,vegetative,21.8,141,sandy,46.4,39.4,18.1,37.4,31.8,13.4,2.9,13.0,water_later
Pepper,vegetative,15.2,64,sandy,87.2,9.2,21.2,57.7,68.3,3.0,3.0,62.0,no_watering
Pepper,vegetative,11.2,58,loam,35.8,75.5,15.9,37.4,37.9,8.1,7.4,13.0,water_later
Potato,vegetative,15.1,79,sandy,56.8,39.3,20.6,80.8,28.2,13.1,4.4,14.0,water_later
Potato,flowering,17.2,127,clay,85.0,23.5,27.2,74.4,52.4,3.4,5.8,64.0,no_watering
Potato,flowering,26.7,80,sandy,61.1,16.5,17.2,59.3,78.3,3.2,6.4,13.0,water_later
Potato,vegetative,11.0,127,loam,73.8,15.4,15.2,29.0,29.2,2.9,8.4,31.0,water_later
Tomato,fruiting,13.3,3,loam,70.2,18.5,17.9,45.0,64.1,17.4,3.6,168.0,no_watering
Pepper,fruiting,15.6,102,loam,50.8,37.0,17.3,86.6,36.3,8.7,4.9,33.0,water_later
Tomato,seedling,8.4,8,loam,99.8,0.3,28.6,57.3,41.9,2.7,11.6,135.0,no_watering
Pepper,vegetative,15.0,103,clay,43.5,43.1,28.9,79.7,59.1,7.5,5.9,15.0,water_later
Potato,vegetative,28.7,47,loam,42.1,59.3,24.3,67.7,89.5,7.5,2.6,168.0,no_watering
Potato,fruiting,19.1,128,sandy,41.0,25.0,21.1,91.2,14.1,16.5,7.5,9.0,water_now
Potato,fruiting,11.9,5,sandy,53.5,12.0,19.4,73.3,83.2,8.6,11.8,14.0,water_later
Tomato,vegetative,11.5,17,loam,57.9,21.2,18.8,93.7,79.2,10.2,12.0,34.0,water_later
Tomato,seedling,22.3,116,sandy,57.8,65.1,24.2,39.2,49.4,20.3,10.2,12.0,water_now
Pepper,vegetative,13.8,60,loam,87.3,8.9,24.7,80.5,0.8,24.6,5.8,61.0,no_watering
Tomato,vegetative,19.2,40,loam,87.3,12.5,32.7,79.1,12.0,3.4,4.5,85.0,no_watering
Potato,fruiting,12.4,127,clay,39.8,78.7,16.4,71.9,20.7,18.0,3.0,157.0,no_watering
Pepper,flowering,12.1,121,sandy,80.8,8.2,17.6,30.9,80.2,10.4,4.8,61.0,no_watering
Pepper,vegetative,11.7,86,loam,76.5,11.4,29.4,59.7,52.7,4.3,6.9,34.0,water_later
Potato,vegetative,30.1,90,sandy,65.0,21.2,15.8,52.6,50.5,23.2,5.2,37.0,water_later
Tomato,flowering,20.3,79,loam,43.5,75.8,31.8,79.7,54.8,8.2,3.0,13.0,water_later
Tomato,seedling,19.4,70,clay,38.9,109.6,22.5,85.2,40.5,15.2,7.9,168.0,no_watering
Pepper,flowering,9.1,121,clay,67.0,32.5,23.2,59.5,5.1,3.3,6.4,36.0,water_later
Pepper,seedling,14.0,89,loam,92.9,7.2,30.9,49.2,72.2,22.1,10.8,168.0,no_watering
Potato,fruiting,21.8,4,loam,96.8,3.7,15.4,25.5,80.2,10.1,3.8,168.0,no_watering
Tomato,seedling,20.5,15,clay,48.6,136.3,15.6,85.8,60.6,20.1,5.9,168.0,no_watering
Pepper,seedling,8.7,45,loam,95.4,7.3,34.5,84.6,1.5,4.9,3.0,168.0,no_watering
Potato,seedling,12.0,84,clay,96.0,11.8,13.0,91.3,15.1,4.0,4.8,168.0,no_watering
Tomato,vegetative,15.2,134,clay,65.2,42.0,25.0,27.6,45.2,13.0,3.2,168.0,no_watering
Tomato,seedling,10.0,129,clay,63.7,44.7,22.0,70.4,70.5,24.1,11.2,168.0,no_watering
Tomato,flowering,17.3,2,clay,76.6,55.9,17.4,86.8,22.8,8.4,2.4,168.0,no_watering
Potato,fruiting,30.4,61,loam,75.2,9.5,19.0,58.2,80.3,8.3,11.9,17.0,water_later
Potato,vegetative,30.1,101,clay,71.2,55.1,23.7,68.2,37.0,0.0,7.5,41.0,water_later
Tomato,fruiting,20.0,109,clay,72.6,28.6,23.4,75.0,15.1,22.6,9.0,22.0,water_later
Pepper,fruiting,6.0,38,sandy,53.3,15.5,30.6,46.1,65.7,11.7,6.3,10.0,water_now
Potato,fruiting,17.9,135,sandy,69.6,20.3,24.5,89.6,49.0,22.0,6.7,13.0,water_later
Potato,flowering,19.9,6,loam,62.7,14.4,22.1,80.8,30.1,1.0,10.2,32.0,water_later
Pepper,flowering,13.0,59,clay,93.8,3.1,23.9,76.5,77.8,13.9,8.9,106.0,no_watering
Potato,vegetative,21.1,36,clay,42.9,57.2,20.5,92.3,54.7,16.2,8.5,130.0,no_watering
Pepper,vegetative,14.5,26,loam,68.8,19.1,23.8,35.7,55.9,7.9,8.1,39.0,water_later
Pepper,flowering,11.1,134,sandy,82.9,16.7,26.6,51.8,4.4,8.9,3.5,34.0,water_later
Pepper,flowering,8.9,65,clay,92.4,15.7,16.8,74.8,48.5,7.1,2.3,168.0,no_watering
Pepper,vegetative,6.8,123,loam,72.9,8.9,26.7,30.4,15.5,24.8,10.9,12.0,water_now
Pepper,fruiting,9.7,79,sandy,77.8,9.2,30.0,30.6,69.8,13.4,2.4,20.0,water_later
Pepper,vegetative,13.7,80,sandy,74.6,25.3,15.1,55.2,79.6,20.7,5.2,168.0,no_watering
Potato,seedling,30.9,103,sandy,78.2,38.4,28.8,28.6,85.4,5.4,4.6,105.0,no_watering
Potato,fruiting,21.5,83,clay,40.1,32.2,28.9,82.1,6.8,17.9,11.8,8.0,water_now
Tomato,flowering,14.6,39,clay,68.3,36.2,18.0,25.1,13.7,2.9,10.1,35.0,water_later
Tomato,flowering,12.4,20,clay,83.8,8.0,31.2,69.1,36.1,19.5,6.4,168.0,no_watering
Tomato,fruiting,18.0,76,loam,35.4,96.4,30.2,63.3,78.8,20.3,2.0,168.0,no_watering
Potato,vegetative,29.0,30,sandy,57.3,11.0,23.8,25.6,84.2,24.0,11.2,14.0,water_later
Pepper,fruiting,8.7,127,loam,48.9,10.2,32.8,79.0,46.4,13.0,10.0,7.0,water_now
Pepper,fruiting,14.6,26,sandy,83.0,9.7,23.0,76.3,78.1,4.4,2.5,110.0,no_watering
Potato,flowering,29.3,106,clay,38.2,35.2,13.6,49.8,64.7,21.9,10.8,9.0,water_now
Tomato,vegetative,8.7,43,sandy,48.0,16.7,27.7,87.8,69.1,3.1,8.8,9.0,water_now
Potato,flowering,22.5,101,loam,63.7,19.8,25.5,67.5,27.2,0.6,8.8,13.0,water_later
Tomato,seedling,23.5,33,sandy,61.6,34.8,33.7,93.0,87.3,23.3,4.9,168.0,no_watering
Tomato,fruiting,9.5,17,loam,64.0,21.9,27.3,86.6,84.1,20.5,7.7,168.0,no_watering
Pepper,fruiting,8.3,42,clay,46.8,12.3,32.7,27.9,43.3,16.6,10.0,9.0,water_now
Potato,fruiting,12.5,30,sandy,35.2,42.1,24.0,29.2,32.3,18.1,4.7,9.0,water_now
Pepper,vegetative,15.1,26,loam,76.7,11.9,18.9,69.8,19.3,0.4,10.4,37.0,water_later
Tomato,flowering,10.1,72,sandy,89.6,5.9,25.5,29.6,81.4,20.9,9.6,34.0,water_later
Potato,vegetative,11.2,1,sandy,65.9,12.2,12.4,32.0,18.6,10.4,10.2,35.0,water_later
Potato,vegetative,15.9,4,sandy,54.6,26.2,25.7,53.0,76.1,8.7,3.2,111.0,no_watering
Tomato,fruiting,19.0,8,clay,52.8,14.9,34.0,78.7,87.6,2.5,8.2,33.0,water_later
Potato,fruiting,15.7,122,clay,99.2,1.2,23.7,42.8,37.3,20.9,6.7,168.0,no_watering
Pepper,fruiting,9.2,26,sandy,49.9,15.0,22.2,42.9,12.1,23.5,11.5,8.0,water_now
Pepper,flowering,13.4,11,sandy,88.0,4.8,31.3,58.4,50.0,11.4,3.8,70.0,no_watering
Potato,flowering,26.7,132,sandy,64.4,13.5,22.1,28.5,13.6,9.1,5.5,13.0,water_later
Potato,flowering,26.8,87,loam,36.5,32.3,25.0,78.0,77.6,9.1,11.1,6.0,water_now
Potato,flowering,20.9,85,sandy,66.5,11.0,20.6,54.2,48.6,22.7,7.7,12.0,water_now
Tomato,seedling,23.9,122,sandy,90.7,14.1,26.6,64.6,72.5,11.3,10.6,30.0,water_later
Pepper,vegetative,5.1,100,loam,82.3,9.0,19.1,75.9,87.5,16.1,9.3,168.0,no_watering
Tomato,seedling,20.0,131,loam,37.0,113.7,15.5,74.1,40.0,3.0,9.1,11.0,water_now
Potato,flowering,18.6,31,clay,74.7,41.1,16.6,71.7,67.9,20.6,6.7,168.0,no_watering
Tomato,seedling,12.7,96,clay,95.0,11.4,24.8,70.7,87.1,12.0,10.7,168.0,no_watering
Potato,fruiting,30.2,127,clay,49.4,61.7,23.6,73.2,21.4,12.0,9.7,13.0,water_later
Pepper,vegetative,10.7,107,loam,86.4,15.9,22.5,66.7,62.6,10.4,8.1,88.0,no_watering
Tomato,vegetative,20.6,66,sandy,92.3,3.6,15.3,45.8,87.5,8.4,8.6,36.0,water_later
Tomato,vegetative,8.6,67,sandy,58.4,22.0,31.3,73.4,75.7,0.4,5.6,12.0,water_now
Pepper,vegetative,9.2,16,clay,87.9,15.7,28.1,87.8,32.1,23.7,2.1,168.0,no_watering
Potato,vegetative,15.1,74,loam,73.0,25.1,20.6,29.9,2.9,5.2,2.9,83.0,no_watering
Tomato,seedling,21.3,6,clay,59.8,118.8,16.1,60.4,47.7,0.6,11.3,131.0,no_watering
Potato,seedling,12.9,59,clay,36.9,168.0,26.5,86.9,15.9,9.0,3.1,88.0,no_watering
Pepper,flowering,12.3,20,sandy,67.6,15.2,25.6,65.8,64.0,7.4,8.6,13.0,water_later
Pepper,fruiting,9.5,11,clay,98.1,0.8,26.1,93.3,31.9,6.3,7.8,161.0,no_watering
Pepper,fruiting,6.4,3,sandy,85.1,4.5,19.2,46.2,46.4,0.5,5.5,43.0,water_later
Tomato,flowering,16.2,116,clay,47.2,25.2,19.3,83.7,7.1,19.7,11.9,11.0,water_now
Tomato,vegetative,15.1,60,sandy,68.9,22.2,26.6,45.2,27.7,4.1,9.9,11.0,water_now
Tomato,flowering,16.3,6,loam,63.5,42.0,15.1,65.9,19.7,6.3,9.8,37.0,water_later
Potato,fruiting,16.2,122,sandy,49.7,34.5,27.1,80.7,11.5,8.4,3.1,35.0,water_later
Potato,seedling,16.7,116,clay,73.1,83.3,13.2,27.7,46.3,4.4,10.9,105.0,no_watering
Potato,seedling,30.7,147,clay,59.5,117.0,14.1,74.9,89.9,13.2,5.0,168.0,no_watering
Potato,vegetative,19.8,83,sandy,54.4,48.2,14.4,45.0,21.4,24.4,4.3,14.0,water_later
Pepper,seedling,5.7,72,clay,94.0,6.5,34.5,36.0,89.9,13.8,10.5,168.0,no_watering
Pepper,seedling,14.7,65,sandy,97.8,2.7,30.3,33.9,2.2,23.7,2.5,133.0,no_watering
Pepper,fruiting,8.1,54,sandy,76.9,6.5,28.0,87.7,52.1,6.0,8.4,11.0,water_now
Potato,flowering,21.9,110,sandy,62.1,35.4,12.5,73.2,79.3,17.4,3.8,44.0,water_later
Pepper,seedling,7.2,98,sandy,71.6,28.5,19.2,35.2,54.5,22.7,3.8,168.0,no_watering
Pepper,fruiting,12.9,9,loam,82.0,11.3,15.3,80.3,36.3,19.7,4.6,168.0,no_watering
Pepper,fruiting,15.1,63,sandy,42.9,12.8,24.9,31.5,80.0,20.2,7.3,8.0,water_now
Pepper,flowering,6.7,7,sandy,52.5,11.0,22.3,93.8,45.4,19.8,10.9,10.0,water_now
Pepper,fruiting,8.8,59,clay,37.1,73.6,20.7,42.2,27.2,21.0,7.6,10.0,water_now
Pepper,seedling,5.7,46,sandy,36.5,31.8,28.6,44.1,66.9,23.2,11.0,7.0,water_now
Tomato,vegetative,20.3,146,sandy,85.7,3.9,28.8,56.0,30.7,19.3,10.1,11.0,water_now
Tomato,fruiting,9.7,75,clay,41.6,14.7,28.7,49.4,88.7,3.7,11.5,7.0,water_now
Potato,fruiting,17.4,13,loam,79.8,13.9,13.7,28.5,73.2,16.2,7.5,73.0,no_watering
Pepper,vegetative,9.5,45,sandy,60.7,22.0,26.8,41.4,76.4,6.9,4.2,18.0,water_later
Potato,vegetative,16.6,134,clay,44.3,121.1,17.0,56.1,38.9,0.9,3.4,55.0,no_watering
Pepper,seedling,14.5,122,clay,80.7,48.3,26.1,67.6,78.9,12.5,8.1,168.0,no_watering
Pepper,vegetative,10.0,33,sandy,87.9,12.2,20.3,34.3,80.8,24.1,7.3,168.0,no_watering
Potato,fruiting,13.4,117,loam,80.5,9.5,19.2,51.4,9.5,19.6,8.8,24.0,water_later
Tomato,fruiting,23.0,47,sandy,76.3,4.3,28.6,41.5,84.1,19.5,8.7,10.0,water_now
Potato,flowering,10.8,3,loam,63.4,21.0,22.8,50.4,25.3,13.8,4.5,153.0,no_watering
Tomato,seedling,15.0,126,loam,48.8,83.8,17.0,93.7,50.0,19.5,8.7,33.0,water_later
Tomato,vegetative,23.7,28,loam,88.9,14.6,23.2,46.8,3.0,24.2,4.0,168.0,no_watering
Potato,seedling,20.8,62,sandy,84.8,36.4,14.0,55.4,45.9,14.0,2.5,168.0,no_watering
Potato,vegetative,14.1,33,sandy,63.8,15.4,15.5,32.2,75.0,11.9,7.6,33.0,water_later
Pepper,seedling,6.3,118,sandy,87.5,11.0,19.9,86.4,8.9,7.6,11.1,31.0,water_later
Tomato,vegetative,12.1,21,sandy,65.8,12.7,28.5,26.0,81.2,22.5,5.9,168.0,no_watering
Pepper,flowering,5.3,44,sandy,65.8,22.9,20.2,43.2,37.6,6.9,5.3,14.0,water_later
Pepper,fruiting,7.2,9,loam,79.3,11.2,26.4,94.9,76.3,16.5,3.3,168.0,no_watering
Potato,fruiting,27.8,142,loam,79.8,9.8,22.9,59.3,35.8,24.0,8.3,35.0,water_later
Tomato,fruiting,17.2,13,sandy,55.0,12.0,28.4,87.1,78.9,23.5,6.0,12.0,water_now
Potato,fruiting,10.3,44,sandy,35.5,34.2,22.4,75.3,61.4,5.2,7.2,8.0,water_now
Tomato,fruiting,23.8,8,loam,82.6,10.2,26.7,68.3,19.2,10.1,2.9,168.0,no_watering
Tomato,flowering,15.6,90,loam,73.7,8.4,28.4,45.6,2.9,7.0,8.9,13.0,water_later
Tomato,seedling,8.3,9,sandy,47.6,60.7,24.5,88.6,18.1,7.2,2.2,168.0,no_watering
Potato,vegetative,12.7,128,loam,40.4,30.5,22.9,78.7,76.6,10.6,8.4,12.0,water_now
Potato,flowering,23.3,62,sandy,40.6,22.4,22.1,30.5,80.4,11.5,7.6,10.0,water_now
Tomato,flowering,16.8,73,clay,61.2,20.3,27.5,94.0,26.2,6.4,8.3,18.0,water_later
Potato,flowering,15.8,25,clay,64.5,23.1,25.0,43.3,36.5,24.7,5.5,168.0,no_watering
Tomato,seedling,22.5,121,clay,63.6,71.9,17.5,44.5,36.5,20.2,10.6,168.0,no_watering
Pepper,vegetative,11.0,76,sandy,73.8,13.5,25.8,70.8,23.3,8.9,5.4,16.0,water_later
Pepper,vegetative,9.9,117,sandy,66.5,46.4,18.6,36.2,49.5,1.0,3.5,36.0,water_later
Pepper,vegetative,13.8,40,sandy,48.6,11.5,34.6,77.3,57.2,14.4,9.8,9.0,water_now
Pepper,flowering,12.5,115,loam,70.2,12.1,35.6,45.2,39.3,7.9,3.6,36.0,water_later
Potato,fruiting,11.1,126,clay,69.9,36.0,17.0,36.4,76.4,3.7,3.2,168.0,no_watering
Potato,flowering,22.0,68,sandy,61.9,12.4,13.8,39.2,63.8,23.5,11.0,16.0,water_later
Potato,seedling,28.6,76,sandy,74.8,59.5,18.2,67.2,80.4,18.3,2.2,168.0,no_watering
Tomato,seedling,10.0,11,clay,97.4,6.8,24.2,60.5,53.7,3.1,2.7,168.0,no_watering
Pepper,seedling,8.2,5,loam,36.4,79.7,15.9,55.9,89.4,19.8,9.9,168.0,no_watering
Tomato,flowering,19.4,134,sandy,66.1,25.5,16.7,25.7,40.9,13.8,6.5,12.0,water_now
Potato,fruiting,29.0,41,clay,90.7,6.6,25.0,86.8,18.5,14.3,8.8,83.0,no_watering
Potato,vegetative,31.8,90,sandy,84.5,6.2,23.5,36.6,87.6,6.1,6.7,16.0,water_later
Pepper,fruiting,12.1,11,clay,95.3,1.3,30.3,25.2,67.0,14.8,9.4,65.0,no_watering
Potato,seedling,26.1,148,loam,94.1,14.6,17.3,61.0,21.7,4.0,5.8,168.0,no_watering
Tomato,flowering,10.9,45,clay,55.7,35.6,32.3,47.3,32.4,13.1,2.9,61.0,no_watering
Tomato,seedling,16.9,18,clay,75.9,26.5,32.0,86.3,10.8,19.8,9.5,130.0,no_watering
Potato,seedling,16.2,67,clay,50.6,108.8,14.2,67.6,42.8,1.3,6.9,108.0,no_watering
Pepper,seedling,9.1,47,clay,50.0,118.4,22.7,79.9,58.1,24.7,5.0,168.0,no_watering
Tomato,fruiting,9.2,51,sandy,56.2,9.7,31.7,47.6,87.9,0.3,6.1,10.0,water_now
Pepper,flowering,15.6,85,sandy,38.1,21.2,34.2,28.6,21.8,3.4,2.7,12.0,water_now
Pepper,fruiting,7.2,121,sandy,78.6,5.1,15.2,28.2,81.5,21.6,9.0,11.0,water_now
Potato,vegetative,17.0,81,clay,78.2,13.2,27.1,63.7,17.5,5.0,8.1,38.0,water_later
Potato,vegetative,20.6,71,loam,38.4,57.4,28.4,53.5,26.8,24.9,3.7,12.0,water_now
Potato,flowering,29.8,149,loam,36.5,30.0,20.5,42.9,77.8,6.6,7.5,9.0,water_now
Pepper,seedling,8.4,83,sandy,54.6,53.3,28.8,89.5,66.0,14.1,2.7,58.0,no_watering
Pepper,fruiting,14.1,145,loam,64.7,20.4,30.3,41.3,38.3,22.3,4.4,14.0,water_later
Tomato,flowering,9.9,7,loam,78.7,5.1,31.9,56.4,61.1,7.9,10.3,38.0,water_later
Pepper,seedling,12.0,113,loam,53.1,35.3,31.5,81.4,79.6,7.7,11.2,17.0,water_later
Pepper,vegetative,14.3,140,clay,67.7,22.8,17.5,90.0,30.2,11.0,10.7,57.0,no_watering
Pepper,vegetative,13.9,58,sandy,97.7,2.6,26.7,65.7,28.6,18.3,3.2,85.0,no_watering
Pepper,vegetative,7.7,34,sandy,84.2,7.4,20.3,34.7,5.6,14.1,8.2,22.0,water_later
Tomato,fruiting,22.4,112,loam,76.1,11.7,22.0,69.7,3.7,1.3,8.3,14.0,water_later
Potato,vegetative,18.5,3,clay,67.5,29.6,27.5,48.7,85.2,18.7,4.9,168.0,no_watering
Potato,flowering,12.3,74,sandy,68.7,31.5,17.4,42.7,73.8,24.9,3.7,168.0,no_watering
Tomato,vegetative,9.0,33,loam,80.2,17.0,18.8,32.6,8.9,0.9,4.2,106.0,no_watering
Tomato,seedling,17.5,124,loam,81.5,27.2,23.0,83.3,28.8,6.4,8.3,65.0,no_watering
Pepper,vegetative,10.6,148,sandy,96.7,1.1,26.6,80.0,65.5,22.7,9.7,18.0,water_later
Tomato,seedling,18.1,138,loam,89.1,36.2,16.6,35.8,89.1,4.3,3.4,168.0,no_watering
Pepper,fruiting,13.9,23,sandy,89.8,1.3,34.6,74.2,88.8,10.5,10.1,11.0,water_now
Tomato,vegetative,17.9,58,sandy,41.3,26.3,22.7,39.5,27.9,13.6,6.7,9.0,water_now
Potato,seedling,12.4,95,sandy,54.2,34.1,16.7,41.8,39.0,5.4,10.0,14.0,water_later
Tomato,flowering,9.1,65,clay,68.6,19.0,26.9,27.6,25.8,6.8,4.8,60.0,no_watering
Tomato,flowering,21.4,20,loam,63.7,14.4,29.8,80.9,1.4,1.8,8.5,20.0,water_later
Tomato,vegetative,17.8,38,clay,62.6,55.2,20.8,57.0,62.4,13.7,2.8,168.0,no_watering
Pepper,flowering,8.0,24,clay,94.3,4.2,29.9,27.5,54.7,8.1,6.4,153.0,no_watering
Potato,fruiting,13.1,107,sandy,89.7,7.0,15.2,72.5,71.5,18.7,4.2,60.0,no_watering
Tomato,flowering,21.5,2,sandy,68.7,33.4,20.1,53.0,61.7,21.5,5.8,168.0,no_watering
Pepper,fruiting,13.1,27,loam,77.5,5.9,27.9,82.7,77.2,9.4,11.7,16.0,water_later
Potato,seedling,19.7,84,loam,54.7,44.7,28.4,30.6,55.4,7.7,7.3,36.0,water_later
Pepper,seedling,13.2,111,clay,88.4,22.2,25.3,50.3,36.5,7.3,5.8,168.0,no_watering
Tomato,flowering,20.3,30,clay,67.8,32.5,17.3,61.3,22.7,23.2,4.2,168.0,no_watering
Pepper,vegetative,10.0,51,loam,43.6,43.3,34.2,64.2,63.0,9.7,3.9,14.0,water_later
Pepper,fruiting,11.7,19,sandy,57.4,17.2,33.8,86.0,57.9,7.2,3.4,36.0,water_later
Tomato,seedling,8.8,94,loam,39.7,106.4,15.4,25.7,83.1,21.0,9.8,168.0,no_watering
Potato,vegetative,20.2,132,loam,96.1,3.3,27.6,48.8,48.3,19.9,2.5,168.0,no_watering
Potato,fruiting,30.0,31,clay,82.3,21.6,14.8,41.4,66.2,0.2,3.7,168.0,no_watering
Pepper,fruiting,9.0,142,sandy,44.1,12.8,25.2,29.5,59.5,23.1,11.6,6.0,water_now
Pepper,fruiting,9.3,6,loam,72.6,5.7,31.4,78.5,36.7,13.7,10.2,31.0,water_later
Potato,vegetative,11.1,80,sandy,66.4,16.2,16.4,30.6,45.4,3.9,10.5,11.0,water_now
Potato,flowering,22.7,85,clay,60.6,63.4,13.5,42.9,51.3,7.8,4.5,135.0,no_watering
Tomato,flowering,22.5,94,clay,91.3,9.6,16.4,88.7,33.7,24.3,11.7,43.0,water_later
Tomato,vegetative,15.8,123,clay,64.7,55.8,15.7,93.3,87.1,19.9,5.0,168.0,no_watering
Potato,seedling,29.8,65,clay,50.7,120.8,16.8,43.6,41.4,11.9,7.5,62.0,no_watering
Tomato,seedling,14.7,69,clay,87.8,32.1,15.3,54.7,16.8,9.9,5.2,168.0,no_watering
Tomato,fruiting,18.2,148,sandy,60.8,13.7,20.4,68.1,25.5,21.4,10.7,8.0,water_now
Tomato,seedling,11.8,146,sandy,53.9,41.6,27.5,42.3,37.8,3.6,5.6,57.0,no_watering
Potato,fruiting,28.8,138,loam,49.3,36.4,13.1,56.6,46.5,19.0,7.9,30.0,water_later
Tomato,flowering,22.8,32,clay,44.3,33.6,25.7,39.7,36.4,3.9,7.4,17.0,water_later
Potato,vegetative,22.9,87,clay,42.8,168.0,17.0,94.0,1.4,8.8,2.2,60.0,no_watering
Tomato,vegetative,11.0,14,loam,48.2,58.8,17.1,83.9,22.1,14.7,6.8,66.0,no_watering
Pepper,vegetative,12.4,20,loam,50.3,48.5,17.3,65.5,0.6,16.8,10.8,15.0,water_later
Potato,vegetative,13.7,136,clay,92.5,7.0,25.9,41.7,31.4,2.9,9.1,40.0,water_later
Potato,seedling,10.4,33,sandy,40.5,60.0,18.3,86.0,46.9,13.3,7.1,13.0,water_later
Potato,vegetative,13.9,29,loam,48.1,46.0,15.4,55.8,15.2,10.3,9.5,14.0,water_later
Tomato,fruiting,18.3,110,sandy,76.6,13.9,20.1,68.5,73.0,16.8,7.1,33.0,water_later
Pepper,fruiting,15.0,128,clay,46.6,39.0,22.5,31.0,28.8,23.4,3.1,60.0,no_watering
Tomato,flowering,16.4,99,loam,97.5,0.9,29.8,83.2,62.8,2.9,7.6,34.0,water_later
Potato,seedling,17.1,9,sandy,68.2,33.0,22.7,61.1,70.8,17.2,8.6,168.0,no_watering
Pepper,seedling,7.3,113,sandy,35.6,66.0,15.8,65.3,30.3,17.6,2.7,13.0,water_later
Pepper,vegetative,8.8,103,loam,79.0,24.6,18.5,94.3,83.6,24.4,5.3,168.0,no_watering
Tomato,fruiting,13.3,34,sandy,69.4,15.4,33.8,76.6,4.4,15.1,5.0,13.0,water_later
Tomato,flowering,18.4,5,clay,61.9,40.7,18.5,33.6,42.3,0.7,3.1,168.0,no_watering
Potato,fruiting,15.1,143,clay,86.4,25.4,19.1,46.7,0.8,19.7,5.5,85.0,no_watering
Pepper,vegetative,14.8,67,sandy,76.1,14.1,29.7,78.7,85.5,20.3,5.9,88.0,no_watering
Potato,seedling,21.1,89,loam,96.6,12.5,12.9,39.6,45.1,24.7,4.7,168.0,no_watering
Tomato,fruiting,13.9,64,loam,40.9,25.5,28.8,55.8,46.4,11.1,4.3,13.0,water_later
Potato,fruiting,19.8,78,sandy,86.7,7.4,16.1,90.1,47.9,2.5,5.7,36.0,water_later
Pepper,vegetative,7.8,124,sandy,45.1,41.4,33.4,64.2,62.4,5.3,2.7,12.0,water_now
Potato,seedling,27.8,137,sandy,49.7,29.0,27.8,57.0,36.0,17.4,10.4,10.0,water_now
Pepper,flowering,6.2,59,sandy,48.1,22.2,33.9,50.1,60.6,6.2,5.1,10.0,water_now
Pepper,fruiting,7.9,61,clay,68.4,24.3,23.7,91.8,62.5,7.1,3.3,111.0,no_watering
Tomato,vegetative,22.6,94,clay,87.3,17.3,26.7,70.5,33.4,23.5,2.4,168.0,no_watering
Potato,vegetative,27.1,35,loam,79.9,23.0,18.8,78.5,43.3,14.3,8.1,108.0,no_watering
Potato,vegetative,14.9,89,sandy,51.4,54.8,14.4,80.2,46.3,15.6,7.5,11.0,water_now
Pepper,fruiting,9.7,34,clay,55.7,12.8,34.8,90.0,75.4,3.2,8.5,16.0,water_later
Pepper,seedling,10.2,27,loam,50.5,46.0,30.9,51.8,87.0,4.8,8.0,168.0,no_watering
Potato,flowering,28.7,26,clay,45.0,22.9,20.3,28.5,50.8,11.2,11.6,16.0,water_later
Pepper,seedling,6.5,56,loam,79.9,24.5,20.4,38.6,79.6,8.5,8.0,168.0,no_watering
Tomato,flowering,8.4,47,clay,84.9,17.4,19.4,25.2,79.5,0.2,5.5,87.0,no_watering
Tomato,vegetative,18.1,142,clay,86.4,7.7,23.9,57.6,32.5,13.6,11.1,40.0,water_later
Potato,vegetative,24.7,3,loam,86.3,7.5,15.1,28.1,27.3,24.8,9.3,82.0,no_watering
Potato,vegetative,13.7,89,clay,66.7,38.4,18.7,56.5,69.2,9.2,10.7,38.0,water_later
Potato,fruiting,17.8,147,loam,51.2,27.3,14.0,62.1,76.4,15.8,9.3,16.0,water_later
Pepper,flowering,6.2,134,sandy,99.5,0.2,16.1,64.0,54.0,10.9,10.6,16.0,water_later
Tomato,flowering,10.0,138,sandy,43.0,25.4,22.4,40.7,55.7,6.4,5.5,11.0,water_now
Pepper,vegetative,10.4,112,sandy,90.8,6.4,24.0,86.8,12.1,21.3,3.2,59.0,no_watering
Tomato,flowering,8.2,91,sandy,68.1,9.2,23.5,63.1,88.8,11.4,11.7,16.0,water_later
Pepper,fruiting,7.1,28,sandy,42.5,9.5,27.5,62.2,4.7,10.1,9.7,8.0,water_now
Tomato,seedling,12.8,30,sandy,52.1,43.5,28.9,54.3,43.9,1.3,5.3,38.0,water_later
Potato,fruiting,18.9,72,sandy,89.1,6.1,14.5,56.8,30.0,18.6,9.8,18.0,water_later
Potato,seedling,16.1,64,clay,50.2,53.1,25.0,52.8,38.3,5.2,11.4,34.0,water_later
Potato,flowering,31.7,18,clay,83.2,13.3,12.6,68.5,29.1,22.8,8.0,168.0,no_watering
Pepper,flowering,11.7,60,clay,71.8,48.6,25.9,83.1,53.1,18.5,5.3,168.0,no_watering
Potato,fruiting,11.3,10,clay,76.7,20.7,25.3,25.9,17.5,19.8,8.0,79.0,no_watering
Potato,fruiting,31.2,114,loam,72.5,21.4,15.9,86.9,30.6,18.2,6.0,38.0,water_later
Tomato,fruiting,21.0,10,clay,82.4,7.4,26.5,71.1,14.5,19.0,8.0,86.0,no_watering
Tomato,fruiting,20.7,125,loam,54.3,25.3,19.7,56.8,2.2,11.9,10.4,9.0,water_now
Potato,seedling,19.4,26,sandy,80.2,27.5,16.2,33.4,42.3,7.4,9.3,61.0,no_watering
Tomato,fruiting,18.2,57,clay,47.0,21.9,16.4,70.5,27.8,0.0,11.6,11.0,water_now
Potato,vegetative,32.0,39,sandy,85.4,11.5,17.1,66.6,4.0,21.7,5.2,54.0,no_watering
Tomato,vegetative,15.8,123,clay,97.0,3.1,15.8,86.6,59.2,0.2,9.5,80.0,no_watering
Potato,fruiting,29.4,148,loam,78.7,6.7,27.8,71.0,35.7,14.1,11.5,13.0,water_later
Pepper,seedling,8.5,115,clay,99.2,1.7,18.4,87.4,18.9,18.6,5.4,168.0,no_watering
Potato,flowering,23.4,46,loam,44.6,51.9,16.6,48.9,80.6,14.8,9.2,14.0,water_later
Potato,seedling,17.4,91,loam,67.9,34.4,19.2,58.6,8.9,3.3,10.1,36.0,water_later
Potato,vegetative,30.4,17,sandy,63.0,18.4,16.3,63.1,2.8,18.9,7.1,41.0,water_later
Pepper,vegetative,10.7,29,clay,96.9,6.8,28.4,67.8,62.3,5.0,2.7,168.0,no_watering
Tomato,vegetative,23.5,55,sandy,64.4,36.6,25.4,59.7,4.7,21.0,3.4,36.0,water_later
Tomato,fruiting,18.8,6,clay,94.7,3.1,24.0,51.5,47.0,17.4,5.3,168.0,no_watering
Tomato,seedling,8.2,108,clay,77.0,27.3,22.8,53.7,68.1,22.6,10.4,168.0,no_watering
Pepper,vegetative,10.2,113,clay,78.5,12.1,31.7,50.7,54.7,2.6,8.4,35.0,water_later
Tomato,flowering,10.5,64,loam,88.3,10.3,18.2,28.9,6.6,11.6,2.2,109.0,no_watering
Tomato,fruiting,20.1,5,sandy,46.9,74.7,22.3,74.0,56.1,3.7,2.2,108.0,no_watering
Tomato,flowering,13.2,49,clay,75.5,20.7,18.8,76.7,69.1,16.4,5.6,168.0,no_watering
Pepper,vegetative,7.8,110,clay,62.9,18.2,25.0,78.5,62.7,5.4,11.9,16.0,water_later
Tomato,fruiting,20.8,18,clay,51.2,29.2,24.0,76.3,19.8,20.0,5.7,40.0,water_later
Potato,flowering,16.0,95,loam,93.7,4.3,14.8,75.1,10.3,23.3,10.9,35.0,water_later
Potato,vegetative,22.7,21,clay,63.1,47.7,12.7,31.9,4.6,2.4,5.2,132.0,no_watering
Tomato,flowering,15.9,141,clay,51.8,20.6,27.0,34.1,9.0,13.3,10.1,11.0,water_now
Tomato,fruiting,22.7,10,clay,63.9,19.7,22.4,69.9,47.4,18.7,9.8,112.0,no_watering
Potato,seedling,31.8,7,clay,46.0,59.6,27.6,32.4,28.6,4.7,9.7,79.0,no_watering
Potato,fruiting,26.6,1,loam,71.5,17.1,28.3,91.5,10.1,10.6,5.0,92.0,no_watering
Tomato,seedling,14.0,47,sandy,35.6,90.1,17.2,93.9,49.8,16.4,5.7,168.0,no_watering
Tomato,seedling,17.4,132,loam,65.0,74.3,15.9,93.4,5.7,3.0,6.6,86.0,no_watering
Tomato,flowering,22.4,11,clay,82.0,8.0,31.5,52.0,88.5,0.0,7.2,82.0,no_watering
Pepper,vegetative,15.2,64,loam,89.4,9.0,30.9,82.4,86.3,19.4,2.6,168.0,no_watering
Pepper,fruiting,12.3,149,sandy,58.0,7.0,33.3,49.6,51.3,24.0,7.3,9.0,water_now
Tomato,fruiting,10.5,24,sandy,44.4,15.1,31.3,56.1,0.2,17.4,7.1,9.0,water_now
Potato,seedling,19.5,111,clay,51.4,168.0,27.4,31.9,69.8,21.3,3.0,168.0,no_watering
Tomato,vegetative,13.7,65,clay,49.5,53.0,25.3,52.7,82.3,8.7,4.2,168.0,no_watering
Potato,seedling,30.3,104,clay,79.0,49.7,24.0,58.0,23.6,12.4,10.0,103.0,no_watering
Pepper,fruiting,12.3,119,loam,45.2,13.5,31.8,60.6,78.3,3.3,7.9,10.0,water_now
Potato,seedling,27.7,92,sandy,73.9,25.2,26.4,54.1,7.4,14.7,10.3,15.0,water_later
Tomato,vegetative,22.7,61,loam,58.2,43.6,28.8,41.7,8.1,13.1,3.9,38.0,water_later
Tomato,fruiting,11.5,22,loam,95.4,2.6,23.5,44.9,36.1,15.3,5.2,86.0,no_watering
Potato,seedling,25.5,22,sandy,74.0,31.9,22.5,87.4,43.7,17.1,9.3,168.0,no_watering
Pepper,vegetative,13.8,35,clay,66.1,23.1,16.4,34.8,22.4,7.2,9.8,59.0,no_watering
Tomato,seedling,17.7,49,sandy,44.3,116.8,23.3,51.3,59.3,20.0,2.6,168.0,no_watering
Tomato,fruiting,12.8,100,clay,77.4,20.0,22.1,47.1,62.4,11.8,4.5,168.0,no_watering
Pepper,fruiting,13.4,45,loam,85.7,8.4,34.2,57.5,40.5,6.6,6.6,33.0,water_later
Pepper,vegetative,7.5,85,sandy,77.6,9.7,35.5,48.4,81.8,15.6,2.6,168.0,no_watering
Pepper,flowering,11.6,53,sandy,43.9,22.4,34.2,66.9,12.2,4.2,2.0,12.0,water_now
Tomato,vegetative,23.3,127,loam,97.6,3.7,20.3,34.5,81.7,10.3,3.2,168.0,no_watering
Tomato,flowering,16.3,9,clay,67.8,18.0,19.4,79.7,46.5,11.2,11.9,81.0,no_watering
Tomato,flowering,22.5,34,clay,73.2,18.2,33.6,73.6,71.2,22.0,5.2,168.0,no_watering
Pepper,vegetative,9.9,43,sandy,58.2,28.6,35.1,38.1,35.8,8.6,4.9,15.0,water_later
Pepper,flowering,15.8,86,clay,94.3,4.0,17.1,38.4,20.0,9.5,6.2,80.0,no_watering
Pepper,flowering,10.8,93,loam,93.4,7.8,27.0,85.3,20.6,22.5,3.9,135.0,no_watering
Pepper,vegetative,13.6,31,sandy,85.5,10.4,17.5,87.8,82.2,24.9,4.3,168.0,no_watering
Tomato,vegetative,23.1,36,loam,79.9,9.7,23.1,75.6,41.1,17.5,10.7,34.0,water_later
Potato,fruiting,21.1,75,clay,57.9,37.5,19.5,36.9,44.9,17.4,5.0,168.0,no_watering
Tomato,seedling,10.5,82,loam,46.1,113.1,26.0,68.4,28.0,7.8,5.0,36.0,water_later
Pepper,seedling,13.2,13,loam,48.2,64.4,32.1,40.0,72.7,10.6,4.7,168.0,no_watering
Pepper,vegetative,13.0,129,loam,41.0,29.0,17.2,44.0,8.1,8.3,10.6,8.0,water_now
Potato,flowering,25.2,61,loam,41.4,85.0,17.0,52.9,8.4,6.0,3.6,14.0,water_later
Pepper,fruiting,10.6,63,clay,55.8,16.9,32.8,37.9,55.5,5.8,6.8,13.0,water_later
Pepper,fruiting,7.0,53,clay,67.1,19.5,20.5,66.0,71.5,1.0,5.3,59.0,no_watering
Pepper,flowering,13.7,64,loam,95.1,2.1,20.8,36.4,82.0,5.4,7.3,43.0,water_later
Potato,flowering,14.1,112,loam,82.0,7.0,19.1,45.1,3.9,10.6,10.0,15.0,water_later
Pepper,flowering,10.7,10,loam,89.7,3.5,29.7,49.6,42.4,3.0,7.4,59.0,no_watering
Pepper,seedling,14.4,107,sandy,50.9,43.1,26.0,50.5,64.6,6.6,7.1,14.0,water_later
Tomato,vegetative,10.0,86,clay,74.4,22.1,26.7,55.0,65.4,10.4,7.2,84.0,no_watering
Tomato,vegetative,10.6,118,clay,40.3,58.9,27.2,75.2,49.0,21.1,4.3,168.0,no_watering
Tomato,flowering,22.5,118,sandy,75.5,8.3,17.3,45.9,42.9,13.5,8.2,12.0,water_now
Tomato,vegetative,11.0,35,loam,74.5,28.4,33.6,29.9,15.9,23.6,6.2,36.0,water_later
Tomato,seedling,19.2,94,loam,71.6,39.2,23.3,83.7,24.7,22.3,9.5,89.0,no_watering
Potato,fruiting,18.1,98,clay,57.9,40.5,23.3,48.0,19.3,11.3,3.7,83.0,no_watering
Tomato,flowering,17.1,63,clay,99.8,0.3,17.9,78.8,7.6,7.7,4.1,168.0,no_watering
Pepper,flowering,14.4,141,clay,46.1,65.6,16.4,54.4,51.7,8.1,10.7,11.0,water_now
Pepper,flowering,5.5,68,sandy,47.3,19.2,21.4,45.2,71.5,16.1,4.8,11.0,water_now
Tomato,seedling,22.2,42,sandy,68.1,82.1,17.3,88.2,70.2,16.3,2.2,168.0,no_watering
Pepper,fruiting,13.0,70,sandy,61.4,7.7,34.0,33.7,57.8,7.2,6.4,9.0,water_now
Tomato,fruiting,22.8,88,sandy,45.0,12.3,24.1,49.3,21.9,1.8,8.5,7.0,water_now
Tomato,vegetative,18.0,21,loam,81.9,24.6,15.4,94.8,22.0,19.0,10.1,59.0,no_watering
Pepper,seedling,14.8,59,sandy,72.1,28.0,19.4,51.8,28.2,24.1,8.0,63.0,no_watering
Potato,seedling,10.1,44,sandy,88.1,8.4,20.1,89.5,19.5,23.6,10.6,110.0,no_watering
Pepper,flowering,12.2,65,loam,38.9,33.8,30.6,52.5,5.3,8.0,8.3,8.0,water_now
Pepper,vegetative,11.6,11,loam,38.3,27.0,32.7,72.7,43.3,8.1,11.3,8.0,water_now
Tomato,vegetative,19.4,26,loam,95.5,2.4,28.0,43.8,26.8,17.7,6.9,87.0,no_watering
Tomato,flowering,20.8,71,clay,96.4,3.5,24.2,58.3,86.4,20.5,7.4,168.0,no_watering
Pepper,seedling,5.7,85,clay,97.9,3.1,18.1,62.0,1.0,11.4,9.0,136.0,no_watering
Pepper,seedling,10.9,91,clay,85.5,41.2,24.8,67.8,44.8,5.8,6.2,168.0,no_watering
Potato,vegetative,17.8,5,loam,85.9,9.3,28.4,63.2,56.2,1.0,4.3,157.0,no_watering
Potato,vegetative,13.5,113,clay,89.3,15.3,12.4,31.8,33.9,7.1,4.7,168.0,no_watering
Tomato,vegetative,15.5,107,loam,71.9,23.3,32.1,49.9,39.8,21.9,2.1,168.0,no_watering
Pepper,fruiting,13.6,49,sandy,74.7,16.4,32.8,65.1,49.2,16.3,2.7,37.0,water_later
Tomato,seedling,10.5,124,clay,56.7,118.5,26.6,58.1,77.2,5.6,2.3,168.0,no_watering
Potato,vegetative,23.2,70,sandy,48.2,20.3,28.7,45.7,44.0,3.7,7.2,10.0,water_now
Pepper,seedling,7.9,114,loam,97.6,3.7,26.2,84.0,24.3,8.7,10.7,63.0,no_watering
Pepper,flowering,10.8,122,clay,37.2,63.4,25.4,38.6,77.7,12.1,3.0,13.0,water_later
Tomato,flowering,20.1,68,sandy,59.2,39.5,19.6,34.2,85.5,9.3,5.2,13.0,water_later
Tomato,vegetative,19.9,32,sandy,51.2,21.8,21.1,27.7,3.1,4.9,6.8,13.0,water_later
Potato,seedling,21.1,27,clay,75.5,49.1,25.7,82.7,44.2,15.2,5.5,168.0,no_watering
Pepper,flowering,11.3,108,loam,38.3,52.0,25.5,46.1,49.2,2.9,3.7,12.0,water_now
Potato,flowering,12.9,91,loam,77.3,9.6,15.2,31.2,52.2,9.8,9.2,32.0,water_later
Potato,flowering,25.6,51,loam,35.9,25.1,25.5,69.9,37.2,12.7,8.8,8.0,water_now
Tomato,fruiting,21.4,2,loam,63.3,21.0,31.9,25.9,35.5,2.0,2.1,108.0,no_watering
Potato,flowering,18.6,50,loam,83.0,11.0,14.3,40.0,4.3,24.9,5.9,60.0,no_watering
Potato,seedling,11.6,132,clay,62.0,93.1,14.8,30.4,18.6,15.3,10.1,98.0,no_watering
Tomato,vegetative,14.1,136,clay,77.6,16.8,15.7,38.4,11.6,18.0,9.6,42.0,water_later
Potato,fruiting,28.7,66,clay,45.9,87.6,12.6,60.4,56.8,3.8,2.6,133.0,no_watering
Tomato,fruiting,10.7,16,loam,62.2,11.0,24.3,94.8,61.0,8.8,10.3,34.0,water_later
Pepper,flowering,5.6,145,sandy,98.8,0.4,19.7,46.1,85.6,20.4,5.5,168.0,no_watering
Tomato,fruiting,13.1,65,clay,95.7,1.5,28.1,26.5,85.1,24.7,7.8,168.0,no_watering
Tomato,vegetative,11.6,149,loam,67.4,21.8,27.3,72.1,68.3,10.2,5.3,36.0,water_later
Pepper,seedling,15.6,5,clay,68.7,77.1,18.0,47.8,25.2,12.6,5.4,168.0,no_watering
Potato,vegetative,23.0,97,sandy,45.8,82.6,21.9,59.7,42.6,0.4,3.4,13.0,water_later
Pepper,flowering,5.1,112,loam,75.5,15.2,20.8,74.5,40.8,16.3,11.1,12.0,water_now
Tomato,fruiting,10.8,130,loam,99.4,0.9,22.9,76.2,17.5,6.3,4.7,61.0,no_watering
Pepper,fruiting,9.0,10,sandy,97.7,0.9,19.3,86.2,4.3,8.2,7.8,36.0,water_later
Potato,fruiting,23.7,138,loam,76.9,26.0,19.7,27.2,42.2,0.6,2.1,90.0,no_watering
Potato,vegetative,14.6,104,clay,41.9,73.6,14.0,70.3,19.5,10.4,6.1,16.0,water_later
Potato,fruiting,21.6,27,clay,72.2,36.1,17.5,59.0,55.8,16.0,9.6,168.0,no_watering
Potato,vegetative,30.7,61,clay,45.9,101.3,19.9,44.6,79.4,19.4,4.6,168.0,no_watering
Tomato,flowering,13.9,4,clay,52.6,50.6,21.7,80.5,85.9,24.0,9.2,168.0,no_watering
Potato,fruiting,20.6,136,clay,63.4,65.8,15.6,62.5,55.7,22.6,2.0,168.0,no_watering
Pepper,fruiting,14.7,48,sandy,54.1,36.5,23.1,91.7,18.7,19.7,4.7,12.0,water_now
Pepper,fruiting,5.6,72,sandy,63.2,11.3,27.5,89.4,74.2,24.7,4.0,43.0,water_later
Pepper,seedling,13.3,57,sandy,74.3,41.1,24.5,87.5,75.0,16.0,3.3,168.0,no_watering
Tomato,fruiting,9.4,90,sandy,85.0,3.1,20.6,72.4,16.1,12.2,10.4,10.0,water_now
Potato,vegetative,31.4,105,sandy,37.2,19.8,28.2,66.1,67.0,13.0,8.2,7.0,water_now
Pepper,vegetative,7.0,60,sandy,65.7,33.0,24.3,92.5,55.7,0.3,2.1,54.0,no_watering
Potato,seedling,24.0,38,clay,58.6,50.3,27.9,49.7,71.8,17.8,10.9,168.0,no_watering
Pepper,flowering,9.5,148,sandy,50.6,20.3,24.7,75.9,56.9,17.1,10.9,7.0,water_now
Potato,fruiting,30.8,104,sandy,65.0,17.6,19.4,60.4,17.9,18.6,5.2,15.0,water_later
Pepper,seedling,14.0,80,sandy,66.1,66.1,23.8,32.8,55.2,6.9,2.5,156.0,no_watering
Potato,flowering,23.0,16,loam,95.3,4.5,12.3,94.2,19.5,5.5,4.6,168.0,no_watering
Pepper,vegetative,11.6,77,clay,36.9,72.6,27.9,47.6,15.3,3.4,4.2,12.0,water_now
Pepper,fruiting,9.6,130,loam,77.2,10.4,15.2,34.1,75.9,19.2,6.3,61.0,no_watering
Pepper,fruiting,15.2,42,sandy,64.3,14.1,23.0,83.4,83.7,16.6,4.5,85.0,no_watering
Pepper,flowering,7.6,60,loam,67.6,23.0,21.7,91.9,24.8,3.6,5.3,37.0,water_later
Potato,vegetative,27.7,109,sandy,92.1,2.7,26.6,30.2,65.2,9.6,7.5,16.0,water_later
Tomato,seedling,9.7,6,loam,80.0,38.9,18.9,62.0,84.5,22.3,3.8,168.0,no_watering
Tomato,vegetative,17.4,18,clay,42.9,85.9,21.4,83.0,82.6,8.2,3.0,168.0,no_watering
Pepper,vegetative,9.5,76,loam,96.8,2.8,27.1,25.9,42.3,15.8,4.6,154.0,no_watering
Potato,vegetative,19.7,142,clay,38.2,112.7,21.4,48.6,71.6,2.3,5.1,13.0,water_later
Potato,flowering,12.0,54,loam,78.7,33.2,16.6,56.7,55.6,24.4,3.0,168.0,no_watering
Potato,seedling,24.6,17,clay,65.5,168.0,18.9,79.5,86.3,4.0,2.2,168.0,no_watering
Pepper,flowering,15.0,130,sandy,70.2,6.2,23.0,36.8,39.0,17.2,10.8,11.0,water_now
Tomato,fruiting,23.7,120,sandy,91.8,1.8,28.8,29.1,87.1,3.0,6.3,12.0,water_now
Potato,fruiting,20.1,92,clay,55.7,25.9,14.8,65.2,18.8,17.2,11.5,35.0,water_later
Potato,vegetative,17.1,48,sandy,51.0,18.6,25.7,64.9,48.6,13.8,7.0,11.0,water_now
Pepper,vegetative,13.4,1,loam,95.1,1.7,32.8,34.3,53.1,6.8,8.9,65.0,no_watering
Pepper,fruiting,6.9,147,clay,96.6,1.8,34.1,93.1,19.5,12.6,11.6,15.0,water_later
Tomato,vegetative,16.1,34,loam,47.7,27.3,20.7,29.9,30.2,22.2,9.0,13.0,water_later
Pepper,fruiting,7.1,39,loam,43.9,47.5,31.2,88.7,8.1,16.4,2.2,58.0,no_watering
Potato,fruiting,13.1,13,loam,78.2,17.3,22.7,32.2,63.2,21.1,2.8,168.0,no_watering
Tomato,seedling,9.8,133,clay,83.3,26.6,24.4,28.3,25.4,8.6,9.2,156.0,no_watering
Potato,flowering,16.4,125,sandy,63.2,19.7,12.4,29.2,28.5,17.4,4.7,15.0,water_later
Pepper,seedling,11.7,95,sandy,93.5,4.0,31.0,41.0,49.8,24.7,8.2,168.0,no_watering
Pepper,seedling,10.6,55,loam,55.6,79.0,19.4,86.3,35.8,7.7,6.7,168.0,no_watering
Tomato,flowering,19.8,43,sandy,82.1,6.2,26.5,35.3,55.6,4.6,10.2,11.0,water_now
Pepper,flowering,11.8,65,sandy,47.2,63.5,19.4,58.3,19.5,15.6,2.4,37.0,water_later
Tomato,fruiting,17.0,126,clay,71.7,22.1,30.7,37.3,29.1,2.7,6.4,33.0,water_later
Potato,flowering,24.4,55,sandy,69.2,14.5,27.2,93.7,42.9,20.0,3.8,39.0,water_later
Pepper,vegetative,11.0,11,clay,96.9,1.6,31.0,29.2,15.3,12.4,10.7,111.0,no_watering
Potato,flowering,11.6,40,clay,80.2,12.4,14.6,79.2,5.7,2.3,9.1,61.0,no_watering
Pepper,fruiting,9.9,49,loam,79.6,6.0,21.1,83.0,37.1,1.6,10.6,15.0,water_later
Pepper,vegetative,11.4,36,clay,71.7,22.3,35.9,67.8,57.4,16.0,7.3,41.0,water_later
Tomato,seedling,18.7,60,sandy,90.8,10.7,15.5,60.2,46.2,5.4,8.2,131.0,no_watering
Tomato,fruiting,12.0,48,sandy,60.1,13.5,32.9,64.0,57.4,10.3,7.5,12.0,water_now
Potato,vegetative,19.4,86,loam,75.3,12.2,21.7,41.6,44.0,10.7,11.3,14.0,water_later
Tomato,fruiting,13.7,14,sandy,97.1,2.0,21.9,36.7,46.8,2.3,7.4,34.0,water_later
Potato,flowering,19.1,16,loam,53.4,25.4,25.6,68.4,50.4,0.6,7.3,30.0,water_later
Potato,vegetative,15.8,81,loam,72.1,25.8,21.1,80.9,64.6,21.3,3.8,168.0,no_watering
Tomato,flowering,21.2,126,loam,62.8,19.3,31.8,92.6,70.8,17.5,8.5,17.0,water_later
Pepper,flowering,12.2,139,loam,93.9,3.7,19.0,47.0,1.5,2.6,5.0,58.0,no_watering
Tomato,seedling,17.1,9,sandy,47.7,44.5,16.3,59.9,61.6,13.4,10.7,18.0,water_later
Pepper,seedling,15.6,108,clay,92.0,10.6,34.8,93.5,42.7,18.3,6.9,168.0,no_watering
Potato,flowering,13.1,77,loam,78.5,14.1,26.4,44.8,48.1,20.1,2.8,168.0,no_watering
Tomato,flowering,13.9,136,clay,42.5,68.2,16.6,65.5,64.0,11.4,3.1,168.0,no_watering
Tomato,vegetative,22.3,13,clay,61.2,43.1,28.1,55.7,27.6,3.3,9.8,55.0,no_watering
Potato,vegetative,25.2,25,clay,65.6,43.5,13.4,61.7,68.3,20.1,5.0,168.0,no_watering
Potato,fruiting,20.0,102,loam,39.5,43.7,20.9,31.2,74.6,11.7,7.5,12.0,water_now
Tomato,flowering,23.9,98,sandy,57.6,20.4,16.9,77.0,66.7,15.0,8.5,10.0,water_now
Potato,vegetative,19.3,50,sandy,81.4,7.7,15.7,68.8,41.6,11.8,9.3,34.0,water_later
Pepper,seedling,15.3,103,sandy,65.5,24.2,29.7,91.3,46.1,10.4,9.1,42.0,water_later
Potato,seedling,27.2,73,loam,72.6,77.4,15.0,90.9,76.2,23.2,5.3,168.0,no_watering
Pepper,fruiting,13.8,74,loam,89.9,5.6,33.6,87.0,40.7,16.7,9.2,13.0,water_later
Pepper,fruiting,6.8,75,sandy,68.3,13.0,22.4,50.4,25.9,23.3,4.8,12.0,water_now
Pepper,flowering,7.4,46,sandy,91.2,1.3,35.9,79.6,26.2,9.2,10.3,10.0,water_now
Pepper,vegetative,15.1,82,sandy,92.3,1.8,35.7,30.2,11.7,21.4,11.6,11.0,water_now
Potato,seedling,12.2,102,sandy,88.4,15.2,12.8,81.9,61.8,11.6,6.4,168.0,no_watering
Tomato,fruiting,13.5,127,clay,44.4,59.3,18.9,72.0,6.2,15.2,2.0,37.0,water_later
Potato,flowering,13.3,26,clay,90.3,9.7,15.1,36.9,0.6,18.5,10.7,61.0,no_watering
Potato,vegetative,21.2,60,loam,50.7,87.8,20.3,66.6,73.0,5.3,2.9,91.0,no_watering
Potato,seedling,19.8,63,sandy,66.2,28.8,23.6,55.6,6.7,4.1,8.5,26.0,water_later
Pepper,seedling,6.4,12,clay,59.5,67.1,16.4,62.0,42.5,13.2,7.3,168.0,no_watering
Potato,vegetative,21.5,110,clay,50.0,92.2,14.5,63.1,70.0,22.6,6.5,168.0,no_watering
Tomato,seedling,21.2,66,loam,65.5,133.3,21.5,82.0,55.0,6.1,4.5,168.0,no_watering
Tomato,vegetative,23.8,124,loam,79.6,10.9,21.8,92.8,20.4,24.2,10.4,24.0,water_later
Pepper,seedling,12.9,31,sandy,68.3,57.5,19.3,42.0,63.1,12.6,3.0,168.0,no_watering
Pepper,vegetative,11.8,25,loam,55.3,35.5,24.3,82.8,32.6,19.9,5.3,168.0,no_watering
Potato,fruiting,26.8,88,sandy,74.0,7.8,25.4,30.3,83.3,18.5,7.9,14.0,water_later
Tomato,fruiting,8.8,49,clay,93.2,4.9,15.2,53.5,34.6,15.7,4.8,168.0,no_watering
Pepper,vegetative,12.0,125,sandy,99.7,0.1,28.6,67.8,39.5,1.7,8.0,15.0,water_later
Pepper,seedling,10.7,107,clay,74.0,48.3,32.2,42.3,81.1,18.8,5.5,168.0,no_watering
Pepper,flowering,13.6,139,clay,58.7,17.4,26.1,44.6,52.0,0.6,11.2,12.0,water_now
Tomato,vegetative,11.7,5,loam,52.6,44.8,20.8,53.9,59.3,23.4,9.7,60.0,no_watering
Pepper,fruiting,5.0,119,sandy,99.5,0.1,17.1,30.6,63.3,17.9,8.5,12.0,water_now
Potato,seedling,23.9,65,clay,92.3,11.4,16.8,52.2,43.6,10.3,10.3,168.0,no_watering
Tomato,flowering,14.1,23,clay,67.0,35.2,16.5,60.3,84.0,0.3,4.5,134.0,no_watering
Pepper,flowering,11.2,17,clay,63.6,17.7,21.4,52.8,33.9,3.3,10.3,37.0,water_later
Potato,flowering,24.0,121,clay,89.7,7.2,18.8,90.4,15.1,10.4,7.9,62.0,no_watering
Potato,flowering,27.4,67,loam,63.6,28.1,24.2,68.2,56.1,22.8,3.1,168.0,no_watering
Tomato,fruiting,16.6,88,clay,66.6,21.0,20.7,38.8,86.3,3.8,10.8,15.0,water_later
Potato,fruiting,23.4,39,loam,75.7,18.3,22.9,89.6,37.2,21.8,11.7,18.0,water_later
Tomato,vegetative,16.2,42,sandy,85.8,6.0,15.8,57.3,34.3,0.1,9.7,22.0,water_later
Pepper,seedling,11.7,119,sandy,38.1,101.4,35.9,64.9,40.1,3.5,2.6,12.0,water_now
Tomato,flowering,15.8,59,clay,49.3,40.1,31.2,54.2,5.7,2.7,9.8,12.0,water_now
Tomato,fruiting,15.5,56,sandy,72.9,6.1,22.3,85.6,18.3,18.9,9.8,13.0,water_later
Pepper,seedling,9.8,50,sandy,58.5,57.2,19.0,72.7,54.2,8.5,4.5,168.0,no_watering
Pepper,vegetative,11.2,107,sandy,74.0,6.6,35.3,54.8,80.7,0.7,11.6,8.0,water_now
Potato,seedling,21.3,90,sandy,81.4,16.8,26.2,86.0,44.9,5.7,7.0,58.0,no_watering
Pepper,fruiting,11.7,15,clay,36.6,51.7,26.8,85.6,89.0,6.5,4.7,13.0,water_later
Potato,flowering,31.0,51,sandy,62.9,24.4,28.0,76.2,72.2,9.3,5.5,13.0,water_later
Pepper,seedling,6.6,89,clay,36.5,108.7,15.8,84.0,0.1,21.4,6.6,29.0,water_later
Pepper,vegetative,12.1,13,clay,83.5,16.6,20.5,36.0,20.8,22.8,4.8,168.0,no_watering
Tomato,flowering,21.7,85,loam,92.1,4.7,17.8,55.8,49.2,19.4,9.3,39.0,water_later
Pepper,fruiting,8.0,89,sandy,40.3,8.5,32.5,28.5,31.0,21.2,8.3,7.0,water_now
Pepper,vegetative,14.0,134,clay,62.3,26.1,34.4,44.4,89.4,10.3,5.4,160.0,no_watering
Pepper,vegetative,13.7,111,clay,91.9,4.7,30.8,43.0,44.1,24.6,10.4,38.0,water_later
Tomato,flowering,9.2,18,clay,65.3,16.6,29.5,81.0,63.6,17.5,7.3,168.0,no_watering
Pepper,vegetative,7.3,120,sandy,54.4,31.3,25.8,94.6,6.1,11.8,2.8,40.0,water_later
Tomato,flowering,17.5,85,sandy,44.2,28.8,20.9,94.3,84.5,8.8,4.9,13.0,water_later
Tomato,flowering,21.0,11,sandy,88.3,3.6,30.4,75.2,58.0,16.9,7.0,38.0,water_later
Potato,vegetative,13.1,9,sandy,86.6,5.7,15.7,94.6,87.1,8.5,9.1,85.0,no_watering
Tomato,seedling,22.7,37,sandy,62.3,29.3,19.4,38.4,55.2,6.9,9.9,32.0,water_later
Pepper,fruiting,14.5,142,sandy,95.3,3.0,29.1,77.7,52.1,17.2,2.8,85.0,no_watering
Pepper,seedling,8.2,71,clay,93.2,12.7,35.6,79.9,56.6,2.6,3.2,168.0,no_watering
Tomato,seedling,14.7,55,clay,43.2,168.0,20.9,33.1,2.6,1.1,2.2,133.0,no_watering
Pepper,flowering,9.6,16,clay,84.1,7.4,16.4,58.0,64.8,19.8,11.2,168.0,no_watering
Potato,vegetative,26.8,41,clay,57.9,41.0,22.1,38.7,28.4,7.0,4.7,130.0,no_watering
Pepper,flowering,12.7,94,loam,75.8,16.2,21.6,72.5,9.5,14.0,4.1,41.0,water_later
Pepper,fruiting,10.4,66,loam,48.9,29.3,25.9,62.2,35.4,18.4,11.7,10.0,water_now
Pepper,fruiting,8.5,76,clay,92.5,2.8,31.4,35.1,29.0,17.6,5.8,62.0,no_watering
Tomato,seedling,13.1,66,clay,93.7,19.8,15.3,89.8,72.7,8.5,4.4,168.0,no_watering
Pepper,flowering,13.4,4,sandy,68.3,25.3,17.7,82.2,19.4,17.1,5.8,168.0,no_watering
Pepper,flowering,15.5,40,sandy,63.9,21.5,24.6,51.2,63.9,6.1,4.7,15.0,water_later
Tomato,flowering,16.7,127,loam,96.6,1.7,26.3,56.6,74.1,9.2,6.8,40.0,water_later
Tomato,seedling,16.5,86,clay,72.3,50.8,25.5,50.3,33.7,12.8,8.3,127.0,no_watering
Tomato,vegetative,8.6,62,clay,98.4,1.3,25.9,86.2,46.1,20.4,7.5,168.0,no_watering
Pepper,seedling,5.7,38,sandy,60.0,31.6,25.0,44.4,18.0,8.6,2.2,104.0,no_watering
Tomato,flowering,13.3,12,sandy,89.7,7.5,18.8,70.6,27.5,4.7,2.9,158.0,no_watering
Potato,flowering,10.1,121,loam,85.3,12.1,19.9,53.6,35.4,0.4,2.8,84.0,no_watering
Potato,fruiting,17.4,32,loam,65.5,20.9,26.7,72.0,51.0,3.7,4.8,63.0,no_watering
Tomato,flowering,9.3,105,clay,91.3,4.4,18.1,50.6,14.9,13.1,9.7,45.0,water_later
Potato,vegetative,27.4,126,sandy,67.2,22.1,26.5,37.4,55.1,23.4,8.4,11.0,water_now
Potato,flowering,31.5,99,sandy,74.5,18.6,22.0,55.2,16.1,17.3,8.3,11.0,water_now
Potato,seedling,26.3,148,loam,88.0,12.1,21.9,74.5,3.5,24.0,11.4,43.0,water_later
Pepper,vegetative,13.2,25,sandy,50.9,41.2,15.2,75.6,26.3,8.2,5.1,38.0,water_later
Tomato,seedling,15.6,67,clay,83.1,68.5,25.5,31.2,9.9,9.5,4.1,168.0,no_watering
Potato,fruiting,26.3,63,sandy,69.3,9.7,15.3,37.2,80.5,4.7,10.6,13.0,water_later
Pepper,fruiting,7.6,67,sandy,80.2,3.1,33.0,57.0,55.7,18.1,7.7,10.0,water_now
Tomato,fruiting,14.2,36,clay,82.9,17.0,29.9,33.5,33.1,8.0,4.5,110.0,no_watering
Tomato,flowering,10.6,110,sandy,96.9,1.1,25.6,72.8,8.5,22.2,5.6,26.0,water_later
Potato,seedling,13.0,94,loam,65.7,37.9,25.4,90.3,44.9,4.0,8.4,41.0,water_later
Potato,seedling,29.7,30,loam,91.4,33.3,21.9,67.3,54.8,20.1,6.2,168.0,no_watering
Pepper,flowering,14.5,35,loam,99.7,0.1,23.3,32.6,52.7,18.3,6.0,168.0,no_watering
Tomato,flowering,13.0,126,sandy,88.9,4.5,25.2,28.7,34.2,17.5,4.1,33.0,water_later
Tomato,seedling,8.1,13,loam,67.3,33.5,29.4,70.7,88.9,18.0,7.1,168.0,no_watering
Potato,fruiting,11.4,47,clay,80.0,16.1,24.9,30.2,85.7,22.5,4.0,168.0,no_watering
Tomato,seedling,17.1,40,sandy,38.8,113.1,20.8,77.9,22.8,17.4,2.6,130.0,no_watering
Potato,vegetative,11.2,6,loam,98.2,2.0,12.3,82.6,18.4,23.5,6.8,168.0,no_watering
Tomato,fruiting,21.9,15,loam,55.6,35.8,21.7,30.7,31.6,16.6,6.1,32.0,water_later
Pepper,fruiting,9.6,137,loam,52.0,25.3,23.3,90.4,70.3,17.5,5.5,38.0,water_later
Potato,seedling,15.9,144,sandy,79.8,44.9,22.6,87.7,50.0,17.0,6.3,168.0,no_watering
Tomato,flowering,8.9,121,loam,88.2,3.4,31.0,69.8,43.3,23.2,8.8,15.0,water_later
Pepper,seedling,15.3,74,sandy,97.9,4.5,20.6,72.2,17.7,13.0,2.1,168.0,no_watering
Tomato,fruiting,12.4,10,clay,78.8,10.2,28.8,30.1,80.1,10.8,4.6,168.0,no_watering
Potato,seedling,17.4,136,sandy,36.3,80.9,17.0,51.4,40.3,2.7,6.5,10.0,water_now
Pepper,vegetative,8.4,39,loam,45.1,49.5,31.1,63.7,1.2,24.2,2.8,35.0,water_later
Potato,seedling,14.5,28,sandy,42.3,88.8,14.1,42.2,80.8,20.4,4.0,168.0,no_watering
Tomato,seedling,21.9,110,clay,95.2,17.4,26.9,70.5,86.1,12.8,2.6,168.0,no_watering
Pepper,fruiting,5.8,111,loam,64.9,15.8,16.1,84.7,39.4,12.1,6.7,33.0,water_later
Pepper,fruiting,9.7,135,sandy,85.0,12.4,18.2,40.7,77.3,11.2,5.9,14.0,water_later
Pepper,fruiting,9.0,72,loam,47.0,16.2,20.6,31.8,7.5,9.8,11.3,8.0,water_now
Pepper,fruiting,14.8,74,sandy,38.0,33.9,21.4,68.8,38.1,0.8,5.5,9.0,water_now
Pepper,flowering,13.1,3,sandy,37.3,30.3,34.4,86.6,64.5,9.5,2.7,12.0,water_now
Pepper,vegetative,15.4,130,loam,56.6,39.9,27.3,81.8,73.6,10.5,2.9,168.0,no_watering
Tomato,seedling,8.2,10,clay,87.0,27.8,21.6,81.5,77.5,23.7,2.4,168.0,no_watering
Potato,flowering,17.4,141,loam,46.1,26.1,26.0,86.0,84.8,4.5,6.6,12.0,water_now
Potato,vegetative,20.3,147,loam,35.2,111.9,26.3,77.2,70.9,10.0,3.7,11.0,water_now
Pepper,vegetative,8.3,19,sandy,76.2,7.1,25.7,75.8,77.8,9.0,10.1,15.0,water_later
Tomato,vegetative,15.4,15,clay,81.5,14.5,23.8,33.3,1.3,23.5,7.0,129.0,no_watering
Tomato,fruiting,13.4,83,loam,87.7,4.9,28.6,56.6,30.1,23.8,4.8,134.0,no_watering
Tomato,fruiting,17.4,71,sandy,51.6,8.9,31.1,85.3,0.1,10.3,10.0,7.0,water_now
Potato,flowering,21.8,99,sandy,36.3,32.7,13.4,55.6,56.9,24.6,7.4,8.0,water_now
Potato,vegetative,19.2,17,clay,90.2,29.3,18.1,81.4,64.6,1.7,3.4,168.0,no_watering
Tomato,vegetative,14.2,149,loam,65.7,36.9,32.7,48.9,18.4,20.6,2.2,168.0,no_watering
Pepper,flowering,15.2,59,loam,79.3,14.0,17.5,39.5,44.7,13.1,11.2,18.0,water_later
Tomato,seedling,10.4,147,clay,41.1,159.5,23.2,34.7,52.4,17.1,2.2,168.0,no_watering
Tomato,fruiting,22.9,52,sandy,71.2,10.3,26.4,28.6,9.4,19.7,10.6,9.0,water_now
Pepper,vegetative,9.1,121,clay,67.0,40.8,22.3,93.7,78.5,8.1,8.5,168.0,no_watering
Potato,seedling,17.0,40,loam,67.2,83.1,14.9,36.7,62.1,18.9,2.9,168.0,no_watering
Pepper,seedling,5.1,61,loam,59.4,41.8,21.6,60.7,34.2,5.1,4.5,168.0,no_watering
Tomato,fruiting,9.9,10,clay,81.7,7.3,23.8,88.7,49.8,9.5,9.5,66.0,no_watering
Tomato,seedling,9.8,28,loam,99.1,1.8,27.6,28.4,15.8,10.0,10.0,90.0,no_watering
Pepper,vegetative,10.4,27,loam,78.9,13.6,16.1,88.7,64.8,2.4,9.4,58.0,no_watering
Tomato,seedling,18.2,29,clay,36.0,168.0,23.0,82.2,31.3,4.3,11.1,14.0,water_later
Pepper,seedling,6.2,122,loam,37.5,78.0,25.0,29.6,57.4,18.3,6.7,168.0,no_watering
Tomato,fruiting,10.4,92,sandy,98.1,1.1,15.3,78.5,38.6,8.5,10.6,15.0,water_later
Tomato,fruiting,9.2,46,sandy,89.7,3.9,24.3,56.0,21.7,14.0,3.2,132.0,no_watering
Potato,seedling,28.2,68,sandy,86.5,19.7,13.9,47.4,27.8,21.4,11.3,33.0,water_later
Potato,vegetative,10.8,95,sandy,71.2,9.3,27.9,65.6,51.3,24.8,7.0,12.0,water_now
Pepper,fruiting,12.9,26,loam,64.3,46.9,16.5,62.1,39.6,24.0,4.1,168.0,no_watering
Pepper,fruiting,9.9,133,loam,50.7,23.4,30.7,57.9,58.6,21.6,2.6,168.0,no_watering
Potato,fruiting,29.4,8,clay,50.1,63.8,24.6,93.5,49.5,10.8,3.0,168.0,no_watering
Pepper,seedling,7.0,31,loam,99.3,1.0,16.4,92.6,45.9,18.9,5.2,168.0,no_watering
Potato,vegetative,27.8,132,loam,58.5,55.5,13.3,64.3,88.4,16.1,6.1,168.0,no_watering
Potato,vegetative,28.7,88,sandy,50.6,17.6,25.9,35.6,2.6,9.0,7.6,10.0,water_now
Pepper,fruiting,12.6,2,loam,65.0,21.3,28.8,43.0,81.3,8.5,2.6,168.0,no_watering
Pepper,flowering,11.0,88,loam,63.2,25.0,32.0,41.6,79.3,20.7,5.4,14.0,water_later
Potato,fruiting,16.4,113,clay,99.0,0.6,22.6,57.4,46.5,6.9,11.1,38.0,water_later
Potato,flowering,28.5,120,sandy,68.9,8.8,19.4,31.8,58.3,17.0,9.3,12.0,water_now
Pepper,flowering,10.8,141,clay,96.5,3.0,16.1,47.3,33.6,20.5,6.1,168.0,no_watering
Tomato,flowering,16.9,24,sandy,81.1,5.6,29.5,50.2,72.2,4.0,10.5,12.0,water_now
Potato,fruiting,26.6,123,loam,75.1,21.9,16.5,57.7,61.4,10.1,7.7,39.0,water_later
Pepper,vegetative,8.6,125,loam,84.2,18.6,17.4,77.9,68.6,6.7,11.0,37.0,water_later
Pepper,vegetative,11.8,48,loam,63.2,40.2,21.2,53.6,46.3,5.5,2.5,140.0,no_watering
Pepper,vegetative,11.0,115,loam,83.4,13.0,22.7,76.1,87.6,22.9,5.8,168.0,no_watering
Pepper,flowering,12.2,123,sandy,94.9,1.7,35.6,55.9,17.6,7.0,9.2,10.0,water_now
Potato,vegetative,20.9,120,clay,60.3,33.1,28.9,64.6,15.4,20.6,8.1,22.0,water_later
Tomato,seedling,18.4,81,sandy,48.5,38.9,26.6,54.0,32.9,9.2,8.2,11.0,water_now
Potato,vegetative,17.2,90,loam,38.2,45.7,17.9,63.9,21.1,16.8,7.7,10.0,water_now
Pepper,seedling,12.2,22,loam,76.6,54.7,26.8,47.6,66.2,18.2,10.1,168.0,no_watering
Tomato,seedling,21.3,133,loam,56.6,76.7,26.1,27.2,6.8,13.7,6.8,37.0,water_later
Pepper,fruiting,9.9,56,sandy,37.5,23.5,25.4,73.7,55.0,10.2,8.9,7.0,water_now
Tomato,seedling,22.6,139,clay,48.1,83.1,22.3,75.7,81.8,20.0,8.9,168.0,no_watering
Tomato,flowering,12.5,123,loam,71.5,12.5,26.7,39.8,62.5,8.0,6.2,16.0,water_later
Pepper,seedling,15.5,15,loam,57.3,70.8,16.0,38.8,8.0,24.1,6.8,111.0,no_watering
Pepper,flowering,7.1,81,sandy,60.2,16.6,16.9,40.7,33.0,16.7,7.0,15.0,water_later
Potato,fruiting,10.5,12,loam,54.0,32.7,21.3,40.8,35.0,16.5,4.2,168.0,no_watering
Potato,seedling,17.9,59,clay,41.7,100.7,18.4,42.6,44.5,23.9,9.5,135.0,no_watering
Tomato,seedling,23.9,22,sandy,76.0,33.3,30.1,66.8,2.4,13.1,10.3,34.0,water_later
Pepper,vegetative,11.6,55,clay,80.3,29.8,26.8,69.4,63.6,8.6,2.1,168.0,no_watering
Tomato,fruiting,12.7,114,sandy,80.6,4.9,28.6,32.1,55.4,17.9,6.9,27.0,water_later
Potato,fruiting,12.8,120,clay,88.9,14.8,15.7,76.6,34.3,14.1,3.1,168.0,no_watering
Pepper,fruiting,13.0,27,sandy,52.5,41.9,18.9,84.9,39.3,6.8,5.3,16.0,water_later
Potato,seedling,21.0,127,sandy,91.8,5.9,22.8,71.4,42.6,6.2,10.2,38.0,water_later
Tomato,fruiting,22.4,54,sandy,66.3,18.0,18.9,89.9,28.3,20.7,8.8,11.0,water_now
Tomato,fruiting,23.6,113,sandy,39.4,14.7,29.4,65.0,32.4,7.9,11.3,6.0,water_now
Tomato,vegetative,10.1,140,clay,47.9,65.3,25.5,76.3,46.5,7.1,3.0,108.0,no_watering
Pepper,seedling,12.9,7,loam,45.5,49.6,29.5,36.0,85.8,11.4,8.5,168.0,no_watering
Tomato,fruiting,20.0,45,sandy,61.1,12.6,19.0,67.6,80.1,22.9,6.6,25.0,water_later
Potato,seedling,14.4,91,loam,91.9,23.3,21.9,69.9,26.2,19.9,5.4,133.0,no_watering
Tomato,seedling,12.0,49,loam,76.3,45.5,30.0,93.5,40.8,17.0,2.8,168.0,no_watering
Potato,flowering,27.5,103,sandy,58.7,20.2,23.3,39.3,53.7,19.5,6.2,11.0,water_now
Pepper,vegetative,13.3,19,clay,82.3,12.2,30.2,70.9,0.4,21.0,6.1,111.0,no_watering
Pepper,seedling,6.8,100,clay,56.5,52.5,31.9,86.3,58.0,14.9,11.5,86.0,no_watering
Pepper,flowering,8.1,134,loam,77.6,19.7,18.5,38.7,40.6,14.9,5.5,50.0,no_watering
Pepper,seedling,13.0,122,loam,55.5,115.4,26.1,48.2,87.2,4.0,2.9,168.0,no_watering
Tomato,seedling,16.6,119,clay,68.9,27.7,32.8,60.1,48.9,23.6,10.7,39.0,water_later
Potato,vegetative,31.1,102,sandy,35.3,39.9,28.8,85.3,64.5,25.0,7.1,12.0,water_now
Tomato,fruiting,14.4,107,sandy,50.8,14.6,31.6,37.3,84.3,14.0,11.6,6.0,water_now
Tomato,fruiting,19.9,82,loam,42.0,34.8,16.3,43.3,31.0,8.1,5.6,11.0,water_now
Potato,seedling,23.0,86,clay,66.4,52.7,28.9,91.9,10.0,23.5,9.6,83.0,no_watering
Tomato,flowering,15.5,36,sandy,94.7,2.5,27.8,81.9,5.3,15.6,11.1,30.0,water_later
Pepper,fruiting,6.9,17,sandy,54.5,13.3,29.1,65.8,69.9,17.4,3.7,168.0,no_watering
Pepper,fruiting,5.7,57,clay,83.4,10.0,15.2,62.4,2.7,24.8,6.1,61.0,no_watering
Potato,fruiting,18.2,108,clay,54.4,77.2,12.9,70.2,1.0,21.5,2.2,108.0,no_watering
Potato,seedling,14.5,42,clay,66.2,94.8,23.8,52.3,78.7,0.1,2.5,168.0,no_watering
Pepper,flowering,14.5,68,sandy,66.9,17.9,25.6,50.4,22.9,19.5,2.1,58.0,no_watering
Pepper,fruiting,15.0,2,sandy,64.8,11.4,28.1,94.4,76.1,9.3,4.3,168.0,no_watering
Pepper,fruiting,14.8,32,sandy,54.1,28.1,17.8,58.8,2.2,6.9,5.8,13.0,water_later
Pepper,fruiting,5.6,114,loam,82.4,6.6,17.0,73.2,66.4,19.3,9.8,14.0,water_later
Tomato,seedling,19.0,117,loam,56.3,83.5,31.1,62.6,51.8,8.4,10.8,15.0,water_later
Pepper,fruiting,5.9,78,loam,66.3,14.3,32.8,87.8,73.0,1.1,4.5,15.0,water_later
Pepper,seedling,10.2,143,loam,39.6,113.8,20.6,41.8,38.3,17.7,4.5,168.0,no_watering
Pepper,fruiting,12.0,134,loam,66.4,27.5,18.0,73.9,32.4,4.6,2.1,102.0,no_watering
Pepper,seedling,9.3,132,sandy,43.5,73.9,25.9,75.8,4.0,17.9,5.6,13.0,water_later
Pepper,vegetative,11.3,148,clay,47.0,100.1,31.2,50.3,89.3,18.6,3.1,168.0,no_watering
Potato,vegetative,30.8,18,loam,74.7,22.9,13.5,87.7,51.2,19.5,6.3,168.0,no_watering
Tomato,seedling,16.6,76,loam,61.9,33.5,33.1,79.5,13.8,1.8,11.5,16.0,water_later
Tomato,flowering,13.1,64,clay,35.2,38.1,33.4,47.1,20.9,17.6,3.8,11.0,water_now
Pepper,seedling,15.3,98,sandy,65.0,63.9,19.8,67.0,75.5,9.1,2.9,168.0,no_watering
Pepper,seedling,11.0,125,sandy,42.6,68.8,21.2,25.4,77.8,24.7,4.9,168.0,no_watering
Pepper,vegetative,15.3,137,loam,42.4,31.0,34.8,64.1,35.7,1.6,5.3,11.0,water_now
Pepper,flowering,10.7,107,clay,39.6,48.3,23.1,86.0,81.6,6.9,8.1,10.0,water_now
Potato,flowering,31.6,92,clay,45.9,63.6,12.6,53.4,64.5,11.8,6.8,16.0,water_later
Pepper,vegetative,14.1,15,sandy,50.8,15.1,27.7,38.6,58.3,10.8,8.2,15.0,water_later
Potato,seedling,10.8,52,loam,41.3,126.3,27.4,90.2,75.1,9.0,2.0,168.0,no_watering
Pepper,fruiting,10.2,3,sandy,78.7,8.6,31.5,78.9,58.1,4.4,9.1,15.0,water_later
Pepper,fruiting,9.4,26,clay,95.4,4.1,30.9,57.0,58.3,15.8,7.8,59.0,no_watering
Potato,vegetative,15.4,107,sandy,77.8,15.5,17.2,34.2,49.1,5.8,8.8,14.0,water_later
Potato,fruiting,19.3,13,sandy,58.6,17.5,13.1,93.6,45.6,14.9,9.4,16.0,water_later
Potato,vegetative,28.4,19,clay,68.2,33.4,24.8,68.5,27.7,2.8,4.2,168.0,no_watering
Tomato,flowering,15.6,87,sandy,47.9,24.2,32.5,55.1,42.4,10.5,9.1,8.0,water_now
Pepper,fruiting,8.5,16,sandy,45.2,12.5,22.6,37.3,31.6,4.9,7.4,10.0,water_now
Pepper,flowering,12.2,120,sandy,44.3,21.4,21.1,83.1,38.5,18.1,6.9,13.0,water_later
Pepper,seedling,11.1,24,loam,55.9,98.1,15.1,90.3,66.8,23.9,4.3,168.0,no_watering
Pepper,flowering,10.8,11,clay,67.3,19.9,29.1,91.1,85.8,4.6,10.6,83.0,no_watering
Pepper,vegetative,10.0,148,sandy,99.4,0.2,35.7,35.4,46.0,17.8,5.7,37.0,water_later
Pepper,fruiting,10.9,34,sandy,53.0,22.1,17.5,58.9,38.0,19.1,5.1,13.0,water_later
Tomato,flowering,18.6,49,loam,89.1,21.1,23.0,49.2,12.5,22.3,2.0,168.0,no_watering
Tomato,vegetative,15.4,33,clay,65.4,50.4,19.4,59.6,10.2,8.0,3.1,168.0,no_watering
Tomato,flowering,20.6,92,loam,64.1,56.0,16.5,28.8,51.5,11.6,2.1,168.0,no_watering
Pepper,vegetative,6.6,134,loam,70.4,27.5,20.6,65.8,53.5,12.4,3.8,168.0,no_watering
Potato,flowering,23.1,116,clay,57.2,23.6,24.4,26.8,82.6,18.5,7.2,17.0,water_later
Potato,vegetative,11.2,26,sandy,71.2,9.2,25.3,31.1,42.3,5.1,7.4,18.0,water_later
Potato,fruiting,13.3,145,clay,70.7,52.0,19.2,44.0,55.9,18.0,7.6,84.0,no_watering
Tomato,vegetative,9.0,131,clay,74.2,20.4,26.5,92.0,34.9,10.5,8.3,55.0,no_watering
Pepper,vegetative,5.0,38,clay,54.9,16.7,31.3,30.7,12.5,6.1,9.9,15.0,water_later
Pepper,flowering,7.7,98,clay,36.2,91.7,16.7,86.6,44.0,19.3,5.1,12.0,water_now
Potato,vegetative,11.5,82,loam,87.7,6.7,27.6,26.8,18.4,10.2,8.0,34.0,water_later
Pepper,fruiting,9.8,55,loam,91.1,2.3,34.4,71.0,71.7,13.4,9.7,13.0,water_later
Potato,vegetative,25.6,16,loam,44.5,71.6,27.6,37.2,78.2,17.6,3.3,168.0,no_watering
Potato,fruiting,16.9,118,loam,55.8,14.2,28.9,53.8,79.1,24.0,9.7,14.0,water_later
Tomato,vegetative,15.2,38,loam,37.0,33.2,16.9,44.3,43.4,24.4,10.5,8.0,water_now
Potato,vegetative,21.3,30,loam,57.1,22.7,18.1,66.9,48.0,10.0,9.9,41.0,water_later
Pepper,vegetative,15.4,137,loam,87.9,11.3,28.2,34.3,74.1,10.4,3.4,134.0,no_watering
Potato,fruiting,14.0,42,sandy,83.1,7.4,20.2,59.9,43.7,11.1,10.0,16.0,water_later
Potato,vegetative,23.9,24,sandy,84.8,8.9,18.7,59.3,31.1,11.3,6.3,40.0,water_later
Pepper,seedling,7.2,110,clay,76.2,44.7,20.4,92.4,1.1,13.8,6.0,168.0,no_watering
Potato,flowering,15.1,10,loam,73.8,34.1,21.0,25.9,84.9,24.5,4.2,168.0,no_watering
Pepper,seedling,13.3,122,sandy,55.2,28.3,22.6,48.9,80.6,2.1,12.0,12.0,water_now
Pepper,flowering,15.6,116,clay,66.5,29.4,23.8,88.4,22.2,14.4,5.6,46.0,water_later
Pepper,fruiting,15.2,26,clay,65.4,9.2,30.9,74.8,65.4,21.9,10.9,16.0,water_later
Tomato,seedling,17.8,127,loam,46.0,123.9,23.1,88.2,23.6,3.2,11.0,14.0,water_later
Potato,vegetative,10.4,62,clay,64.8,39.7,16.6,49.5,69.8,9.8,4.1,168.0,no_watering
Tomato,flowering,16.7,86,sandy,52.2,9.7,31.6,95.0,43.5,24.1,10.1,7.0,water_now
Potato,seedling,28.2,135,loam,46.8,46.8,23.1,54.5,17.1,16.9,11.6,13.0,water_later
Pepper,seedling,5.6,22,sandy,96.4,2.3,35.1,32.6,23.5,20.0,5.3,168.0,no_watering
Pepper,fruiting,8.4,20,clay,65.6,7.3,35.5,29.0,72.4,22.6,9.7,56.0,no_watering
Tomato,flowering,23.5,24,sandy,98.8,1.1,20.6,39.5,76.6,21.9,7.5,36.0,water_later
Pepper,vegetative,14.0,89,clay,70.7,49.4,27.7,88.6,11.2,0.7,3.6,107.0,no_watering
Potato,seedling,18.0,5,loam,91.6,14.7,21.4,86.9,87.9,23.8,5.4,168.0,no_watering
Potato,flowering,23.0,103,loam,50.9,32.2,15.9,58.7,67.3,0.8,8.0,12.0,water_now
Potato,fruiting,29.3,2,sandy,83.0,19.2,15.2,86.5,86.2,11.3,2.4,168.0,no_watering
Pepper,seedling,6.7,66,loam,73.6,35.3,18.7,38.8,79.9,19.2,2.1,168.0,no_watering
Potato,flowering,23.3,5,sandy,35.1,55.6,18.0,47.9,11.4,23.1,6.5,9.0,water_now
Tomato,fruiting,19.0,139,clay,85.9,12.7,22.7,55.2,59.8,15.7,7.7,65.0,no_watering
Pepper,flowering,9.4,90,clay,96.1,5.0,20.3,87.3,49.1,15.7,5.2,157.0,no_watering
Pepper,vegetative,14.3,9,clay,53.8,34.6,28.2,28.4,89.9,6.1,8.4,87.0,no_watering
Pepper,seedling,12.7,21,clay,90.4,31.7,35.6,28.8,61.1,10.2,3.2,168.0,no_watering
Tomato,fruiting,10.2,116,clay,38.5,29.2,32.3,44.8,17.1,6.4,10.3,7.0,water_now
Tomato,vegetative,19.9,95,sandy,92.5,4.7,19.8,59.8,69.1,9.1,4.8,131.0,no_watering
Pepper,flowering,13.2,118,sandy,67.5,9.5,30.3,41.7,33.3,7.4,5.4,13.0,water_later
Tomato,seedling,12.1,54,loam,61.3,48.2,28.7,30.0,9.2,2.6,5.2,62.0,no_watering
Potato,seedling,18.2,53,sandy,48.4,56.2,22.0,91.7,3.8,21.9,6.4,17.0,water_later
Potato,seedling,16.8,82,clay,84.1,50.7,14.2,51.1,51.6,3.9,10.6,114.0,no_watering
Tomato,vegetative,13.7,47,clay,84.9,9.8,26.7,59.5,7.8,22.0,8.3,62.0,no_watering
Tomato,fruiting,13.8,116,loam,88.5,4.0,30.1,79.2,33.4,8.7,5.9,38.0,water_later
Tomato,seedling,20.9,125,loam,69.2,49.1,31.8,37.3,16.1,14.9,3.3,164.0,no_watering
Potato,seedling,19.1,27,loam,99.3,1.5,22.8,33.9,46.4,2.0,2.6,168.0,no_watering
Potato,vegetative,31.5,10,loam,78.3,18.5,23.1,68.2,55.8,6.3,4.4,168.0,no_watering
Pepper,fruiting,10.6,88,clay,96.7,3.5,22.8,55.9,79.2,3.2,4.7,106.0,no_watering
Pepper,fruiting,5.7,25,clay,91.5,2.8,24.0,57.7,83.8,19.7,10.3,168.0,no_watering
Pepper,fruiting,7.3,1,loam,74.3,6.6,19.8,36.3,21.9,11.5,10.8,42.0,water_later
Potato,flowering,30.5,144,sandy,94.4,1.8,24.2,47.5,11.3,22.8,10.4,11.0,water_now
Tomato,seedling,8.6,36,loam,61.9,54.4,19.5,51.3,20.9,20.4,8.1,168.0,no_watering
Tomato,fruiting,13.4,83,clay,50.3,41.8,15.7,79.6,69.2,8.0,9.7,17.0,water_later
Tomato,flowering,18.3,123,clay,98.7,0.6,31.3,26.0,70.1,4.5,5.9,64.0,no_watering
Potato,seedling,19.6,85,clay,45.9,103.8,27.7,74.2,29.1,19.1,5.9,132.0,no_watering
Pepper,seedling,7.8,53,clay,46.0,109.6,20.0,28.9,21.8,23.1,4.3,168.0,no_watering
Potato,fruiting,16.1,57,clay,95.4,3.4,18.3,40.9,32.8,14.5,6.9,88.0,no_watering
Pepper,fruiting,8.8,44,clay,54.2,14.3,31.1,68.7,29.1,24.1,8.3,13.0,water_later
Tomato,flowering,20.3,115,clay,98.3,1.3,33.8,37.6,71.1,2.6,4.8,82.0,no_watering
Tomato,vegetative,18.3,12,loam,42.9,56.2,26.2,93.5,6.6,13.4,3.4,48.0,water_later
Tomato,vegetative,10.0,123,clay,68.1,17.4,22.5,26.1,71.0,5.3,10.3,32.0,water_later
Potato,fruiting,16.8,138,sandy,75.5,26.4,28.0,87.3,5.3,22.3,4.6,16.0,water_later
Pepper,fruiting,13.8,89,loam,45.3,26.0,30.7,88.6,28.1,15.5,4.4,14.0,water_later
Potato,flowering,12.5,66,loam,97.9,0.8,15.5,26.4,87.2,0.2,11.9,18.0,water_later
Pepper,seedling,13.8,54,clay,50.8,54.4,26.6,37.7,39.1,5.4,10.8,35.0,water_later
Potato,fruiting,10.7,34,clay,85.6,14.3,28.0,43.6,69.3,21.2,3.2,168.0,no_watering
Pepper,vegetative,15.9,112,loam,56.7,26.8,33.6,67.1,6.1,13.8,3.7,34.0,water_later
Pepper,seedling,5.4,54,sandy,85.9,10.1,29.5,68.8,84.2,21.9,7.9,168.0,no_watering
Potato,flowering,21.1,93,clay,93.3,7.0,22.4,54.7,33.0,8.1,6.6,85.0,no_watering
Tomato,fruiting,13.3,119,sandy,57.4,19.2,23.8,72.5,79.7,1.6,2.8,15.0,water_later
Potato,vegetative,29.0,78,clay,42.5,101.0,18.8,65.2,61.4,18.9,2.1,168.0,no_watering
Tomato,vegetative,16.3,69,loam,42.8,44.5,21.1,25.7,2.0,16.7,5.0,13.0,water_later
Tomato,vegetative,20.9,100,sandy,64.1,27.3,27.0,50.4,86.1,8.9,4.5,15.0,water_later
Potato,flowering,18.6,136,clay,82.3,16.9,26.2,71.9,18.0,5.6,8.5,36.0,water_later
Tomato,flowering,23.6,124,clay,85.8,17.3,15.4,73.5,57.3,14.8,8.5,62.0,no_watering
Tomato,vegetative,15.5,64,clay,40.1,38.4,28.7,36.0,53.8,14.6,10.4,9.0,water_now
Pepper,fruiting,5.6,37,sandy,68.0,21.6,17.5,88.5,64.6,7.3,5.7,36.0,water_later
Pepper,flowering,12.7,132,sandy,93.0,1.6,26.9,52.7,71.6,24.5,12.0,12.0,water_now
Pepper,flowering,7.4,133,sandy,75.9,4.4,33.9,25.8,68.5,0.1,7.3,10.0,water_now
Potato,vegetative,21.6,26,sandy,88.4,6.6,15.8,25.9,89.7,15.7,5.1,168.0,no_watering
Pepper,vegetative,12.3,19,clay,72.7,12.7,34.7,36.6,44.3,18.7,11.1,80.0,no_watering
Potato,seedling,14.0,149,sandy,49.3,99.2,15.9,52.5,9.0,10.6,3.2,134.0,no_watering
Potato,vegetative,28.7,110,loam,38.4,38.3,16.5,49.0,19.6,18.9,8.1,9.0,water_now
Pepper,flowering,8.1,118,sandy,49.2,22.8,16.8,82.8,25.7,16.1,10.2,7.0,water_now
Pepper,flowering,8.7,143,clay,90.3,6.0,16.9,72.6,88.9,9.7,8.1,137.0,no_watering
Potato,fruiting,17.6,63,clay,40.1,113.1,15.7,63.7,9.0,20.1,2.3,108.0,no_watering
Pepper,fruiting,14.1,103,sandy,81.0,10.4,17.7,92.9,30.4,15.1,2.8,37.0,water_later
Pepper,flowering,8.6,35,loam,35.4,30.8,26.1,72.8,19.1,23.6,7.2,9.0,water_now
Tomato,flowering,15.4,32,sandy,88.1,5.9,31.0,46.8,12.6,22.2,9.1,13.0,water_later
Potato,vegetative,29.5,16,sandy,50.7,25.9,20.5,78.2,79.8,24.9,5.9,168.0,no_watering
Potato,fruiting,23.8,39,loam,46.8,24.9,22.5,57.0,75.0,11.8,10.2,13.0,water_later
Potato,seedling,10.3,2,loam,43.3,116.9,17.6,46.4,70.9,13.7,4.6,168.0,no_watering
Tomato,seedling,22.9,100,loam,51.0,107.7,27.0,78.5,84.4,19.6,2.6,168.0,no_watering
Tomato,seedling,11.5,15,clay,97.0,6.5,32.3,34.9,62.6,19.3,7.1,168.0,no_watering
Pepper,fruiting,13.0,28,sandy,36.6,11.3,29.4,95.0,78.5,4.5,9.6,8.0,water_now
Tomato,vegetative,12.7,32,loam,43.5,23.3,27.5,52.2,22.1,5.8,9.7,13.0,water_later
Tomato,fruiting,11.4,146,clay,70.3,19.5,19.1,81.3,41.3,22.7,9.4,105.0,no_watering
Potato,fruiting,28.3,12,loam,72.7,25.5,24.1,93.2,83.2,3.6,5.2,158.0,no_watering
Tomato,flowering,22.7,141,sandy,39.7,26.4,27.2,59.1,57.1,5.3,3.6,11.0,water_now
Tomato,flowering,19.2,125,loam,73.4,9.9,28.3,52.3,88.9,17.2,7.7,56.0,no_watering
Potato,vegetative,16.7,148,loam,51.0,126.4,22.1,89.0,24.2,18.4,2.0,168.0,no_watering
Tomato,fruiting,16.8,141,loam,92.1,1.5,33.9,50.0,38.5,21.0,10.3,11.0,water_now
Pepper,vegetative,8.0,67,clay,86.7,22.1,34.7,36.7,70.7,4.7,3.3,159.0,no_watering
Pepper,vegetative,13.4,104,loam,93.3,3.5,21.3,70.4,87.1,10.0,10.4,36.0,water_later
Tomato,flowering,12.8,67,sandy,90.2,3.9,20.9,57.6,53.0,4.2,5.7,35.0,water_later
Pepper,flowering,11.1,142,sandy,39.2,24.8,15.2,30.4,84.0,15.7,8.7,7.0,water_now
Pepper,flowering,12.7,37,clay,81.7,19.7,29.3,33.5,89.6,8.6,2.9,168.0,no_watering
Potato,vegetative,20.5,89,loam,71.2,24.0,17.5,91.9,30.7,19.9,5.9,168.0,no_watering
Potato,vegetative,30.0,65,loam,56.6,35.2,21.8,50.6,5.3,11.0,11.5,11.0,water_now
Potato,vegetative,22.8,126,loam,37.3,27.4,23.8,31.2,61.4,17.5,9.2,14.0,water_later
Potato,vegetative,14.9,74,loam,92.3,4.4,22.6,85.5,30.2,17.8,7.7,57.0,no_watering
Tomato,fruiting,21.5,141,sandy,84.1,2.6,31.4,69.0,16.4,1.6,9.4,10.0,water_now
Tomato,vegetative,20.0,110,clay,54.6,73.2,19.7,54.0,4.3,9.6,2.4,132.0,no_watering
Tomato,flowering,20.0,8,loam,35.8,28.6,27.5,28.8,57.4,18.2,11.3,7.0,water_now
Tomato,vegetative,11.0,134,sandy,70.0,15.5,19.5,32.1,64.6,22.7,9.1,12.0,water_now
Pepper,fruiting,12.2,100,sandy,68.7,10.2,26.2,41.7,18.0,22.2,5.7,12.0,water_now
Potato,flowering,30.5,58,sandy,38.6,32.3,21.6,57.4,36.4,4.9,3.6,12.0,water_now
Pepper,fruiting,5.5,144,loam,65.6,18.2,31.3,70.2,25.9,18.1,4.7,14.0,water_later
Potato,fruiting,20.0,69,loam,44.8,25.4,25.8,67.9,1.9,2.4,8.5,10.0,water_now
Potato,fruiting,16.3,135,clay,69.4,28.0,25.0,29.0,70.9,0.9,6.6,38.0,water_later
Tomato,seedling,18.3,138,sandy,60.2,60.4,15.5,81.9,35.4,13.7,5.3,168.0,no_watering
Tomato,fruiting,11.9,74,clay,43.5,22.6,28.7,58.2,21.6,1.3,6.9,11.0,water_now
Potato,seedling,17.0,149,loam,98.4,2.6,28.4,60.6,16.5,6.3,11.4,42.0,water_later
Tomato,flowering,12.9,27,loam,71.7,32.3,18.6,35.0,49.7,24.7,8.9,86.0,no_watering
Tomato,fruiting,21.8,5,loam,79.8,6.3,30.4,89.2,81.0,12.4,11.2,96.0,no_watering
Potato,vegetative,31.0,12,sandy,51.2,27.1,20.2,31.6,73.9,3.7,4.5,36.0,water_later
Pepper,seedling,10.0,101,loam,61.0,78.0,18.2,30.7,55.3,23.9,2.4,168.0,no_watering
Pepper,fruiting,12.6,22,clay,48.9,25.8,30.1,27.0,5.7,17.5,3.7,38.0,water_later
Potato,flowering,29.6,41,sandy,64.6,15.9,13.7,84.6,33.4,11.8,7.5,15.0,water_later
Tomato,vegetative,13.3,118,clay,93.1,11.1,30.8,46.6,65.0,17.4,5.1,168.0,no_watering
Tomato,vegetative,11.8,24,sandy,78.1,13.6,26.7,29.8,33.9,6.4,2.6,89.0,no_watering
Pepper,fruiting,6.9,102,loam,56.7,10.0,25.2,77.8,65.7,10.5,11.6,9.0,water_now
Potato,vegetative,26.2,4,loam,76.6,18.0,13.1,41.7,49.4,12.4,7.2,168.0,no_watering
Potato,fruiting,21.1,52,sandy,46.3,22.1,18.5,54.3,68.0,8.9,7.0,14.0,water_later
Pepper,fruiting,7.8,12,clay,57.9,30.8,15.3,56.8,42.8,13.3,4.7,168.0,no_watering
Tomato,seedling,19.6,68,loam,88.3,14.8,32.6,76.6,57.9,2.7,9.6,59.0,no_watering
Pepper,vegetative,13.3,126,loam,95.0,5.9,26.2,60.5,32.6,11.0,8.0,38.0,water_later
Pepper,fruiting,14.5,101,loam,69.6,25.1,26.0,78.5,9.1,16.7,8.9,12.0,water_now
Potato,vegetative,10.4,111,loam,45.6,67.4,19.7,71.7,41.6,23.2,3.7,168.0,no_watering
Tomato,flowering,13.0,82,clay,90.1,3.5,33.7,73.6,38.8,2.3,9.0,34.0,water_later
Tomato,vegetative,11.7,20,sandy,69.6,25.8,17.8,43.1,80.0,15.5,5.9,168.0,no_watering
Potato,seedling,16.1,19,loam,56.9,49.2,25.2,61.9,37.3,17.3,7.7,64.0,no_watering
Tomato,flowering,9.1,133,loam,70.7,11.3,21.8,46.7,69.1,22.9,8.6,14.0,water_later
Potato,flowering,22.6,52,loam,88.2,5.7,22.0,36.3,12.7,17.5,6.6,39.0,water_later
Potato,vegetative,19.2,93,sandy,83.6,5.3,26.5,93.1,7.7,8.2,9.2,13.0,water_later
Tomato,flowering,20.1,74,loam,35.2,50.4,31.4,47.6,53.7,12.7,7.1,10.0,water_now
Tomato,seedling,10.2,73,loam,63.1,25.5,32.5,79.5,45.8,20.8,10.8,17.0,water_later
Potato,vegetative,16.7,48,sandy,57.1,61.5,17.5,68.7,32.2,2.7,6.2,15.0,water_later
Pepper,seedling,5.4,146,loam,81.0,18.5,27.4,55.6,40.0,24.9,8.2,168.0,no_watering
Tomato,flowering,9.7,81,clay,61.9,27.9,19.2,66.5,13.1,24.9,9.9,17.0,water_later
Tomato,seedling,12.0,142,clay,58.6,34.3,32.1,61.2,40.4,5.4,11.7,36.0,water_later
Pepper,vegetative,14.1,95,clay,45.2,74.2,20.0,47.2,6.6,0.2,2.9,59.0,no_watering
Tomato,seedling,23.1,108,clay,51.5,168.0,26.5,29.4,83.1,17.4,4.5,168.0,no_watering
Tomato,vegetative,19.2,62,sandy,45.6,64.7,18.8,81.1,50.6,10.8,4.6,37.0,water_later
Potato,seedling,30.1,95,sandy,59.2,41.1,27.7,88.3,61.0,12.6,5.5,40.0,water_later
Pepper,vegetative,5.0,80,clay,41.1,77.3,31.4,62.0,79.5,7.2,3.5,51.0,no_watering
Potato,flowering,28.2,23,sandy,65.3,11.5,13.2,29.5,52.3,4.7,9.5,14.0,water_later
Pepper,fruiting,8.2,56,sandy,56.0,14.1,19.9,79.4,36.3,13.4,5.9,12.0,water_now
Pepper,flowering,10.0,31,sandy,92.1,3.5,28.9,43.0,35.8,3.1,8.8,15.0,water_later
Tomato,seedling,16.0,138,loam,59.6,58.1,27.0,84.8,53.4,10.6,6.0,65.0,no_watering
Tomato,seedling,20.5,91,clay,61.8,60.9,19.9,59.6,19.7,1.0,10.6,58.0,no_watering
Tomato,fruiting,12.1,113,clay,68.4,26.0,18.8,80.8,36.1,14.1,8.2,32.0,water_later
Tomato,vegetative,17.3,121,sandy,82.6,9.4,24.4,44.0,18.9,20.2,7.6,32.0,water_later
Pepper,fruiting,5.0,142,clay,36.9,14.3,30.6,66.9,55.0,21.2,11.2,13.0,water_later
Potato,seedling,23.5,103,sandy,67.5,35.1,16.8,49.9,62.0,0.4,10.4,16.0,water_later
Pepper,flowering,14.0,83,loam,69.1,11.0,22.3,38.9,44.3,18.6,9.1,13.0,water_later
Potato,vegetative,26.1,80,loam,81.8,14.8,22.0,73.0,13.7,7.2,10.5,23.0,water_later
Pepper,seedling,13.2,16,clay,88.6,27.7,15.5,47.6,15.2,4.6,6.8,168.0,no_watering
Pepper,vegetative,12.3,51,loam,93.1,4.7,34.2,54.2,81.8,14.3,2.7,168.0,no_watering
Tomato,flowering,18.7,118,loam,37.1,19.8,29.7,49.6,23.1,22.5,8.7,7.0,water_now
Pepper,vegetative,13.4,98,clay,64.5,96.2,15.6,46.5,73.9,0.9,2.4,168.0,no_watering
Potato,fruiting,19.3,59,clay,91.9,5.2,14.3,29.8,77.3,6.0,10.3,65.0,no_watering
Pepper,fruiting,8.8,67,loam,64.5,8.9,28.9,34.1,10.1,16.2,8.5,13.0,water_later
Potato,vegetative,26.5,95,clay,43.6,66.1,15.5,47.6,24.1,13.6,4.8,35.0,water_later
Potato,flowering,11.5,117,loam,53.1,61.2,14.0,68.1,27.5,12.3,5.1,18.0,water_later
Pepper,flowering,10.6,3,sandy,52.9,32.1,34.0,93.1,57.9,10.9,2.7,168.0,no_watering
Tomato,fruiting,23.0,55,sandy,81.7,5.9,23.1,90.3,9.6,10.8,6.1,33.0,water_later
Pepper,fruiting,15.3,52,loam,85.3,8.0,32.3,50.6,74.8,3.2,5.2,37.0,water_later
Tomato,vegetative,20.0,72,clay,46.1,56.8,31.0,34.8,81.9,17.8,10.4,14.0,water_later
Pepper,fruiting,6.9,15,sandy,73.4,5.7,19.4,41.7,35.9,14.8,8.8,35.0,water_later
Potato,flowering,19.8,145,clay,72.7,38.1,18.9,65.2,78.3,8.8,10.2,37.0,water_later
Tomato,flowering,14.0,37,sandy,78.1,11.6,17.5,90.5,30.6,6.9,4.9,60.0,no_watering
Pepper,seedling,13.3,86,loam,53.6,118.4,16.7,75.6,11.3,19.3,8.8,36.0,water_later
Tomato,seedling,23.0,19,sandy,63.2,24.1,27.5,63.8,11.8,20.4,9.8,34.0,water_later
Tomato,fruiting,15.4,45,clay,81.8,5.5,30.5,35.7,88.1,13.6,9.3,42.0,water_later
Potato,fruiting,19.9,34,clay,89.4,8.5,19.8,59.3,67.0,10.2,8.8,113.0,no_watering
Tomato,vegetative,10.5,89,loam,77.0,12.2,23.3,52.2,51.6,0.8,8.2,31.0,water_later
Potato,fruiting,25.2,114,clay,39.2,110.5,16.1,34.2,48.8,4.9,3.4,30.0,water_later
Pepper,flowering,14.7,76,loam,61.0,22.6,27.0,72.7,56.2,7.4,5.5,29.0,water_later
Pepper,flowering,9.0,49,clay,56.6,17.9,24.6,55.4,73.8,14.4,11.2,18.0,water_later
Tomato,vegetative,10.5,37,clay,96.1,2.9,20.7,79.5,86.1,0.9,9.7,104.0,no_watering
Pepper,flowering,11.5,137,sandy,49.5,15.5,23.3,85.0,38.5,15.1,9.3,8.0,water_now
Pepper,fruiting,15.3,95,clay,58.1,25.9,33.0,37.5,11.1,6.3,2.4,37.0,water_later
Potato,seedling,16.6,79,clay,69.8,42.8,20.0,40.1,8.6,24.7,9.1,107.0,no_watering
Pepper,vegetative,8.0,124,clay,61.8,26.8,32.6,38.6,23.0,11.0,4.4,39.0,water_later
Pepper,seedling,10.7,110,sandy,95.9,4.8,29.9,32.4,64.6,24.8,3.0,168.0,no_watering
Pepper,flowering,15.0,3,clay,91.1,7.3,24.6,66.0,49.4,8.5,6.1,168.0,no_watering
Potato,fruiting,27.6,139,loam,95.3,2.0,25.3,72.2,20.6,3.6,9.1,32.0,water_later
Tomato,vegetative,20.1,120,clay,87.8,9.3,33.9,61.3,35.5,12.2,8.7,58.0,no_watering
Potato,vegetative,19.8,76,clay,71.8,20.3,27.3,45.7,22.1,6.0,10.1,24.0,water_later
Potato,vegetative,21.1,43,sandy,80.1,27.6,12.2,26.5,23.9,13.2,2.6,168.0,no_watering
Tomato,fruiting,16.7,102,loam,53.9,38.3,18.3,79.2,19.6,5.5,7.6,12.0,water_now
Pepper,fruiting,6.3,119,clay,61.6,25.5,25.3,94.9,46.1,14.1,3.9,87.0,no_watering
Tomato,vegetative,9.7,100,sandy,76.0,14.2,33.7,77.4,40.9,21.8,6.5,13.0,water_later
Tomato,flowering,8.9,66,sandy,63.6,11.2,21.9,70.9,68.2,14.0,7.7,11.0,water_now
Pepper,vegetative,7.5,108,clay,78.7,30.9,23.1,84.9,50.7,18.3,10.8,65.0,no_watering
Potato,vegetative,24.6,138,clay,43.7,29.8,24.6,94.5,54.3,19.5,12.0,10.0,water_now
Tomato,flowering,23.5,37,clay,70.0,22.0,22.3,57.1,32.1,11.1,5.7,88.0,no_watering
Pepper,vegetative,7.0,138,sandy,63.3,18.0,34.4,43.3,18.8,1.4,6.5,11.0,water_now
Pepper,fruiting,10.1,39,sandy,68.5,16.5,27.8,28.9,26.6,15.5,3.7,36.0,water_later
Pepper,vegetative,15.6,117,sandy,63.1,22.4,21.8,71.4,74.4,5.8,10.3,10.0,water_now
Potato,vegetative,31.1,8,loam,51.9,70.9,19.0,86.4,13.1,7.4,8.6,35.0,water_later
Tomato,flowering,22.7,76,sandy,73.2,20.4,21.4,72.7,78.0,23.5,3.2,35.0,water_later
Tomato,fruiting,10.4,99,loam,61.8,43.0,19.2,72.8,11.5,9.2,2.9,106.0,no_watering
Tomato,seedling,13.9,82,loam,93.1,13.0,21.1,79.8,4.7,12.4,5.0,158.0,no_watering
Tomato,seedling,15.4,118,loam,76.2,29.5,27.3,26.6,10.9,13.6,10.0,35.0,water_later
Tomato,seedling,13.5,57,sandy,76.0,32.2,15.4,40.3,17.5,19.4,8.3,63.0,no_watering
Tomato,flowering,13.3,129,clay,49.4,63.5,17.3,61.0,20.6,18.7,7.4,16.0,water_later
Tomato,fruiting,12.1,146,sandy,88.9,4.0,27.7,48.2,68.9,2.5,2.8,35.0,water_later
Pepper,vegetative,13.0,45,clay,85.7,7.0,26.1,72.4,15.4,4.2,11.8,41.0,water_later
Tomato,flowering,10.8,55,clay,79.4,42.7,16.2,79.6,26.5,20.0,4.1,168.0,no_watering
Pepper,flowering,13.7,119,loam,96.7,3.0,35.7,61.1,12.9,5.9,5.1,36.0,water_later
Pepper,vegetative,7.2,145,sandy,98.7,0.6,35.5,40.5,44.9,12.6,2.2,38.0,water_later
Pepper,flowering,6.6,30,sandy,62.8,13.0,34.1,90.9,17.2,7.5,7.8,11.0,water_now
Tomato,vegetative,11.3,95,sandy,65.8,17.0,30.6,68.1,65.3,13.2,4.2,14.0,water_later
Potato,flowering,20.3,26,clay,75.3,16.6,27.9,49.3,34.4,15.6,8.4,54.0,no_watering
Potato,seedling,21.5,138,sandy,90.4,12.9,28.8,33.6,54.8,11.0,2.0,168.0,no_watering
Potato,vegetative,10.9,13,clay,40.7,113.0,20.0,92.6,33.5,21.9,2.3,86.0,no_watering
Potato,vegetative,21.6,1,loam,51.1,23.8,27.2,60.6,62.6,18.6,10.2,168.0,no_watering
Potato,vegetative,20.3,23,sandy,42.6,25.6,16.9,93.9,43.8,8.3,8.8,10.0,water_now
Pepper,vegetative,6.4,20,loam,36.7,66.2,17.2,25.6,23.1,5.0,7.6,14.0,water_later
Tomato,vegetative,9.7,13,loam,85.5,13.1,28.7,91.4,40.7,13.5,3.0,168.0,no_watering
Potato,fruiting,14.2,106,loam,91.3,12.0,19.9,48.1,53.5,3.1,3.8,108.0,no_watering
Potato,flowering,30.1,82,clay,71.8,55.4,25.6,89.1,76.2,10.1,5.0,82.0,no_watering
Potato,fruiting,31.5,7,loam,38.1,47.7,17.3,78.6,37.2,17.7,6.5,40.0,water_later
Potato,fruiting,21.8,3,clay,90.8,10.0,13.3,69.5,50.0,12.8,6.1,168.0,no_watering
Tomato,flowering,19.9,111,sandy,87.1,6.0,16.4,62.2,20.7,12.6,9.6,13.0,water_later
Tomato,flowering,18.0,4,sandy,88.5,2.8,31.1,46.2,75.8,14.0,12.0,17.0,water_later
Tomato,fruiting,15.9,109,sandy,52.7,22.7,25.1,45.2,87.5,16.2,9.5,8.0,water_now
Tomato,vegetative,23.8,33,loam,90.7,9.5,29.6,57.8,0.2,19.6,2.7,158.0,no_watering
Tomato,fruiting,16.6,74,clay,77.1,7.1,29.4,60.4,62.6,9.3,9.8,33.0,water_later
Pepper,flowering,7.8,102,sandy,73.0,28.0,16.6,40.0,88.6,13.1,4.2,43.0,water_later
Tomato,vegetative,19.2,94,loam,97.9,2.9,16.6,31.3,17.0,8.8,6.5,61.0,no_watering
Potato,flowering,29.9,135,clay,45.8,52.7,26.5,62.9,57.1,9.5,2.7,65.0,no_watering
Tomato,seedling,17.5,72,clay,72.4,80.2,18.6,74.9,19.7,12.1,4.2,168.0,no_watering
Tomato,vegetative,18.5,57,clay,82.8,28.5,23.3,78.0,3.5,23.7,2.0,168.0,no_watering
Pepper,flowering,14.4,77,sandy,38.5,49.1,25.8,83.1,60.1,0.8,6.0,8.0,water_now
Potato,flowering,22.2,118,loam,53.6,17.7,22.4,58.5,31.1,17.8,9.6,11.0,water_now
Pepper,vegetative,12.7,107,sandy,42.7,24.1,34.4,48.1,67.3,22.6,5.7,10.0,water_now
Potato,vegetative,11.6,102,clay,55.2,21.3,18.8,25.3,27.7,12.8,11.9,13.0,water_later
Potato,seedling,16.1,132,loam,48.6,158.9,13.3,85.5,11.1,9.2,5.2,59.0,no_watering
Tomato,flowering,11.5,33,sandy,58.2,9.5,24.1,91.8,78.6,16.4,11.8,9.0,water_now
Tomato,vegetative,12.5,83,loam,98.9,0.5,23.9,48.8,74.2,4.8,10.9,32.0,water_later
Pepper,fruiting,9.7,69,loam,39.7,70.8,19.6,58.0,86.8,23.9,6.2,9.0,water_now
Pepper,fruiting,9.0,66,sandy,88.8,2.8,22.7,86.0,32.7,18.7,9.1,12.0,water_now
Tomato,fruiting,17.2,28,clay,89.6,2.8,32.9,52.7,87.7,5.2,9.6,40.0,water_later
Potato,flowering,31.1,55,sandy,63.4,13.4,22.6,28.1,82.3,12.1,11.5,10.0,water_now
Potato,fruiting,11.2,137,loam,68.2,15.6,18.0,63.9,80.4,25.0,8.4,168.0,no_watering
Potato,vegetative,22.9,12,clay,96.2,2.5,22.2,91.6,23.1,5.9,9.8,136.0,no_watering
Potato,flowering,22.5,116,clay,98.7,1.4,12.2,89.8,21.7,8.0,5.7,156.0,no_watering
Pepper,flowering,5.0,49,clay,51.6,15.4,26.4,29.4,32.5,13.9,10.7,11.0,water_now
Potato,seedling,11.6,115,loam,66.2,73.4,20.6,78.8,64.8,16.1,6.9,168.0,no_watering
Potato,fruiting,23.8,25,sandy,60.2,24.5,22.8,28.8,14.2,22.5,2.9,38.0,water_later
Pepper,vegetative,11.1,15,clay,95.8,2.1,26.1,46.0,75.5,19.8,10.6,168.0,no_watering
Pepper,flowering,8.0,50,sandy,50.7,17.6,31.3,34.0,30.5,9.2,9.9,8.0,water_now
Pepper,flowering,10.4,23,loam,91.3,5.1,30.7,61.5,43.1,7.7,6.1,74.0,no_watering
Tomato,fruiting,14.3,45,sandy,43.4,14.7,28.1,81.6,58.1,11.1,6.1,9.0,water_now
Potato,flowering,21.4,2,loam,57.8,28.8,25.5,52.2,12.9,17.4,3.3,134.0,no_watering
Tomato,fruiting,16.5,74,loam,40.3,30.0,27.8,33.8,83.9,13.7,8.0,8.0,water_now
Potato,vegetative,14.7,130,sandy,56.9,13.1,25.7,58.1,61.1,9.9,8.9,11.0,water_now
Tomato,seedling,8.9,43,sandy,99.3,0.5,31.6,59.2,38.3,0.3,6.4,61.0,no_watering
Tomato,fruiting,13.5,62,sandy,82.8,5.3,23.0,73.6,43.2,25.0,7.6,13.0,water_later
Pepper,vegetative,11.7,36,loam,81.2,40.3,17.3,53.7,82.9,8.1,3.4,168.0,no_watering
Pepper,seedling,12.7,29,loam,77.6,29.0,32.6,73.7,65.5,4.9,4.9,168.0,no_watering
Pepper,seedling,12.2,102,sandy,77.4,16.9,22.1,43.9,32.7,0.8,9.8,31.0,water_later
Pepper,seedling,14.9,52,loam,66.9,36.0,29.3,35.1,68.3,18.7,10.8,42.0,water_later
Tomato,flowering,17.1,130,clay,88.7,10.9,22.6,79.4,14.0,8.3,9.7,38.0,water_later
Tomato,vegetative,22.1,21,clay,75.5,21.2,23.6,34.0,72.7,19.1,6.0,168.0,no_watering
Potato,flowering,12.9,145,clay,67.9,24.9,26.7,61.5,1.1,3.6,6.6,35.0,water_later
Potato,fruiting,31.7,74,clay,60.6,40.9,20.0,37.3,79.9,2.8,3.8,86.0,no_watering
Potato,seedling,24.3,10,clay,98.8,4.2,14.0,75.6,63.4,0.5,4.0,168.0,no_watering
Potato,vegetative,30.3,74,sandy,61.9,19.8,20.6,30.5,85.9,0.8,5.5,14.0,water_later
Pepper,vegetative,14.3,67,loam,43.6,40.7,15.5,54.0,5.7,13.5,11.0,9.0,water_now
Tomato,vegetative,17.6,147,sandy,80.4,14.7,26.5,75.8,67.3,23.2,2.4,168.0,no_watering
Pepper,flowering,5.2,75,sandy,49.4,26.4,34.6,73.0,82.0,0.5,5.1,10.0,water_now
Potato,fruiting,11.8,63,clay,58.5,22.3,25.6,29.7,31.8,12.5,11.5,13.0,water_later
Tomato,fruiting,11.5,6,clay,62.1,48.7,31.0,81.4,65.2,8.6,5.3,168.0,no_watering
Pepper,seedling,10.2,124,sandy,87.5,17.8,18.1,93.2,60.0,7.9,3.7,168.0,no_watering
Pepper,fruiting,11.8,1,clay,47.1,65.6,15.2,74.8,40.6,16.9,9.3,168.0,no_watering
Pepper,flowering,12.9,28,sandy,81.3,7.5,28.8,31.3,10.2,15.6,4.5,85.0,no_watering
Potato,flowering,29.2,121,clay,60.8,108.6,24.2,72.8,17.1,2.6,3.2,83.0,no_watering
Potato,vegetative,11.2,110,clay,81.5,17.7,24.9,35.1,45.5,9.1,4.8,168.0,no_watering
Tomato,seedling,15.1,84,loam,57.5,100.6,15.4,90.3,12.2,7.8,4.7,130.0,no_watering
Tomato,flowering,22.9,93,loam,49.8,33.9,32.6,80.3,72.8,17.8,8.6,9.0,water_now
Potato,vegetative,15.0,133,clay,60.1,34.8,19.4,87.6,69.0,18.0,7.0,161.0,no_watering
Pepper,flowering,14.6,35,loam,36.2,31.8,35.7,83.6,58.0,10.6,11.6,6.0,water_now
Potato,vegetative,21.1,17,loam,70.4,24.8,24.8,54.7,7.1,23.7,7.2,81.0,no_watering
Pepper,fruiting,8.1,132,sandy,80.8,4.7,19.7,43.0,65.2,19.8,7.6,12.0,water_now
Tomato,seedling,17.9,52,sandy,88.1,11.9,33.1,63.5,78.0,6.5,11.2,33.0,water_later
Pepper,seedling,13.9,30,sandy,37.4,44.3,18.8,34.7,21.5,1.2,11.3,9.0,water_now
Tomato,seedling,9.2,69,loam,66.5,22.6,30.8,34.0,3.2,22.0,10.2,20.0,water_later
Pepper,vegetative,7.9,120,sandy,49.3,9.6,30.7,28.6,30.4,22.1,11.7,7.0,water_now
Tomato,vegetative,22.3,38,clay,40.6,100.4,17.9,62.1,62.0,0.6,2.6,85.0,no_watering
Potato,fruiting,30.7,144,loam,82.4,8.8,15.1,83.4,88.3,24.6,10.8,168.0,no_watering
Potato,flowering,27.4,93,loam,95.2,6.7,18.0,25.9,6.6,2.4,6.5,39.0,water_later
Potato,vegetative,24.1,3,clay,50.8,32.5,16.7,34.3,85.6,20.0,11.9,168.0,no_watering
Pepper,flowering,13.8,140,sandy,99.2,0.3,28.3,91.5,8.3,1.2,3.9,36.0,water_later
Potato,vegetative,11.4,118,clay,51.6,60.1,25.7,65.4,2.3,22.5,6.9,24.0,water_later
Tomato,vegetative,22.4,14,sandy,53.5,17.9,24.0,81.1,50.2,12.1,9.1,18.0,water_later
Pepper,vegetative,5.4,145,clay,74.8,35.6,32.2,66.5,42.0,15.6,4.0,168.0,no_watering
Tomato,fruiting,16.0,57,loam,89.4,9.8,18.7,73.1,48.7,0.4,3.6,84.0,no_watering
Tomato,fruiting,9.1,5,loam,86.6,9.3,18.0,41.3,13.6,20.9,9.3,40.0,water_later
Potato,flowering,18.2,14,sandy,98.5,1.4,24.5,30.0,8.7,15.8,2.4,154.0,no_watering
Pepper,fruiting,9.9,20,clay,88.8,7.4,20.6,34.0,86.2,17.3,7.8,168.0,no_watering
Potato,seedling,24.7,33,clay,92.2,19.5,21.1,78.4,56.7,8.4,5.4,168.0,no_watering
Potato,seedling,27.8,109,loam,80.7,26.8,25.1,80.5,26.9,9.7,9.1,62.0,no_watering
Pepper,vegetative,6.0,29,sandy,85.5,3.4,24.8,37.2,2.2,15.6,11.6,13.0,water_later
Pepper,fruiting,14.5,123,sandy,97.1,0.5,29.7,51.4,31.7,6.9,7.7,12.0,water_now
Potato,seedling,15.3,98,loam,71.3,85.6,19.7,39.7,32.6,4.1,4.6,168.0,no_watering
Pepper,seedling,12.5,83,loam,66.4,45.0,22.1,42.1,67.5,10.9,7.3,168.0,no_watering
Potato,flowering,15.5,140,clay,71.8,22.8,23.0,92.1,70.4,18.6,5.7,168.0,no_watering
Potato,fruiting,31.5,63,sandy,95.5,3.0,24.3,28.8,15.4,0.8,10.2,12.0,water_now
Pepper,seedling,13.3,62,loam,84.9,26.9,15.8,74.7,27.7,5.0,7.1,168.0,no_watering
Tomato,flowering,10.2,46,clay,98.7,1.4,28.3,46.6,85.2,17.3,5.3,168.0,no_watering
Potato,vegetative,25.3,123,clay,99.8,0.3,26.5,78.2,70.4,19.3,3.1,168.0,no_watering
Tomato,fruiting,22.8,20,sandy,68.9,9.1,30.0,46.5,63.5,21.2,3.9,34.0,water_later
Pepper,fruiting,13.6,149,clay,67.9,18.7,31.2,89.4,16.4,3.1,3.5,61.0,no_watering
Potato,vegetative,20.8,72,sandy,78.7,17.7,13.8,55.7,73.9,0.8,7.8,16.0,water_later
Potato,seedling,26.5,43,clay,73.0,67.7,26.0,56.1,59.1,20.2,7.1,168.0,no_watering
Tomato,seedling,20.1,105,loam,44.1,99.3,29.6,69.2,72.3,21.9,3.2,168.0,no_watering
Tomato,fruiting,11.5,13,loam,55.5,33.9,28.6,95.0,70.3,24.9,6.4,168.0,no_watering
Pepper,fruiting,12.2,105,clay,79.7,9.6,27.7,60.5,46.4,15.5,9.7,31.0,water_later
Pepper,seedling,9.5,43,loam,98.7,1.2,31.1,89.6,40.4,14.9,9.2,168.0,no_watering
Potato,vegetative,27.4,25,sandy,37.5,49.2,15.0,27.9,32.9,7.8,3.7,12.0,water_now
Pepper,flowering,11.5,122,loam,84.4,5.9,17.8,44.4,16.0,14.6,9.8,31.0,water_later
Pepper,fruiting,10.9,49,loam,53.6,71.5,19.4,34.6,46.7,3.8,2.2,61.0,no_watering
Potato,seedling,27.7,145,clay,87.9,72.2,19.2,51.4,9.2,13.3,2.0,168.0,no_watering
Pepper,fruiting,12.1,121,clay,79.8,7.7,17.6,45.2,75.1,5.5,11.5,17.0,water_later
Potato,fruiting,31.5,110,sandy,71.2,12.8,15.6,36.5,67.7,23.8,6.7,14.0,water_later
Tomato,seedling,18.1,20,clay,50.0,114.8,24.5,84.4,70.8,15.3,7.3,168.0,no_watering
Potato,fruiting,20.4,72,loam,87.0,12.3,22.4,35.9,83.4,14.6,2.1,168.0,no_watering
Potato,flowering,14.1,24,loam,72.4,8.6,23.7,30.1,52.6,21.8,10.3,57.0,no_watering
Pepper,vegetative,10.9,34,clay,54.2,15.6,34.4,41.8,41.4,1.6,11.1,14.0,water_later
Pepper,flowering,10.0,32,sandy,46.4,14.9,22.2,81.0,47.7,19.4,11.2,8.0,water_now
Pepper,seedling,5.1,109,sandy,65.8,19.1,26.4,26.2,66.1,5.2,10.0,13.0,water_later
Pepper,flowering,8.3,131,clay,60.9,27.3,31.6,43.0,43.9,0.7,5.9,33.0,water_later
Tomato,flowering,21.3,77,loam,37.5,19.6,30.5,92.6,76.8,11.8,11.7,6.0,water_now
Pepper,vegetative,12.9,61,clay,94.8,7.4,29.5,56.0,27.6,3.1,3.7,157.0,no_watering
Potato,seedling,11.2,52,sandy,74.7,26.7,28.3,48.1,1.3,16.1,12.0,14.0,water_later
Pepper,vegetative,13.8,78,sandy,51.8,40.8,17.0,76.3,75.7,2.6,4.1,15.0,water_later
Tomato,flowering,19.4,89,clay,56.4,35.6,26.4,90.5,38.1,2.4,8.2,17.0,water_later
Pepper,seedling,5.0,115,sandy,76.9,16.3,15.0,52.5,31.4,5.1,8.4,59.0,no_watering
Pepper,vegetative,9.9,37,sandy,75.0,34.6,27.2,60.8,53.3,17.1,2.8,168.0,no_watering
Potato,vegetative,13.4,66,sandy,51.4,19.7,27.7,46.2,15.0,15.5,5.3,11.0,water_now
Tomato,flowering,15.6,32,loam,90.1,4.6,24.5,66.2,18.8,6.9,9.8,37.0,water_later
Potato,seedling,26.6,76,sandy,54.8,29.3,27.6,60.9,31.6,5.8,9.3,15.0,water_later
Potato,vegetative,19.0,45,sandy,96.2,1.7,23.8,48.6,28.9,11.8,6.0,39.0,water_later
Potato,flowering,27.8,80,clay,60.8,75.6,25.0,90.1,4.9,7.2,4.8,60.0,no_watering
Pepper,flowering,12.6,26,clay,85.0,6.2,28.7,89.3,56.5,22.5,9.3,168.0,no_watering
Tomato,flowering,21.0,79,sandy,51.5,19.9,29.4,43.8,34.4,3.3,3.2,13.0,water_later
Tomato,vegetative,9.8,110,clay,66.8,52.0,15.0,38.6,84.3,12.4,8.6,168.0,no_watering
Tomato,seedling,23.5,93,loam,44.1,65.7,27.7,51.3,61.7,14.2,7.4,35.0,water_later
Potato,seedling,30.5,69,loam,61.4,59.7,21.2,43.3,45.1,21.9,10.5,80.0,no_watering
Tomato,fruiting,24.0,148,loam,87.5,6.0,22.9,38.4,24.5,19.4,9.3,31.0,water_later
Tomato,vegetative,14.0,5,loam,67.3,23.3,25.9,81.8,66.7,0.9,5.7,97.0,no_watering
Pepper,flowering,10.8,54,clay,49.3,40.3,17.0,52.8,81.5,9.6,5.4,168.0,no_watering
Potato,vegetative,23.3,30,clay,75.0,23.1,13.9,58.9,41.0,7.9,7.7,159.0,no_watering
Pepper,vegetative,6.7,136,loam,66.7,17.9,24.9,83.5,54.9,11.2,7.8,88.0,no_watering
Tomato,flowering,23.1,70,loam,71.6,29.6,23.2,68.4,29.4,0.2,8.2,16.0,water_later
Potato,flowering,18.6,88,loam,91.4,11.4,26.7,38.6,58.0,5.0,2.6,108.0,no_watering
Potato,fruiting,25.9,112,sandy,38.2,15.8,26.9,53.7,45.5,5.4,9.5,8.0,water_now
Pepper,vegetative,12.3,87,loam,69.4,26.6,19.3,36.3,59.8,8.4,4.2,109.0,no_watering
Pepper,seedling,8.0,52,loam,88.4,18.6,18.2,52.7,77.2,7.2,3.5,168.0,no_watering
Potato,seedling,13.0,113,loam,78.9,46.2,17.6,29.2,83.1,12.5,5.0,168.0,no_watering
Potato,flowering,16.3,148,clay,86.2,17.9,25.6,37.8,58.6,24.0,4.5,168.0,no_watering
Potato,flowering,11.3,10,clay,64.3,24.4,16.0,84.3,53.9,9.8,7.8,123.0,no_watering
Potato,fruiting,20.7,59,clay,39.4,93.5,13.1,42.4,13.1,6.5,4.6,60.0,no_watering
Pepper,fruiting,6.9,76,loam,65.1,10.0,31.4,68.9,66.8,14.9,6.2,12.0,water_now
Pepper,flowering,14.8,147,sandy,72.9,8.8,35.2,90.8,81.8,12.9,3.6,49.0,no_watering
Potato,fruiting,20.4,94,clay,70.3,17.7,14.4,34.2,70.7,24.8,10.4,168.0,no_watering
Potato,fruiting,29.8,140,sandy,69.1,21.6,27.0,51.2,28.5,19.3,8.6,12.0,water_now
Pepper,flowering,7.5,11,sandy,99.8,0.1,18.5,63.0,32.8,17.0,3.2,168.0,no_watering
Pepper,vegetative,5.6,101,loam,72.0,31.5,27.9,51.0,10.0,7.8,5.5,35.0,water_later
Pepper,seedling,10.7,34,sandy,91.4,7.3,34.1,93.8,62.4,2.4,5.4,110.0,no_watering
Pepper,vegetative,6.0,5,loam,50.2,38.4,30.5,92.7,55.9,17.2,2.9,168.0,no_watering
Potato,fruiting,13.0,85,sandy,48.8,41.4,13.1,43.0,68.0,23.2,8.3,9.0,water_now
Tomato,fruiting,21.5,103,loam,56.5,17.2,34.0,31.8,4.2,14.8,11.5,8.0,water_now
Potato,vegetative,22.7,131,sandy,55.6,21.4,18.3,28.4,16.5,20.3,11.8,11.0,water_now
Potato,fruiting,28.1,80,loam,98.3,1.3,14.3,86.5,48.5,22.0,7.0,67.0,no_watering
Tomato,flowering,22.4,138,clay,67.7,14.9,22.1,39.0,4.8,1.8,10.1,17.0,water_later
Tomato,seedling,16.2,36,clay,92.3,9.3,27.0,56.3,79.0,4.1,9.8,168.0,no_watering
Tomato,vegetative,19.9,3,sandy,76.9,17.3,25.8,84.3,6.2,20.7,3.8,107.0,no_watering
Potato,vegetative,31.4,24,sandy,43.5,62.1,21.8,50.0,25.3,12.9,7.6,11.0,water_now
Potato,vegetative,21.7,10,sandy,68.1,11.5,17.7,76.4,36.8,8.9,10.8,31.0,water_later
Pepper,fruiting,9.9,79,sandy,96.3,1.4,22.2,46.7,27.5,11.6,6.2,14.0,water_later
Potato,flowering,12.3,88,clay,75.5,52.0,14.4,56.2,39.7,4.5,6.0,81.0,no_watering
Tomato,seedling,23.4,64,sandy,70.2,87.6,32.2,66.8,63.4,1.6,2.5,132.0,no_watering
Potato,vegetative,20.9,11,sandy,66.1,24.8,23.9,55.4,10.2,14.5,7.0,38.0,water_later
Potato,fruiting,19.5,29,loam,62.8,15.9,28.9,62.5,84.1,4.4,7.2,40.0,water_later
Tomato,seedling,8.8,44,clay,80.0,15.6,33.7,35.3,56.8,5.1,10.7,81.0,no_watering
Potato,fruiting,12.3,106,clay,49.3,42.5,29.0,69.9,34.6,10.5,11.3,10.0,water_now
Potato,flowering,30.8,106,sandy,60.6,9.9,26.0,44.9,28.3,16.3,8.9,9.0,water_now
Pepper,flowering,10.6,91,loam,86.3,9.5,26.9,80.0,23.2,6.7,4.8,39.0,water_later
Pepper,fruiting,7.5,20,sandy,91.4,4.1,31.7,60.4,70.3,19.0,5.4,129.0,no_watering
Pepper,fruiting,12.3,23,loam,60.1,8.6,31.1,65.2,14.8,1.8,10.9,11.0,water_now
Potato,seedling,21.1,60,loam,84.3,28.3,19.8,74.7,52.8,2.6,5.3,168.0,no_watering
Potato,seedling,26.1,38,sandy,53.6,47.7,26.0,82.7,63.5,0.1,5.9,36.0,water_later
Potato,fruiting,20.9,79,clay,75.4,32.6,23.3,69.9,65.2,2.3,7.3,58.0,no_watering
Pepper,seedling,14.4,36,loam,54.5,53.8,16.3,53.0,58.4,2.3,10.8,42.0,water_later
Potato,flowering,13.4,75,clay,39.0,67.8,17.2,89.9,15.7,21.6,11.1,9.0,water_now
Tomato,seedling,13.3,121,clay,84.5,29.6,23.0,41.0,33.8,1.3,6.4,168.0,no_watering
Tomato,flowering,13.0,45,sandy,68.4,4.8,33.3,52.6,39.6,24.6,11.3,8.0,water_now
Pepper,fruiting,5.6,122,loam,81.3,6.0,30.1,53.6,41.2,3.5,4.9,30.0,water_later
Tomato,fruiting,22.1,99,sandy,64.6,15.9,20.6,89.0,28.4,5.4,5.2,13.0,water_later
Potato,flowering,19.3,83,sandy,88.7,5.3,18.1,87.6,60.7,6.6,9.3,15.0,water_later
Potato,vegetative,20.7,68,clay,36.0,168.0,21.8,73.0,23.1,13.4,3.7,14.0,water_later
Potato,flowering,17.8,82,clay,61.9,49.3,21.0,46.6,44.2,4.0,7.7,34.0,water_later
Tomato,fruiting,10.7,101,loam,73.6,27.1,22.1,79.8,82.1,24.7,6.0,168.0,no_watering
Pepper,seedling,16.0,142,loam,45.0,168.0,28.8,90.3,80.7,13.5,2.0,168.0,no_watering
Pepper,seedling,10.9,5,loam,83.6,27.4,35.0,36.3,4.1,20.1,6.7,168.0,no_watering
Potato,seedling,24.4,104,clay,62.1,82.2,23.0,27.0,81.5,0.0,4.3,135.0,no_watering
Pepper,flowering,15.7,3,sandy,91.5,3.1,16.2,57.1,22.2,13.4,7.3,62.0,no_watering
Potato,flowering,28.6,90,loam,67.3,12.7,14.8,37.1,42.0,2.0,11.5,13.0,water_later
Pepper,seedling,7.6,110,sandy,49.2,41.2,35.9,79.3,48.2,14.5,5.7,108.0,no_watering
Potato,fruiting,22.5,118,clay,47.0,48.2,15.0,77.0,2.9,2.5,8.8,15.0,water_later
Pepper,vegetative,9.5,145,clay,49.2,98.7,34.2,69.4,86.0,3.5,4.5,62.0,no_watering
Tomato,vegetative,15.9,97,clay,57.1,51.9,32.3,91.2,21.7,7.0,2.1,107.0,no_watering
Pepper,flowering,9.4,29,loam,73.5,8.9,15.9,38.1,74.4,24.6,11.6,130.0,no_watering
Potato,vegetative,15.1,128,clay,68.6,50.1,26.0,73.0,86.1,21.4,4.1,168.0,no_watering
Pepper,fruiting,12.9,23,loam,44.0,33.0,34.8,32.9,20.1,14.0,6.9,10.0,water_now
Pepper,flowering,6.8,67,clay,96.3,2.3,28.0,57.0,26.5,16.1,10.0,36.0,water_later
Potato,seedling,12.5,142,sandy,48.1,40.6,12.9,43.5,5.4,10.6,10.9,11.0,water_now
Potato,vegetative,15.1,20,loam,43.1,45.3,15.0,40.4,51.8,17.4,7.0,16.0,water_later
Potato,vegetative,30.5,93,sandy,83.2,13.2,22.4,78.2,73.2,0.2,4.6,36.0,water_later
Tomato,flowering,11.7,111,clay,53.5,18.4,23.1,47.9,14.7,17.1,11.5,12.0,water_now
Pepper,flowering,8.6,104,sandy,83.8,2.7,31.2,93.7,37.4,2.6,11.5,9.0,water_now
Potato,vegetative,31.9,1,loam,74.9,12.6,16.1,29.3,12.0,1.1,12.0,41.0,water_later
Potato,flowering,13.8,109,sandy,61.3,15.8,15.2,50.1,70.9,20.4,6.5,12.0,water_now
Potato,seedling,23.0,11,clay,72.8,44.3,17.9,65.9,23.8,2.1,10.3,168.0,no_watering
Tomato,fruiting,15.9,146,loam,71.6,27.0,22.4,39.7,17.9,18.3,4.9,63.0,no_watering
Potato,vegetative,13.8,15,clay,68.6,47.7,28.7,65.3,74.8,9.5,4.2,168.0,no_watering
Pepper,vegetative,6.5,31,sandy,48.3,11.3,30.7,58.4,73.9,19.4,10.5,8.0,water_now
Tomato,seedling,9.9,17,sandy,45.9,61.3,21.5,71.3,61.1,8.6,5.6,64.0,no_watering
Potato,fruiting,15.7,66,sandy,64.4,27.1,20.7,77.8,7.8,21.7,9.8,11.0,water_now
Tomato,fruiting,9.4,1,clay,59.0,29.5,32.6,68.1,9.4,8.8,7.6,38.0,water_later
Tomato,seedling,10.7,42,clay,36.3,91.1,31.3,39.7,16.3,23.3,5.4,19.0,water_later
Pepper,seedling,9.0,62,sandy,89.3,8.2,25.3,45.9,83.4,18.2,11.5,29.0,water_later
Pepper,seedling,11.8,113,sandy,88.7,14.7,29.5,85.2,44.6,21.3,10.2,27.0,water_later
Potato,fruiting,27.9,136,sandy,36.6,32.2,22.9,82.3,43.5,1.6,11.8,6.0,water_now
Pepper,flowering,12.6,138,loam,73.3,6.9,32.8,82.3,86.5,19.0,9.7,17.0,water_later
Pepper,fruiting,13.4,44,loam,57.2,7.0,34.3,64.0,0.1,12.1,11.7,9.0,water_now
Pepper,seedling,9.0,144,loam,75.2,25.4,31.4,89.8,20.8,2.0,10.4,36.0,water_later
Tomato,flowering,18.7,29,loam,46.5,41.7,17.0,81.9,65.4,7.3,7.0,56.0,no_watering
Potato,fruiting,31.6,93,clay,39.6,79.8,24.2,35.4,5.4,23.4,9.7,10.0,water_now
Potato,seedling,21.0,28,sandy,91.4,8.3,25.2,75.4,2.7,16.9,6.5,87.0,no_watering
Potato,fruiting,26.4,126,loam,73.8,25.6,21.9,39.2,33.1,2.4,2.1,95.0,no_watering
Potato,seedling,13.9,82,loam,36.7,168.0,16.2,94.3,84.9,12.6,2.3,168.0,no_watering
Pepper,vegetative,5.2,70,sandy,47.1,37.4,24.9,74.8,32.7,0.3,2.1,14.0,water_later
Tomato,flowering,18.1,140,sandy,56.9,26.6,32.8,54.6,17.1,14.3,3.0,13.0,water_later
Potato,flowering,20.7,81,sandy,84.2,16.9,23.9,94.4,74.5,18.6,4.1,84.0,no_watering
Potato,flowering,22.0,8,loam,69.4,12.6,26.5,93.0,17.8,8.1,8.4,45.0,water_later
Potato,vegetative,25.0,125,clay,53.3,50.8,19.8,64.7,69.5,8.8,11.0,17.0,water_later
Pepper,vegetative,10.4,8,clay,91.7,22.5,18.3,78.1,13.5,2.2,5.4,168.0,no_watering
Potato,seedling,17.1,6,clay,61.8,55.3,20.2,51.7,11.0,11.4,9.2,168.0,no_watering
Potato,flowering,22.7,95,loam,46.5,19.1,20.5,48.7,32.1,11.2,11.7,8.0,water_now
Tomato,vegetative,22.3,28,sandy,82.5,4.0,33.0,49.8,83.5,13.3,10.1,13.0,water_later
Tomato,vegetative,17.3,147,sandy,38.3,53.9,16.1,76.9,71.9,20.3,3.4,132.0,no_watering
Pepper,flowering,6.7,48,clay,98.8,0.9,27.7,67.9,24.3,2.0,3.8,157.0,no_watering
Potato,vegetative,28.9,60,clay,37.4,58.6,15.7,31.8,66.8,23.1,6.4,86.0,no_watering
Tomato,flowering,16.3,139,clay,46.5,77.1,17.6,82.5,1.0,4.3,2.1,61.0,no_watering
Tomato,flowering,15.8,14,clay,94.8,8.6,26.1,41.6,44.8,12.2,3.6,168.0,no_watering
Potato,seedling,14.5,17,clay,90.1,37.4,12.9,42.9,17.3,12.3,3.4,168.0,no_watering
Potato,fruiting,15.2,90,sandy,71.4,10.7,22.3,51.6,74.5,17.0,10.1,10.0,water_now
Potato,seedling,27.8,36,sandy,95.3,7.7,22.0,71.9,65.7,6.7,5.6,168.0,no_watering
Potato,flowering,16.6,147,loam,65.7,34.9,19.1,83.0,86.6,6.2,2.2,168.0,no_watering
Tomato,fruiting,19.7,75,loam,46.2,29.2,24.7,90.5,15.0,3.2,4.4,12.0,water_now
Tomato,seedling,11.7,112,loam,65.7,68.2,28.4,67.9,77.7,5.5,4.3,168.0,no_watering
Potato,flowering,28.7,2,loam,47.6,29.2,23.5,85.3,32.6,2.1,6.7,35.0,water_later
Tomato,fruiting,19.9,46,sandy,70.4,7.5,27.4,62.0,20.1,13.2,6.3,12.0,water_now
Potato,flowering,22.7,143,loam,77.2,15.4,21.6,39.9,7.6,24.3,4.0,63.0,no_watering
Potato,seedling,25.5,141,sandy,44.8,32.4,27.3,66.6,6.5,24.6,10.8,9.0,water_now
Pepper,flowering,9.3,75,loam,63.4,15.6,20.8,60.3,74.8,1.2,8.4,14.0,water_later
Potato,seedling,11.6,11,loam,49.8,84.3,13.2,59.9,88.4,9.5,10.8,168.0,no_watering
Tomato,vegetative,20.5,133,loam,97.7,1.7,26.5,69.7,78.1,7.8,6.9,67.0,no_watering
Potato,fruiting,24.1,110,clay,85.5,14.1,19.5,77.2,9.0,10.4,6.0,83.0,no_watering
Tomato,flowering,16.5,35,sandy,53.8,10.6,31.3,30.2,68.4,8.7,8.8,10.0,water_now
Tomato,vegetative,17.7,41,loam,46.5,72.0,21.3,75.4,9.3,3.3,6.5,16.0,water_later
Potato,flowering,22.7,33,clay,41.9,142.6,18.2,65.5,49.8,0.8,3.8,39.0,water_later
Potato,flowering,27.4,142,sandy,35.9,12.6,26.2,29.4,82.9,20.7,11.2,6.0,water_now
Potato,fruiting,13.2,40,sandy,87.1,5.3,24.5,41.4,32.8,1.6,4.8,37.0,water_later
Tomato,seedling,19.7,44,clay,93.0,11.5,28.1,30.7,34.1,19.0,5.6,168.0,no_watering
Tomato,fruiting,18.6,111,clay,60.9,16.5,25.8,81.4,51.1,5.1,11.8,12.0,water_now
Tomato,fruiting,18.2,39,clay,92.3,9.9,25.4,82.1,66.5,1.4,3.4,168.0,no_watering
Tomato,flowering,16.3,103,loam,80.7,18.8,20.5,25.3,56.0,11.0,2.4,168.0,no_watering
Tomato,flowering,10.8,136,loam,72.1,11.1,27.5,94.4,25.1,0.0,7.9,15.0,water_later
Tomato,fruiting,21.3,78,clay,59.9,37.1,29.6,92.5,33.7,8.5,2.3,79.0,no_watering
Pepper,seedling,9.9,72,sandy,98.2,2.6,29.8,72.1,52.4,11.9,2.7,168.0,no_watering
Potato,seedling,17.5,67,clay,62.4,43.2,24.8,84.4,8.4,7.4,11.6,56.0,no_watering
Tomato,vegetative,14.4,90,clay,37.9,135.6,22.3,44.5,82.7,5.6,4.1,14.0,water_later
Pepper,flowering,9.4,45,clay,42.1,54.0,22.8,32.7,41.7,1.4,2.5,50.0,no_watering
Potato,fruiting,19.1,97,loam,43.0,36.9,16.0,67.4,65.3,2.5,7.0,13.0,water_later
Pepper,fruiting,9.2,91,clay,61.7,11.3,31.9,54.3,76.5,7.5,10.2,12.0,water_now
Pepper,vegetative,9.0,29,clay,51.1,88.5,33.0,71.9,66.6,5.5,4.1,115.0,no_watering
Potato,seedling,21.3,90,clay,50.4,59.9,27.4,45.1,45.9,18.0,8.8,35.0,water_later
Potato,seedling,18.1,141,clay,86.2,58.2,14.3,59.2,36.3,14.0,2.2,168.0,no_watering
Tomato,flowering,14.0,11,clay,46.6,37.9,16.1,74.5,52.4,20.2,7.9,168.0,no_watering
Potato,fruiting,28.4,36,loam,66.6,18.8,19.6,69.1,79.2,5.5,11.7,16.0,water_later
Tomato,vegetative,21.7,59,clay,51.7,30.3,21.8,43.5,88.1,14.9,10.1,36.0,water_later
Tomato,vegetative,9.2,111,clay,83.5,9.1,23.0,74.7,25.8,22.1,11.4,35.0,water_later
Potato,seedling,17.8,129,clay,93.4,10.4,28.4,41.7,1.7,13.0,6.0,156.0,no_watering
Tomato,fruiting,14.6,9,loam,92.1,4.2,16.8,84.5,45.5,10.0,7.2,87.0,no_watering
Potato,fruiting,14.2,137,clay,85.1,27.5,23.8,84.4,35.7,15.7,5.6,83.0,no_watering
Pepper,seedling,13.7,106,loam,70.5,43.5,29.2,26.2,6.7,20.6,5.2,108.0,no_watering
Pepper,vegetative,7.0,50,clay,72.9,27.2,29.5,65.9,27.1,3.8,11.8,26.0,water_later
Potato,fruiting,17.7,64,clay,53.4,128.2,20.1,71.0,83.1,21.9,3.7,168.0,no_watering
Pepper,seedling,14.6,136,sandy,80.3,11.4,33.8,38.6,74.3,0.6,9.0,16.0,water_later
Tomato,vegetative,11.6,128,clay,88.5,10.1,27.6,74.7,53.6,17.2,7.4,134.0,no_watering
Pepper,flowering,11.7,52,sandy,70.2,13.2,15.0,54.4,63.4,21.9,10.3,11.0,water_now
Pepper,vegetative,13.2,41,sandy,74.0,20.1,24.5,87.6,5.5,2.8,3.6,58.0,no_watering
Pepper,vegetative,15.5,57,sandy,88.0,4.1,18.2,40.5,16.2,6.6,10.1,14.0,water_later
Potato,fruiting,22.0,119,clay,40.4,41.9,28.6,90.3,22.6,8.7,5.8,16.0,water_later
Potato,flowering,19.5,149,loam,80.0,7.2,20.6,52.9,72.0,18.0,10.7,17.0,water_later
Pepper,fruiting,8.1,73,sandy,84.0,6.2,35.7,75.9,66.4,21.8,8.3,9.0,water_now
Pepper,flowering,14.4,120,sandy,42.0,21.6,23.6,48.6,73.9,21.5,10.3,6.0,water_now
Potato,flowering,16.4,9,loam,93.2,2.7,17.9,49.4,24.2,3.5,9.9,62.0,no_watering
Tomato,fruiting,15.3,43,clay,64.7,28.2,33.7,65.2,77.7,16.0,3.7,168.0,no_watering
Potato,flowering,25.5,80,clay,69.7,47.7,24.2,33.5,48.8,9.0,5.7,81.0,no_watering
Pepper,flowering,11.6,80,sandy,73.2,13.9,20.1,59.9,76.6,22.4,6.0,32.0,water_later
Tomato,fruiting,22.2,100,clay,56.1,20.2,26.7,74.7,11.7,23.1,7.2,15.0,water_later
Potato,fruiting,31.2,41,sandy,60.7,33.0,19.0,48.2,69.4,2.5,7.4,14.0,water_later
Pepper,seedling,15.0,131,loam,96.0,4.0,28.6,35.1,8.0,10.2,7.9,80.0,no_watering
Tomato,seedling,15.8,38,loam,42.8,69.3,21.8,37.0,79.0,20.0,10.4,64.0,no_watering
Potato,seedling,22.9,17,clay,87.9,36.1,19.5,86.7,78.5,2.2,6.7,168.0,no_watering
Pepper,fruiting,9.6,30,sandy,50.5,19.7,24.0,67.5,73.5,10.4,3.2,14.0,water_later
Pepper,fruiting,7.9,27,sandy,84.9,4.4,25.2,56.6,27.7,14.0,5.0,38.0,water_later
Potato,seedling,31.2,35,loam,79.6,70.8,19.9,63.3,51.4,0.9,6.0,168.0,no_watering
Pepper,vegetative,7.6,6,loam,81.0,24.0,35.1,90.6,15.2,5.2,4.2,158.0,no_watering
Potato,vegetative,21.7,19,loam,86.1,12.9,14.5,79.1,53.5,9.4,8.3,128.0,no_watering
Potato,fruiting,14.5,116,sandy,38.1,33.4,19.2,42.8,27.8,12.2,3.9,11.0,water_now
Pepper,fruiting,8.2,139,loam,61.0,63.6,20.4,92.0,54.3,2.6,2.3,59.0,no_watering
Pepper,vegetative,6.3,41,clay,91.3,11.2,24.4,92.7,18.3,18.0,2.8,168.0,no_watering
Tomato,fruiting,22.1,3,clay,68.6,17.1,25.6,30.0,51.1,5.4,5.7,120.0,no_watering
Tomato,flowering,17.1,10,loam,67.9,18.8,21.6,41.9,5.8,4.9,10.3,31.0,water_later
Pepper,fruiting,13.0,92,clay,73.1,21.8,35.8,30.3,70.3,13.0,2.2,168.0,no_watering
Tomato,seedling,21.1,53,clay,88.7,18.4,29.2,42.2,87.4,16.9,11.4,168.0,no_watering
Tomato,seedling,22.6,42,loam,60.3,41.4,23.2,62.3,62.1,9.0,10.2,88.0,no_watering
Tomato,seedling,20.7,1,sandy,72.2,19.3,22.9,56.8,7.0,16.6,10.6,57.0,no_watering
Tomato,vegetative,12.7,62,loam,65.1,19.3,16.5,52.6,60.4,10.4,10.1,16.0,water_later
Tomato,flowering,8.7,102,sandy,97.1,1.3,21.8,36.7,72.9,0.3,3.8,37.0,water_later
Pepper,seedling,6.8,138,loam,59.1,55.4,16.2,39.5,5.5,0.5,4.8,85.0,no_watering
Tomato,flowering,18.9,133,loam,57.1,16.1,33.6,79.4,79.8,3.9,9.3,10.0,water_now
Potato,fruiting,27.3,53,clay,80.3,7.4,28.8,31.8,72.7,1.2,10.7,33.0,water_later
Potato,fruiting,13.6,75,sandy,50.5,25.1,24.4,75.3,11.0,17.7,3.9,13.0,water_later
Tomato,fruiting,18.2,109,loam,73.5,6.0,31.4,63.2,88.0,19.2,9.8,11.0,water_now
Pepper,flowering,11.4,9,sandy,40.1,28.4,24.5,56.6,78.4,5.9,6.5,12.0,water_now
Tomato,flowering,11.1,143,clay,63.9,32.3,22.4,41.3,57.6,0.7,10.6,15.0,water_later
Potato,seedling,25.3,117,clay,42.9,107.3,26.7,83.6,76.5,9.5,7.0,42.0,water_later
Tomato,vegetative,14.0,99,loam,78.4,19.1,16.7,79.3,75.1,11.0,8.5,111.0,no_watering
Potato,flowering,28.1,27,clay,91.6,5.0,27.6,51.0,71.5,11.4,10.6,83.0,no_watering
Potato,vegetative,17.4,37,clay,60.3,58.3,15.5,35.0,85.7,6.4,2.7,168.0,no_watering
Potato,fruiting,17.8,30,clay,97.0,2.2,19.1,45.7,76.9,9.0,9.7,168.0,no_watering
Tomato,seedling,19.0,103,clay,73.1,33.4,28.2,74.4,22.4,8.0,9.5,93.0,no_watering
Pepper,seedling,5.8,110,loam,76.6,27.1,30.1,27.1,15.6,22.0,2.0,168.0,no_watering
Pepper,vegetative,11.3,77,sandy,61.9,42.5,16.6,69.1,75.6,0.2,2.3,38.0,water_later
Tomato,seedling,19.4,91,sandy,84.5,18.4,22.4,80.0,54.8,10.1,5.8,99.0,no_watering
Pepper,flowering,15.3,10,sandy,52.3,29.0,17.8,87.3,23.6,2.0,11.2,11.0,water_now
Potato,flowering,19.6,17,sandy,59.0,20.1,28.2,57.7,5.7,0.4,3.3,36.0,water_later
Tomato,fruiting,18.7,126,sandy,38.2,18.4,27.4,65.0,74.8,3.4,8.0,7.0,water_now
Potato,vegetative,26.1,89,clay,43.4,51.6,19.5,44.2,11.4,13.6,6.1,15.0,water_later
Tomato,fruiting,22.8,76,loam,82.2,8.6,17.0,70.3,24.8,15.3,6.7,37.0,water_later
Tomato,fruiting,9.7,36,loam,46.1,23.2,18.5,92.3,16.4,1.5,9.2,11.0,water_now
Potato,fruiting,27.0,126,clay,87.2,18.5,16.9,27.7,13.2,20.2,10.4,37.0,water_later
Potato,seedling,23.7,63,sandy,49.1,79.0,28.2,33.7,54.2,24.7,5.5,168.0,no_watering
Potato,seedling,31.3,20,clay,46.8,80.2,17.1,72.1,79.1,23.3,11.4,168.0,no_watering
Tomato,vegetative,15.6,105,loam,67.3,25.7,33.0,83.0,28.3,19.0,7.4,16.0,water_later
Potato,vegetative,11.6,22,sandy,80.5,15.4,22.5,82.8,79.6,20.1,4.1,168.0,no_watering
Tomato,fruiting,19.9,123,sandy,37.7,15.5,16.7,88.7,15.4,16.2,10.7,6.0,water_now
Potato,seedling,11.6,65,clay,80.2,40.1,17.5,78.5,63.8,1.3,9.0,132.0,no_watering
Potato,flowering,29.7,5,sandy,57.6,14.6,14.2,37.4,73.9,18.0,9.6,32.0,water_later
Pepper,seedling,15.2,58,loam,71.5,33.8,17.7,70.1,59.4,18.4,10.9,168.0,no_watering
Tomato,seedling,20.5,124,sandy,66.4,26.1,15.1,55.3,65.4,20.5,11.9,168.0,no_watering
Pepper,vegetative,14.3,37,loam,55.5,24.0,16.9,91.7,25.6,14.5,11.1,31.0,water_later
Pepper,fruiting,7.8,55,clay,48.6,23.1,28.8,46.7,32.5,3.5,6.8,13.0,water_later
Potato,fruiting,20.6,43,loam,40.6,68.8,16.3,34.1,11.5,23.9,4.2,14.0,water_later
Tomato,seedling,17.0,49,sandy,80.4,35.3,22.3,48.7,52.8,4.7,3.1,168.0,no_watering
Pepper,vegetative,15.3,121,sandy,93.0,2.8,20.4,78.1,42.7,20.8,10.4,32.0,water_later
Pepper,flowering,11.2,49,clay,56.0,27.2,18.0,26.9,35.4,9.3,6.8,35.0,water_later
Pepper,fruiting,5.1,40,clay,75.3,16.9,22.1,88.8,1.7,16.0,7.6,40.0,water_later
Tomato,flowering,12.4,118,clay,52.1,49.0,17.8,88.3,26.9,15.0,5.9,131.0,no_watering
Potato,flowering,17.3,137,loam,66.2,14.6,13.2,73.3,43.3,4.3,11.5,14.0,water_later
Pepper,seedling,8.6,70,sandy,42.3,64.7,24.8,59.1,2.1,8.2,8.0,10.0,water_now
Tomato,fruiting,21.7,72,sandy,78.1,6.1,29.5,49.6,65.6,22.5,6.5,16.0,water_later
Pepper,fruiting,8.8,86,clay,67.7,23.9,28.3,67.6,25.0,12.5,10.9,17.0,water_later
Tomato,seedling,22.6,25,clay,88.8,18.1,29.9,47.8,12.8,4.3,7.7,168.0,no_watering
Tomato,seedling,19.9,63,clay,86.3,42.1,24.0,26.9,0.2,24.0,11.3,81.0,no_watering
Potato,fruiting,23.2,73,sandy,66.0,18.5,15.4,75.0,80.3,2.8,7.2,14.0,water_later
Pepper,seedling,13.1,114,sandy,85.8,26.0,29.6,90.1,73.7,8.9,2.9,168.0,no_watering
Potato,fruiting,13.2,69,sandy,94.8,2.4,16.0,69.6,18.3,0.1,11.5,13.0,water_later
Pepper,vegetative,12.4,112,loam,40.0,18.4,33.9,42.7,62.0,15.1,9.5,8.0,water_now
Tomato,seedling,18.1,131,loam,93.4,16.9,22.3,86.5,5.8,5.7,9.1,80.0,no_watering
Pepper,fruiting,10.3,111,sandy,52.7,41.9,22.3,39.8,12.4,21.2,2.0,13.0,water_later
Tomato,fruiting,21.3,113,loam,64.1,17.1,28.4,68.7,16.0,7.8,8.5,12.0,water_now
Tomato,seedling,11.6,67,sandy,41.8,52.9,32.3,54.0,89.5,13.6,4.1,36.0,water_later
Tomato,flowering,15.8,108,sandy,87.2,4.0,21.4,40.6,12.4,3.5,7.7,14.0,water_later
Pepper,flowering,11.9,50,clay,40.8,45.6,31.3,28.4,41.6,23.5,8.5,10.0,water_now
Potato,seedling,15.5,14,loam,95.5,3.9,27.3,77.6,3.9,10.3,10.1,109.0,no_watering
Pepper,seedling,6.7,87,sandy,65.2,32.6,31.7,40.1,73.7,2.7,2.2,168.0,no_watering
Pepper,vegetative,8.7,66,sandy,93.4,5.2,29.2,58.7,29.8,3.8,7.9,16.0,water_later
Potato,seedling,24.9,70,sandy,55.8,28.9,18.6,39.7,1.1,15.8,11.8,12.0,water_now
Potato,flowering,18.3,87,loam,41.6,18.3,22.4,45.8,50.6,5.8,11.5,7.0,water_now
Pepper,seedling,7.1,71,sandy,41.1,58.4,16.4,77.2,1.7,12.4,4.4,15.0,water_later
Tomato,flowering,15.9,34,loam,96.9,1.4,30.1,83.8,57.6,15.0,6.0,168.0,no_watering
Potato,fruiting,26.9,111,clay,64.9,68.3,22.8,93.2,58.3,2.4,7.5,38.0,water_later
Pepper,fruiting,12.4,71,loam,62.7,19.3,24.8,52.0,73.5,0.5,6.3,13.0,water_later
Pepper,vegetative,14.3,45,sandy,56.2,27.7,25.8,33.3,11.4,9.5,10.6,11.0,water_now
Pepper,flowering,12.9,148,clay,88.7,5.0,33.4,83.4,86.4,19.8,10.2,18.0,water_later
Tomato,seedling,19.0,105,loam,77.4,34.1,25.9,52.5,44.2,16.7,5.3,168.0,no_watering
Potato,vegetative,21.3,54,clay,92.9,5.7,24.5,41.4,51.1,12.6,10.1,61.0,no_watering
Tomato,flowering,8.0,69,sandy,93.7,3.4,17.1,54.3,88.0,11.8,3.4,134.0,no_watering
Potato,vegetative,30.6,107,sandy,52.8,20.7,16.7,58.8,36.3,11.8,11.9,8.0,water_now
Tomato,flowering,20.4,30,sandy,89.5,4.3,33.6,87.1,62.6,15.9,2.9,168.0,no_watering
Tomato,vegetative,22.4,25,loam,65.8,26.4,16.0,68.1,35.8,17.8,10.4,160.0,no_watering
Pepper,seedling,9.9,18,loam,38.2,122.8,30.7,52.7,16.3,13.8,3.3,39.0,water_later
Pepper,fruiting,6.6,58,clay,60.5,31.1,19.3,73.3,86.9,23.6,6.3,168.0,no_watering
Potato,vegetative,14.0,17,clay,69.3,32.2,23.2,68.9,53.5,24.1,6.0,168.0,no_watering
Potato,fruiting,30.1,66,clay,87.7,15.3,16.8,35.7,70.5,21.2,3.1,168.0,no_watering
Pepper,vegetative,7.6,139,loam,73.4,19.2,35.9,87.7,49.5,10.4,2.1,168.0,no_watering
Pepper,seedling,10.8,6,clay,86.4,31.3,27.1,56.1,66.1,2.9,3.8,168.0,no_watering
Tomato,seedling,18.9,20,loam,40.5,150.5,24.8,62.2,79.0,23.5,2.4,168.0,no_watering
Pepper,flowering,14.8,8,clay,53.3,40.2,23.9,85.0,65.3,17.3,4.0,168.0,no_watering
Pepper,seedling,11.5,78,loam,58.5,54.2,23.5,64.6,37.1,14.7,8.5,112.0,no_watering
Pepper,fruiting,15.2,66,clay,83.9,13.8,17.8,49.0,89.0,3.1,8.7,38.0,water_later
Pepper,vegetative,5.3,4,clay,53.6,37.5,21.2,51.9,55.8,7.5,8.2,168.0,no_watering
Potato,vegetative,10.5,133,clay,77.6,15.4,28.5,54.7,26.1,10.8,5.2,84.0,no_watering
Tomato,vegetative,8.8,81,loam,83.7,14.1,33.0,92.9,40.7,3.0,10.2,14.0,water_later
Potato,vegetative,17.2,40,sandy,67.4,55.6,14.2,33.0,85.5,3.9,4.3,37.0,water_later
Tomato,fruiting,10.1,114,clay,53.6,32.7,23.9,52.4,57.9,21.5,3.4,168.0,no_watering
Tomato,seedling,21.5,18,loam,42.4,93.7,21.2,37.7,51.9,19.0,5.5,168.0,no_watering
Potato,vegetative,11.8,53,clay,93.8,5.7,19.8,36.0,62.2,17.8,4.9,168.0,no_watering
Potato,vegetative,12.5,1,loam,78.6,14.5,14.3,87.5,43.2,5.3,9.6,168.0,no_watering
Tomato,vegetative,12.9,38,loam,99.9,0.1,28.5,58.3,6.2,11.0,3.0,154.0,no_watering
Potato,seedling,14.0,64,sandy,77.8,43.4,17.6,53.0,1.3,9.0,8.4,36.0,water_later
Tomato,seedling,8.9,37,sandy,88.1,14.7,32.4,90.1,47.6,10.3,8.5,38.0,water_later
Pepper,seedling,9.8,48,clay,61.9,88.0,29.7,94.6,51.6,19.8,3.7,168.0,no_watering
Potato,vegetative,16.3,116,sandy,75.1,11.2,16.2,36.5,79.8,13.5,7.1,15.0,water_later
Potato,flowering,28.0,45,loam,48.6,17.1,24.7,50.6,81.4,19.7,10.5,13.0,water_later
Tomato,flowering,16.0,86,clay,80.5,24.8,18.3,60.9,75.8,18.2,3.9,168.0,no_watering
Pepper,flowering,9.7,80,sandy,75.9,5.9,19.0,47.0,30.9,7.7,11.9,10.0,water_now
Pepper,flowering,7.0,8,clay,68.2,57.7,15.1,55.1,72.5,2.8,2.1,168.0,no_watering
Pepper,flowering,11.8,133,sandy,99.9,0.1,17.3,82.7,14.2,17.0,6.4,32.0,water_later
Potato,fruiting,18.6,136,sandy,81.0,10.5,15.4,70.0,16.6,23.8,5.4,34.0,water_later
Tomato,vegetative,22.8,42,clay,80.9,27.0,21.1,63.0,29.8,8.3,3.4,168.0,no_watering
Tomato,flowering,8.9,115,clay,81.4,8.7,25.0,94.6,83.4,14.1,11.6,36.0,water_later
Potato,flowering,29.9,38,clay,62.8,27.8,20.5,44.3,85.0,17.1,9.0,63.0,no_watering
Tomato,flowering,17.5,143,clay,71.4,31.4,30.3,67.8,16.8,13.6,5.4,39.0,water_later
Potato,vegetative,20.4,149,loam,56.4,35.2,23.9,28.1,54.4,8.3,3.5,60.0,no_watering
Potato,seedling,18.4,19,clay,51.4,168.0,12.8,25.8,90.0,15.4,3.8,168.0,no_watering
Tomato,seedling,21.1,127,clay,64.6,87.2,31.0,88.7,63.5,16.0,11.0,168.0,no_watering
Potato,fruiting,16.4,20,clay,90.4,10.0,18.6,82.5,56.6,9.8,7.8,168.0,no_watering
Pepper,flowering,10.5,100,clay,81.9,24.0,16.1,49.9,50.4,24.7,9.9,36.0,water_later
Potato,fruiting,17.2,149,sandy,76.5,11.5,15.2,31.7,46.5,21.0,5.6,62.0,no_watering
Potato,seedling,15.4,71,clay,80.3,29.6,26.1,84.5,5.0,6.7,7.7,113.0,no_watering
Tomato,fruiting,16.3,69,loam,38.8,15.8,33.2,54.1,64.9,17.1,9.4,9.0,water_now
Pepper,vegetative,5.9,55,clay,36.6,97.0,18.7,89.0,37.3,10.2,3.0,109.0,no_watering
Potato,vegetative,25.3,20,loam,65.2,19.7,23.6,45.5,32.5,20.6,7.6,38.0,water_later
Pepper,vegetative,8.2,94,sandy,58.3,18.0,27.7,91.8,76.7,2.3,10.6,8.0,water_now
Tomato,vegetative,9.9,128,clay,85.8,23.6,30.0,44.1,76.8,2.4,3.5,132.0,no_watering
Tomato,fruiting,13.4,35,sandy,83.5,4.0,30.3,39.2,65.6,14.2,4.9,18.0,water_later
Potato,fruiting,18.3,107,loam,54.7,29.5,28.8,68.1,53.1,1.7,4.4,21.0,water_later
Pepper,seedling,14.2,128,loam,38.9,168.0,33.6,64.8,64.7,18.3,4.9,168.0,no_watering
Potato,vegetative,24.1,2,sandy,66.9,13.4,12.0,28.7,19.4,24.9,9.8,129.0,no_watering
Pepper,flowering,13.8,121,loam,42.9,87.0,22.6,85.3,36.7,18.0,5.8,83.0,no_watering
Pepper,fruiting,8.9,89,loam,76.3,13.1,26.7,30.3,77.3,1.0,6.9,14.0,water_later
Tomato,fruiting,21.1,97,loam,89.4,5.5,30.1,57.8,43.3,21.5,5.2,38.0,water_later
Potato,flowering,27.3,71,loam,40.2,59.7,19.4,39.2,49.9,4.6,10.7,7.0,water_now
Pepper,seedling,8.4,105,sandy,86.0,7.4,30.1,31.8,42.8,24.5,9.9,65.0,no_watering
Pepper,fruiting,7.2,148,sandy,94.1,3.6,18.4,88.8,62.8,10.6,9.6,13.0,water_later
Tomato,fruiting,22.0,61,sandy,70.7,22.9,16.2,49.8,86.5,5.4,4.1,37.0,water_later
Potato,vegetative,27.7,35,clay,49.1,98.4,26.2,82.6,56.7,24.6,6.8,168.0,no_watering
Pepper,fruiting,13.0,114,loam,84.9,12.5,18.6,57.7,76.5,13.7,9.5,31.0,water_later
Pepper,vegetative,10.7,148,loam,42.9,27.4,18.6,78.4,29.9,1.7,11.4,9.0,water_now
Pepper,seedling,10.1,79,clay,59.8,105.7,19.7,53.3,48.2,20.7,4.3,168.0,no_watering
Tomato,seedling,20.5,99,clay,85.4,58.8,19.6,76.6,59.9,12.9,2.5,168.0,no_watering
Tomato,vegetative,16.3,120,clay,97.3,2.8,30.0,56.9,53.5,1.9,5.6,109.0,no_watering
Pepper,vegetative,13.2,86,clay,66.3,30.7,33.5,27.6,77.2,13.1,6.8,37.0,water_later
Pepper,seedling,9.5,130,loam,93.0,5.3,33.8,78.4,87.1,10.3,9.8,112.0,no_watering
Potato,vegetative,12.1,26,clay,96.0,7.6,20.4,84.9,50.8,11.9,3.0,168.0,no_watering
Pepper,flowering,11.4,75,loam,87.6,4.0,35.9,38.9,43.1,24.6,5.1,76.0,no_watering
Pepper,vegetative,5.5,139,clay,100.0,0.0,27.6,42.3,39.8,9.5,7.2,128.0,no_watering
Tomato,seedling,9.1,24,loam,97.4,4.7,30.9,82.3,10.8,9.0,4.5,168.0,no_watering
Potato,vegetative,18.3,7,loam,70.8,26.8,26.4,90.1,1.7,18.6,9.1,41.0,water_later
Pepper,vegetative,6.0,5,loam,89.4,5.5,18.2,38.1,46.0,16.1,10.2,168.0,no_watering
Potato,fruiting,12.9,33,loam,77.7,14.7,15.5,48.0,40.8,2.6,6.9,60.0,no_watering
Potato,flowering,17.7,6,loam,44.4,136.2,14.6,26.7,3.3,9.1,2.6,152.0,no_watering
Pepper,fruiting,12.5,64,loam,88.8,3.2,18.7,44.6,43.4,15.7,10.6,17.0,water_later
Tomato,seedling,14.2,96,clay,49.1,69.5,25.0,33.9,18.6,3.0,8.5,36.0,water_later
Pepper,fruiting,14.1,41,clay,94.6,2.3,24.7,62.6,40.5,22.1,7.7,108.0,no_watering
Pepper,flowering,11.7,13,loam,85.4,4.7,31.8,36.8,6.5,13.9,8.2,35.0,water_later
Potato,fruiting,14.1,100,clay,45.0,143.7,25.7,25.3,13.2,15.1,2.7,156.0,no_watering
Potato,fruiting,24.9,92,sandy,35.9,24.4,27.0,37.2,54.5,14.4,5.1,9.0,water_now
Potato,fruiting,23.6,40,loam,76.5,24.5,13.8,56.2,33.9,4.9,3.4,168.0,no_watering
Potato,seedling,16.9,20,loam,92.6,19.6,28.9,28.7,88.0,15.2,4.3,168.0,no_watering
Tomato,fruiting,10.0,98,clay,85.1,5.3,27.0,60.9,4.0,15.9,10.9,16.0,water_later
Potato,vegetative,29.1,48,sandy,74.0,13.6,28.8,78.2,73.1,8.9,3.7,62.0,no_watering
Potato,flowering,14.4,93,sandy,87.2,3.3,28.0,62.4,87.4,5.2,7.5,13.0,water_later
Pepper,seedling,8.6,4,sandy,72.5,23.3,17.2,35.1,32.3,22.6,9.3,64.0,no_watering
Pepper,seedling,8.6,48,loam,95.4,7.9,17.6,88.5,73.8,18.1,3.6,168.0,no_watering
Tomato,fruiting,17.6,118,sandy,62.8,6.4,30.3,53.2,18.0,15.3,10.4,7.0,water_now
Potato,flowering,27.6,4,loam,64.2,16.9,18.2,87.4,8.3,14.1,11.2,39.0,water_later
Potato,seedling,29.7,64,loam,39.3,111.9,16.4,80.5,77.9,3.1,6.2,84.0,no_watering
Pepper,vegetative,14.7,7,sandy,81.9,6.5,15.8,35.4,28.8,12.3,11.3,56.0,no_watering
Potato,vegetative,27.0,82,loam,94.5,7.8,14.7,78.7,81.9,2.5,2.8,168.0,no_watering
Potato,vegetative,20.6,140,loam,50.9,42.5,15.6,43.2,33.6,0.1,4.9,33.0,water_later
Potato,flowering,18.8,114,sandy,71.9,6.6,28.7,89.3,67.0,12.5,9.4,10.0,water_now
Pepper,vegetative,11.4,69,clay,43.2,50.6,29.4,54.9,46.7,22.6,9.0,11.0,water_now
Pepper,seedling,6.3,8,loam,70.0,37.7,18.9,47.9,78.0,8.5,6.6,168.0,no_watering
Tomato,fruiting,22.5,130,sandy,80.3,8.3,26.6,84.0,51.6,2.9,3.9,34.0,water_later
Potato,seedling,23.5,61,loam,94.2,11.5,15.0,68.9,34.1,20.1,5.6,168.0,no_watering
Potato,vegetative,13.3,65,loam,63.0,14.5,20.5,47.5,47.8,14.5,11.3,19.0,water_later
Pepper,vegetative,13.4,45,clay,90.5,13.2,24.1,65.4,17.2,17.0,2.4,168.0,no_watering
Tomato,fruiting,12.0,27,loam,75.1,8.3,24.6,72.3,44.5,19.2,9.8,39.0,water_later
Pepper,fruiting,15.6,121,loam,43.6,22.9,26.6,77.3,74.1,3.7,6.9,11.0,water_now
Tomato,fruiting,18.4,148,loam,87.4,5.2,17.8,76.0,69.8,7.1,8.3,37.0,water_later
Pepper,vegetative,5.0,85,sandy,81.6,9.1,22.6,74.6,86.5,19.2,6.3,15.0,water_later
Potato,vegetative,13.6,81,clay,82.3,12.8,17.2,72.3,50.1,16.2,9.0,100.0,no_watering
Potato,fruiting,16.8,20,sandy,35.0,38.7,28.0,43.0,66.9,6.0,2.4,11.0,water_now
Pepper,flowering,14.9,60,sandy,46.9,21.8,17.8,61.1,55.3,6.7,5.8,13.0,water_later
Tomato,seedling,15.2,132,sandy,90.5,20.2,16.9,60.5,34.9,7.0,2.6,168.0,no_watering
Tomato,seedling,22.2,15,sandy,74.2,35.8,23.9,91.1,69.7,15.0,4.4,168.0,no_watering
Potato,flowering,23.6,1,clay,71.9,46.0,18.6,76.6,16.5,16.7,4.3,168.0,no_watering
Pepper,seedling,11.8,81,sandy,78.7,30.0,24.2,33.1,57.0,7.9,3.3,168.0,no_watering
Tomato,vegetative,18.5,93,sandy,88.6,6.3,29.5,79.9,7.6,14.5,11.9,11.0,water_now
Potato,fruiting,14.7,101,loam,53.0,30.1,21.3,58.7,57.1,12.2,5.5,168.0,no_watering
Pepper,fruiting,15.9,84,clay,37.9,43.3,19.6,94.5,26.6,6.1,5.3,12.0,water_now
Tomato,fruiting,23.0,128,clay,77.9,22.8,20.3,93.5,21.7,20.5,6.3,128.0,no_watering
Potato,fruiting,10.4,19,sandy,98.9,0.4,15.3,36.1,33.0,16.3,8.7,44.0,water_later
Pepper,seedling,14.9,29,loam,65.8,85.2,22.4,26.5,40.7,16.5,6.5,168.0,no_watering
Tomato,vegetative,14.9,29,sandy,50.8,22.7,33.9,68.3,30.3,21.6,5.9,12.0,water_now
Tomato,flowering,12.2,45,loam,85.8,16.6,17.2,92.0,54.6,23.3,2.2,168.0,no_watering
Pepper,seedling,10.8,127,clay,75.0,70.1,35.3,61.2,38.2,1.2,2.5,168.0,no_watering
Tomato,vegetative,19.4,116,sandy,57.2,24.4,19.7,46.2,29.3,7.5,6.6,12.0,water_now
Potato,seedling,16.0,114,clay,65.4,75.2,14.1,63.6,40.8,19.5,6.9,168.0,no_watering
Tomato,vegetative,15.9,47,clay,68.4,28.8,24.5,59.3,69.7,1.4,9.3,40.0,water_later
Potato,fruiting,20.6,4,clay,64.6,33.4,24.1,69.4,86.7,15.1,11.9,168.0,no_watering
Potato,flowering,15.5,5,loam,46.4,50.4,14.1,30.2,15.5,1.2,3.4,61.0,no_watering
Tomato,fruiting,8.9,107,loam,76.0,7.9,33.2,36.0,59.2,17.9,7.9,17.0,water_later
Potato,fruiting,13.1,138,sandy,84.7,11.7,18.9,33.3,68.4,19.5,4.4,61.0,no_watering
Tomato,flowering,12.6,53,clay,85.5,16.8,33.2,60.2,24.0,1.3,6.4,56.0,no_watering
Pepper,flowering,8.9,141,clay,35.8,40.0,32.5,31.3,21.9,8.5,10.3,6.0,water_now
Tomato,vegetative,23.7,90,loam,65.4,84.0,16.6,86.6,43.0,13.0,2.0,168.0,no_watering
Tomato,fruiting,8.5,124,loam,80.7,4.9,32.6,49.9,55.7,22.1,6.6,14.0,water_later
Pepper,flowering,5.5,9,sandy,63.7,9.2,31.9,74.1,71.4,21.1,9.5,11.0,water_now
Tomato,vegetative,18.8,51,sandy,74.8,10.4,23.3,44.6,1.5,5.3,8.5,15.0,water_later
Potato,fruiting,31.3,52,loam,75.6,9.7,26.0,29.7,60.6,14.8,8.8,85.0,no_watering
Pepper,vegetative,13.1,9,clay,88.9,10.1,34.1,58.8,77.8,11.0,7.5,168.0,no_watering
Potato,vegetative,16.3,21,loam,70.5,24.5,27.9,26.3,7.5,3.2,9.6,32.0,water_later
Pepper,vegetative,11.8,53,clay,99.2,1.1,30.7,30.1,49.1,17.8,4.5,168.0,no_watering
Pepper,vegetative,11.5,43,clay,78.2,37.7,18.8,70.8,78.7,9.6,9.6,168.0,no_watering
Tomato,flowering,16.8,74,sandy,83.1,8.3,17.8,91.8,89.3,5.9,8.3,16.0,water_later
Potato,fruiting,15.9,144,loam,91.5,10.2,25.9,94.8,36.5,5.6,7.8,38.0,water_later
Tomato,fruiting,22.5,78,loam,73.6,9.4,30.0,39.8,21.2,14.5,5.0,36.0,water_later
Tomato,flowering,12.0,144,loam,73.9,13.1,22.1,61.4,68.9,23.7,6.5,168.0,no_watering
Tomato,fruiting,12.4,146,loam,68.1,19.1,20.2,61.7,51.9,0.8,3.7,37.0,water_later
Tomato,vegetative,18.9,76,sandy,52.1,45.8,15.4,66.6,68.1,7.7,8.9,10.0,water_now
Potato,seedling,25.9,37,sandy,61.3,90.7,16.2,39.8,80.3,13.7,5.4,168.0,no_watering
Potato,flowering,12.6,61,loam,69.4,23.7,23.6,52.3,66.8,4.1,10.9,13.0,water_later
Potato,vegetative,25.4,42,loam,87.9,12.3,19.5,35.9,47.9,17.6,2.9,168.0,no_watering
Tomato,vegetative,16.4,119,sandy,47.6,33.0,29.8,64.5,53.2,8.0,5.0,11.0,water_now
Tomato,fruiting,20.8,21,loam,37.0,14.2,31.6,93.3,30.6,11.0,10.5,7.0,water_now
Pepper,flowering,7.4,53,sandy,42.8,34.0,16.9,51.9,30.0,2.5,2.6,12.0,water_now
Potato,seedling,24.1,7,sandy,45.4,45.7,17.3,92.2,63.1,1.3,10.9,17.0,water_later
Tomato,fruiting,14.2,106,sandy,69.2,4.1,31.8,49.3,33.5,12.5,11.0,10.0,water_now
Tomato,vegetative,22.0,121,sandy,42.0,34.9,28.9,76.2,86.6,18.1,7.0,9.0,water_now
Tomato,fruiting,12.6,59,loam,42.9,60.5,18.1,45.5,64.4,1.2,3.9,13.0,water_later
Potato,seedling,12.4,58,sandy,83.2,10.5,21.8,38.3,9.1,10.5,10.3,30.0,water_later
Pepper,flowering,6.2,77,clay,44.0,90.1,32.3,68.2,36.1,7.0,3.2,15.0,water_later
Potato,seedling,13.1,134,sandy,74.1,15.5,23.6,46.6,62.1,25.0,10.6,15.0,water_later
Pepper,flowering,7.4,2,loam,76.0,7.9,30.4,43.6,49.6,19.7,6.5,168.0,no_watering
Pepper,flowering,11.4,40,loam,96.8,1.8,23.0,47.8,65.8,7.8,6.8,84.0,no_watering
Potato,fruiting,14.1,32,clay,54.8,23.2,27.9,77.8,58.3,10.0,8.3,36.0,water_later
Pepper,vegetative,5.9,1,sandy,74.5,15.1,20.8,47.5,60.2,15.4,3.7,168.0,no_watering
Potato,flowering,21.3,23,sandy,85.1,4.9,16.6,83.8,50.4,1.9,10.0,18.0,water_later
Pepper,vegetative,14.9,34,clay,46.8,19.9,31.6,38.1,71.6,17.9,11.2,12.0,water_now
Tomato,flowering,18.8,123,sandy,42.4,10.8,31.5,41.0,66.4,2.0,9.5,7.0,water_now
Potato,flowering,18.0,131,clay,51.6,40.5,28.5,57.1,21.5,6.9,9.9,12.0,water_now
Pepper,seedling,13.0,91,sandy,90.9,9.6,35.4,60.8,84.8,19.9,6.0,168.0,no_watering
Tomato,seedling,9.2,114,clay,82.5,42.0,32.9,42.7,19.1,4.0,2.7,168.0,no_watering
Potato,fruiting,14.2,94,loam,92.2,5.7,22.1,72.8,39.9,1.9,7.8,36.0,water_later
Pepper,flowering,5.5,44,loam,80.4,21.6,16.8,53.1,7.8,5.2,2.6,137.0,no_watering
Potato,fruiting,25.2,30,loam,74.9,36.5,13.7,90.1,46.4,0.3,4.1,119.0,no_watering
Tomato,vegetative,22.7,70,sandy,38.3,21.6,26.9,92.4,60.2,19.6,9.4,11.0,water_now
Potato,flowering,21.4,27,clay,66.4,54.9,12.6,64.0,77.8,5.2,2.0,168.0,no_watering
Potato,seedling,31.9,96,sandy,79.4,16.9,12.8,52.5,80.2,24.4,11.6,168.0,no_watering
Potato,fruiting,14.3,105,clay,36.5,68.6,26.0,50.2,41.1,14.0,2.2,14.0,water_later
Pepper,vegetative,5.5,27,clay,61.1,17.0,35.5,34.6,4.6,15.8,6.8,37.0,water_later
Pepper,flowering,15.2,61,loam,96.6,1.9,35.9,91.0,88.8,20.4,8.1,17.0,water_later
Potato,seedling,10.7,114,clay,70.0,73.9,18.9,80.5,1.9,7.8,4.4,168.0,no_watering
Potato,seedling,20.1,131,clay,93.6,11.2,26.8,32.4,59.0,3.1,5.1,168.0,no_watering
Tomato,flowering,22.8,122,clay,68.9,29.7,28.6,83.1,33.2,23.8,2.6,168.0,no_watering
Pepper,flowering,8.8,30,sandy,65.2,9.3,24.9,87.2,13.0,12.4,9.5,12.0,water_now
Tomato,fruiting,20.3,133,loam,97.6,0.6,26.0,52.5,36.7,6.6,10.6,14.0,water_later
Pepper,flowering,11.8,11,clay,38.5,85.3,16.2,57.3,17.2,18.1,9.4,13.0,water_later
Pepper,vegetative,5.5,75,clay,38.8,45.5,16.2,58.0,23.2,4.9,10.2,9.0,water_now
Pepper,fruiting,13.9,127,loam,94.9,3.0,27.1,59.2,21.0,8.1,6.0,33.0,water_later
Pepper,fruiting,12.9,10,loam,90.3,4.7,26.8,89.0,36.0,10.0,10.1,58.0,no_watering
Potato,seedling,30.0,122,loam,80.9,30.2,22.8,66.3,20.8,22.2,8.9,60.0,no_watering
Potato,flowering,28.6,35,loam,37.3,29.2,25.7,35.8,5.0,16.9,6.1,10.0,water_now
Potato,vegetative,12.5,92,sandy,55.2,21.7,15.0,30.7,88.3,23.8,6.3,12.0,water_now
Potato,vegetative,25.9,92,clay,54.1,73.7,19.9,32.1,18.1,21.8,3.5,168.0,no_watering
Tomato,vegetative,16.4,118,sandy,52.9,14.9,27.2,51.6,71.7,2.6,9.0,10.0,water_now
Potato,seedling,19.9,16,loam,47.8,78.6,19.0,48.1,57.8,15.7,7.1,168.0,no_watering
Tomato,vegetative,13.5,52,sandy,63.2,21.8,22.2,94.4,22.8,10.1,6.6,15.0,water_later
Potato,flowering,16.3,139,loam,36.0,66.3,24.0,59.0,27.9,1.1,5.5,10.0,water_now
Potato,flowering,26.3,7,sandy,51.6,44.9,14.7,76.6,53.2,21.2,5.2,168.0,no_watering
Potato,vegetative,29.4,149,loam,36.0,35.6,26.8,73.5,83.7,17.9,6.8,13.0,water_later
Pepper,seedling,7.3,134,sandy,89.2,11.0,17.3,48.1,89.7,16.1,4.7,168.0,no_watering
Pepper,flowering,7.8,38,loam,96.0,2.9,28.5,71.4,35.7,9.1,2.9,133.0,no_watering
Potato,seedling,22.2,96,sandy,76.8,33.4,12.8,31.3,56.7,19.0,8.1,168.0,no_watering
Potato,seedling,15.1,103,loam,46.5,124.5,22.1,91.3,59.4,0.4,6.1,35.0,water_later
Tomato,seedling,10.9,129,loam,63.5,55.9,31.5,56.0,35.7,5.7,8.4,33.0,water_later
Tomato,fruiting,23.8,144,loam,46.7,31.2,25.9,65.6,77.2,16.6,8.0,11.0,water_now
Tomato,flowering,20.5,138,sandy,62.1,39.2,29.1,80.9,46.0,21.3,3.3,36.0,water_later
Tomato,flowering,15.9,78,loam,35.5,62.3,27.6,47.1,63.6,16.6,4.8,9.0,water_now
Potato,fruiting,18.0,71,sandy,71.9,41.2,22.0,64.5,7.0,23.3,3.7,59.0,no_watering
Potato,fruiting,19.6,37,loam,65.4,16.8,24.4,94.5,27.0,24.9,8.4,61.0,no_watering
Tomato,fruiting,23.1,134,clay,95.3,2.0,31.9,85.6,50.2,15.9,7.4,39.0,water_later
Potato,seedling,27.1,147,sandy,49.1,85.7,14.1,56.0,70.5,18.3,6.4,168.0,no_watering
Potato,flowering,16.8,26,loam,91.8,7.9,24.3,44.9,55.0,18.2,5.9,168.0,no_watering
Tomato,seedling,19.8,44,loam,78.1,26.7,30.2,60.1,42.0,5.5,7.9,86.0,no_watering
Potato,fruiting,10.3,92,sandy,69.0,21.9,13.3,91.5,51.9,0.2,3.7,36.0,water_later
Tomato,fruiting,13.6,146,clay,48.8,40.1,16.6,51.3,36.9,13.9,10.2,11.0,water_now
Potato,flowering,26.4,80,clay,42.6,94.0,21.6,68.6,18.6,23.8,4.6,54.0,no_watering
Tomato,vegetative,21.1,4,loam,42.8,30.5,30.4,48.9,66.2,11.5,6.1,130.0,no_watering
Tomato,flowering,16.1,115,clay,74.0,41.0,29.3,35.1,60.7,1.8,4.9,60.0,no_watering
Pepper,vegetative,10.0,96,sandy,56.2,21.2,20.2,73.7,56.1,17.6,8.1,10.0,water_now
Pepper,fruiting,12.8,16,clay,91.9,7.8,30.9,46.2,35.4,11.9,6.1,131.0,no_watering
Pepper,fruiting,13.4,127,clay,76.1,10.8,30.8,78.2,51.0,20.2,5.4,87.0,no_watering
Pepper,seedling,15.3,116,loam,85.6,43.9,22.2,55.9,15.7,22.6,3.7,168.0,no_watering
Tomato,seedling,12.5,11,loam,48.5,61.2,15.2,71.1,31.7,19.0,11.1,40.0,water_later
Tomato,flowering,18.8,141,loam,83.1,13.4,18.4,38.7,77.2,4.5,3.4,108.0,no_watering
Potato,vegetative,18.7,48,sandy,80.5,8.5,12.3,66.1,7.1,22.4,9.8,17.0,water_later
Tomato,fruiting,19.1,84,clay,42.6,21.8,26.5,33.5,82.0,15.8,8.1,12.0,water_now
Tomato,seedling,8.5,117,loam,56.2,61.0,29.3,88.9,11.2,12.4,12.0,20.0,water_later
Pepper,vegetative,12.5,66,sandy,49.6,16.6,35.9,50.5,66.6,22.6,6.4,24.0,water_later
Potato,fruiting,27.8,145,sandy,80.8,10.6,17.8,80.6,55.1,9.8,5.2,34.0,water_later
Tomato,fruiting,18.0,100,loam,90.5,4.6,19.4,69.4,32.1,21.0,6.0,48.0,water_later
Pepper,fruiting,14.4,117,clay,94.1,2.1,32.1,52.9,57.7,6.5,6.8,37.0,water_later
Pepper,seedling,11.5,148,sandy,61.9,31.6,18.1,61.6,0.1,18.6,10.3,15.0,water_later
Tomato,vegetative,15.0,15,clay,55.1,35.8,21.2,58.2,78.4,7.1,11.5,67.0,no_watering
Pepper,seedling,15.8,73,sandy,98.0,3.3,18.9,91.8,43.0,3.8,11.1,38.0,water_later
Pepper,flowering,12.5,82,clay,52.4,28.5,22.8,76.5,86.5,5.3,7.2,35.0,water_later
Pepper,seedling,10.8,67,loam,87.1,18.4,29.2,68.8,54.7,17.8,6.9,168.0,no_watering
Tomato,vegetative,20.0,93,clay,87.7,17.7,26.1,66.6,84.8,10.6,11.5,86.0,no_watering
Pepper,fruiting,6.7,12,loam,84.3,20.8,20.0,60.6,9.7,1.5,3.2,134.0,no_watering
Pepper,flowering,9.3,56,sandy,75.9,8.3,19.1,46.3,36.6,1.1,6.5,14.0,water_later
Pepper,flowering,13.9,143,loam,87.5,5.8,22.1,49.3,79.8,20.4,6.7,39.0,water_later
Tomato,seedling,21.7,47,sandy,76.7,52.3,33.5,88.9,25.3,2.1,3.1,111.0,no_watering
Potato,seedling,11.5,8,loam,46.2,90.0,16.3,82.7,3.9,19.6,6.3,83.0,no_watering
Pepper,seedling,8.5,29,sandy,39.8,52.5,33.3,66.0,68.5,21.1,6.7,11.0,water_now
Potato,fruiting,11.0,31,sandy,91.5,5.1,16.1,89.4,37.8,7.3,4.3,87.0,no_watering
Pepper,flowering,13.7,128,clay,49.9,94.9,27.0,81.2,27.8,14.7,3.9,36.0,water_later
Tomato,vegetative,21.8,18,loam,89.8,10.7,33.5,44.7,84.7,21.5,6.7,168.0,no_watering
Tomato,vegetative,22.4,122,clay,98.6,1.6,22.8,34.1,64.8,6.5,7.6,82.0,no_watering
Pepper,seedling,13.6,41,loam,45.6,78.0,33.4,87.9,25.5,16.8,7.7,26.0,water_later
Tomato,fruiting,16.2,90,sandy,99.5,0.2,15.5,68.2,5.6,15.3,7.6,15.0,water_later
Potato,fruiting,26.4,99,clay,81.9,10.0,24.5,39.4,45.1,7.6,10.7,32.0,water_later
Pepper,seedling,15.6,97,sandy,63.1,45.4,19.8,90.8,32.9,7.8,10.2,37.0,water_later
Potato,flowering,31.3,57,loam,47.6,62.3,23.5,76.2,44.7,12.4,2.1,168.0,no_watering
Potato,fruiting,20.6,124,loam,47.0,64.1,19.9,58.1,76.4,8.9,5.0,64.0,no_watering
Pepper,flowering,7.7,133,clay,60.7,18.3,29.8,91.3,13.9,14.8,7.2,17.0,water_later
Potato,seedling,15.7,91,loam,47.3,83.8,16.2,87.3,56.2,0.9,7.4,36.0,water_later
Potato,seedling,19.0,9,clay,57.3,113.5,17.5,89.0,71.7,14.4,8.1,168.0,no_watering
Potato,seedling,23.6,14,loam,69.7,58.1,15.8,48.3,8.8,4.4,11.0,81.0,no_watering
Pepper,fruiting,12.5,131,clay,64.0,16.9,27.0,29.7,76.9,24.3,5.3,168.0,no_watering
Potato,flowering,24.4,77,loam,88.8,15.2,21.0,57.2,71.9,13.8,7.1,41.0,water_later
Potato,fruiting,15.4,48,sandy,73.9,10.4,17.2,45.6,33.5,18.2,10.0,12.0,water_now
Pepper,seedling,9.3,126,clay,74.7,61.5,20.2,33.0,40.5,9.1,9.5,103.0,no_watering
Pepper,flowering,7.1,145,sandy,35.8,36.1,21.7,51.9,33.6,22.4,3.0,10.0,water_now
Tomato,vegetative,11.0,139,sandy,65.9,47.5,26.1,38.4,73.4,9.6,3.0,168.0,no_watering
Pepper,fruiting,5.5,42,clay,96.9,3.1,15.6,25.6,7.6,22.0,9.5,42.0,water_later
Tomato,seedling,22.9,82,sandy,73.9,20.2,23.8,27.3,14.5,16.7,8.3,37.0,water_later
Tomato,vegetative,11.7,10,clay,64.9,62.9,22.6,87.8,66.7,7.0,2.3,168.0,no_watering
Potato,vegetative,29.0,79,clay,74.9,22.5,25.8,36.1,25.0,4.9,4.6,86.0,no_watering
Pepper,fruiting,7.7,62,sandy,47.5,19.0,17.9,25.2,35.8,2.7,5.0,11.0,water_now
Potato,flowering,26.5,57,loam,44.5,54.9,16.7,83.8,14.1,18.8,3.1,86.0,no_watering
Potato,fruiting,13.9,27,loam,64.4,33.4,22.4,87.5,79.3,17.1,4.1,168.0,no_watering
Tomato,fruiting,16.4,140,loam,93.4,2.0,30.9,33.6,70.5,23.7,9.6,18.0,water_later
Tomato,vegetative,18.6,11,clay,65.3,42.5,18.6,82.7,51.3,20.2,7.7,168.0,no_watering
Pepper,flowering,7.2,145,sandy,48.9,15.0,33.1,37.9,3.6,8.7,6.1,9.0,water_now
Tomato,fruiting,16.1,24,loam,96.6,1.8,27.3,51.4,18.0,10.3,2.9,168.0,no_watering
Pepper,seedling,10.6,45,sandy,37.8,92.0,19.4,64.2,30.4,4.5,2.1,35.0,water_later
Potato,flowering,14.9,78,clay,39.0,40.3,25.7,78.4,36.3,8.8,5.9,15.0,water_later
Pepper,flowering,7.0,112,loam,98.8,0.3,33.1,59.6,73.6,22.3,7.4,17.0,water_later
Tomato,vegetative,14.4,128,sandy,42.2,46.3,25.1,68.6,58.5,7.2,4.4,15.0,water_later
Potato,vegetative,14.7,109,loam,75.5,17.4,28.0,66.3,85.4,20.9,9.7,61.0,no_watering
Pepper,fruiting,12.3,46,loam,35.5,43.6,24.9,81.4,63.1,10.6,2.3,12.0,water_now
Potato,flowering,31.4,26,sandy,58.4,30.2,24.9,49.1,75.0,7.3,8.0,12.0,water_now
Pepper,fruiting,12.2,40,loam,84.9,3.6,34.9,85.6,31.7,15.5,7.8,33.0,water_later
Potato,seedling,15.9,87,loam,93.8,10.3,19.3,42.8,4.1,9.8,9.1,65.0,no_watering
Pepper,flowering,7.1,27,loam,82.0,4.7,30.4,84.4,60.3,15.9,10.7,16.0,water_later
Potato,fruiting,11.8,91,loam,70.5,30.2,14.7,35.0,4.8,13.6,6.4,34.0,water_later
Tomato,seedling,22.0,48,clay,85.3,30.8,20.9,90.2,28.4,19.0,10.6,168.0,no_watering
Pepper,vegetative,11.9,25,clay,67.4,14.8,33.3,29.1,25.6,9.6,8.0,55.0,no_watering
Tomato,seedling,8.3,96,clay,64.0,46.1,31.0,33.3,68.5,19.2,10.0,168.0,no_watering
Pepper,seedling,12.4,26,loam,62.7,71.5,28.7,25.6,69.1,4.3,10.3,55.0,no_watering
Pepper,vegetative,14.4,76,clay,77.6,21.6,18.2,66.6,84.6,13.8,8.5,62.0,no_watering
Potato,seedling,10.4,37,clay,77.5,34.9,16.8,48.4,68.9,1.4,8.5,168.0,no_watering
Tomato,fruiting,18.1,148,clay,64.4,22.8,21.1,59.5,63.9,0.3,11.1,14.0,water_later
Potato,seedling,17.9,134,clay,92.3,15.8,24.3,74.8,15.6,24.1,10.9,136.0,no_watering
Potato,flowering,24.4,19,loam,76.7,12.2,21.9,62.3,76.5,20.8,10.2,110.0,no_watering
Pepper,flowering,13.0,83,loam,83.7,5.4,35.5,52.1,49.4,5.7,5.4,33.0,water_later
Pepper,seedling,15.3,39,loam,71.6,35.1,24.9,63.3,28.8,19.6,8.0,168.0,no_watering
Tomato,flowering,10.8,42,clay,72.6,18.5,31.4,43.3,87.9,2.4,8.8,36.0,water_later
Tomato,flowering,21.3,99,loam,78.1,11.1,19.1,48.6,86.1,23.4,7.4,62.0,no_watering
Pepper,fruiting,11.6,121,clay,81.5,6.0,32.6,36.4,13.4,24.0,6.8,33.0,water_later
Pepper,flowering,13.1,132,sandy,68.8,27.8,33.6,42.6,71.8,15.9,2.6,168.0,no_watering
Tomato,vegetative,17.7,50,sandy,72.6,31.7,25.3,92.6,24.3,13.5,5.4,35.0,water_later
Tomato,fruiting,21.8,15,loam,75.5,10.1,31.7,59.2,60.6,0.8,7.7,33.0,water_later
Pepper,vegetative,13.0,126,clay,75.9,12.6,19.6,26.0,51.6,5.0,11.7,34.0,water_later
Pepper,seedling,12.2,102,clay,35.6,168.0,25.8,54.5,89.3,13.6,2.2,168.0,no_watering
Pepper,fruiting,13.9,24,sandy,75.1,21.5,23.5,27.6,64.1,21.3,2.4,168.0,no_watering
Potato,seedling,26.7,28,loam,83.7,40.1,22.7,66.5,13.2,12.7,2.4,168.0,no_watering
Potato,seedling,26.9,73,sandy,51.9,75.9,20.8,55.8,16.9,9.5,5.0,38.0,water_later
Tomato,vegetative,16.4,91,loam,45.3,50.3,24.3,48.4,2.7,11.4,8.2,10.0,water_now
Potato,fruiting,22.2,75,loam,40.9,102.0,15.3,71.8,21.4,12.0,6.7,11.0,water_now
Potato,fruiting,18.9,110,clay,47.6,82.7,17.3,92.3,54.6,11.8,3.7,106.0,no_watering
Tomato,fruiting,8.4,13,loam,97.8,1.8,21.7,93.2,7.3,3.9,6.0,85.0,no_watering
Pepper,seedling,14.7,13,clay,56.0,128.9,31.2,79.1,57.2,11.2,9.4,168.0,no_watering
Pepper,fruiting,9.2,21,loam,76.6,15.1,21.3,81.0,19.5,3.7,11.1,17.0,water_later
Potato,fruiting,13.3,20,clay,51.3,155.8,24.6,90.5,55.7,22.8,2.1,168.0,no_watering
Potato,vegetative,26.3,12,loam,64.3,22.3,14.3,62.4,54.4,8.7,9.1,84.0,no_watering
Potato,fruiting,15.9,137,sandy,86.5,4.7,12.1,36.1,35.7,9.4,11.9,12.0,water_now
Tomato,flowering,21.4,77,loam,54.4,25.6,25.7,59.2,59.4,8.0,5.0,25.0,water_later
Pepper,fruiting,12.8,55,sandy,73.8,8.0,23.6,33.8,63.3,11.2,7.9,15.0,water_later
Pepper,seedling,8.0,120,sandy,62.2,29.9,29.0,67.8,73.3,19.6,11.4,35.0,water_later
Potato,flowering,26.1,116,sandy,64.9,36.9,13.7,64.3,17.1,2.4,8.6,11.0,water_now
Tomato,vegetative,13.9,53,clay,75.5,16.4,26.2,87.2,7.4,2.7,11.3,37.0,water_later
Potato,fruiting,24.2,125,sandy,55.4,13.6,21.2,82.3,1.2,19.8,10.4,8.0,water_now
Tomato,flowering,22.7,37,loam,58.9,38.4,25.9,74.7,37.1,10.9,3.0,132.0,no_watering
Potato,vegetative,14.1,42,clay,85.6,27.9,13.4,29.0,40.5,7.7,2.4,168.0,no_watering
Tomato,seedling,17.6,67,loam,40.7,109.7,27.5,84.8,50.8,22.3,8.6,168.0,no_watering
Tomato,fruiting,10.0,132,clay,56.3,29.4,19.0,46.2,37.4,4.8,7.5,17.0,water_later
Tomato,seedling,23.1,67,loam,59.3,100.0,19.6,86.6,15.0,8.4,4.4,168.0,no_watering
Tomato,seedling,10.0,80,clay,79.8,31.0,16.5,25.7,61.1,18.3,9.0,168.0,no_watering
Pepper,fruiting,5.2,7,loam,41.1,15.8,16.3,47.1,69.5,17.9,11.6,9.0,water_now
Tomato,fruiting,23.8,113,loam,39.4,31.8,27.9,86.8,78.6,5.8,3.6,14.0,water_later
Pepper,vegetative,6.0,46,clay,49.6,66.6,32.8,88.5,40.7,24.4,2.4,168.0,no_watering
Pepper,vegetative,9.0,77,loam,36.5,33.8,30.5,63.1,57.9,10.2,6.5,9.0,water_now
Tomato,vegetative,22.7,103,loam,95.2,4.8,26.1,53.9,71.1,4.8,4.2,119.0,no_watering
Pepper,flowering,12.6,149,loam,58.0,36.6,17.0,89.1,85.3,11.7,10.6,16.0,water_later
Pepper,seedling,7.0,101,loam,78.6,30.1,23.5,89.6,70.6,5.2,3.5,168.0,no_watering
Tomato,flowering,15.5,75,sandy,87.2,3.0,27.0,65.9,79.1,22.7,9.8,14.0,water_later
Pepper,flowering,8.4,15,clay,90.9,4.3,23.5,69.1,82.2,19.8,9.0,168.0,no_watering
Tomato,vegetative,18.8,64,loam,71.6,11.4,31.1,32.7,87.4,13.9,8.5,33.0,water_later
Pepper,vegetative,13.3,36,sandy,41.7,33.9,25.4,58.8,83.0,24.6,5.5,168.0,no_watering
Pepper,seedling,14.2,57,clay,52.3,71.8,33.0,42.8,70.4,8.0,9.2,109.0,no_watering
Pepper,seedling,11.5,123,loam,84.4,19.5,30.9,64.6,52.5,1.8,6.9,83.0,no_watering
Tomato,vegetative,11.0,104,sandy,67.9,7.7,27.2,50.4,76.4,11.6,11.8,9.0,water_now
Potato,flowering,28.1,59,clay,91.7,5.5,21.3,89.0,31.0,15.2,7.8,88.0,no_watering
Tomato,seedling,9.1,38,clay,38.3,100.0,19.2,68.2,76.0,10.6,8.5,168.0,no_watering
Potato,seedling,27.0,17,sandy,85.0,13.0,13.8,71.0,24.5,23.2,11.1,60.0,no_watering
Tomato,flowering,21.3,137,sandy,73.4,7.9,19.8,25.1,0.8,16.2,8.4,11.0,water_now
Pepper,flowering,7.1,34,clay,45.5,42.4,31.3,35.1,42.0,15.1,2.0,168.0,no_watering
Potato,flowering,21.5,83,clay,52.6,18.5,26.1,53.5,29.8,16.8,11.0,14.0,water_later
Tomato,seedling,8.1,95,sandy,51.4,29.0,27.4,60.8,82.8,23.6,11.8,17.0,water_later
Pepper,fruiting,5.7,110,loam,86.7,6.7,22.9,62.6,10.0,0.4,3.7,52.0,no_watering
Potato,vegetative,26.6,30,clay,46.3,45.8,14.6,93.1,71.7,22.0,9.4,33.0,water_later
Potato,vegetative,28.4,144,loam,80.8,8.4,18.0,33.1,31.8,13.9,11.1,16.0,water_later
Tomato,fruiting,12.1,113,loam,49.0,11.1,32.9,55.0,80.3,4.6,9.3,8.0,water_now
Potato,flowering,22.8,46,sandy,68.9,11.4,17.7,87.9,25.7,8.7,8.6,13.0,water_later
Potato,flowering,10.7,120,loam,98.5,0.9,21.2,26.5,5.2,19.8,9.5,18.0,water_later
Potato,flowering,21.5,89,clay,86.1,21.3,25.3,63.5,45.8,22.5,2.9,168.0,no_watering
Pepper,flowering,8.1,110,sandy,84.8,2.2,32.5,35.5,50.4,12.9,10.8,8.0,water_now
Potato,seedling,11.7,138,sandy,99.3,0.9,15.5,38.6,70.0,8.6,9.8,61.0,no_watering
Potato,flowering,11.3,118,sandy,86.2,7.3,20.5,26.9,38.0,8.9,2.7,58.0,no_watering
Potato,flowering,19.5,146,clay,99.6,0.4,25.4,48.4,5.0,22.8,5.5,107.0,no_watering
Tomato,fruiting,8.1,63,clay,69.6,13.5,20.4,37.3,34.5,10.3,7.7,33.0,water_later
Tomato,vegetative,10.4,119,clay,52.3,40.8,19.8,58.7,20.1,24.5,7.1,59.0,no_watering
Potato,vegetative,11.3,132,loam,38.0,25.9,23.3,32.5,26.0,12.3,9.0,8.0,water_now
Potato,vegetative,24.8,44,clay,82.1,15.7,15.7,81.6,88.0,8.2,8.3,168.0,no_watering
Tomato,flowering,13.1,34,sandy,51.2,15.8,32.8,54.3,56.9,8.9,5.3,11.0,water_now
Tomato,flowering,12.4,30,sandy,91.3,2.0,32.7,76.1,22.4,18.3,7.4,16.0,water_later
Potato,seedling,10.1,83,sandy,82.2,25.3,15.9,36.2,1.6,0.8,8.7,35.0,water_later
Potato,seedling,16.0,20,sandy,56.6,28.7,17.4,31.0,41.1,14.4,11.3,18.0,water_later
Potato,seedling,10.8,133,clay,95.6,12.5,20.7,72.6,11.9,12.7,2.4,168.0,no_watering
Tomato,seedling,14.5,11,clay,84.4,59.0,25.9,92.2,24.6,11.8,5.7,168.0,no_watering
Pepper,fruiting,11.4,64,loam,43.3,37.8,19.0,42.6,76.8,22.2,2.7,168.0,no_watering
Pepper,fruiting,14.6,74,sandy,61.3,14.5,26.3,42.9,68.9,3.5,9.4,8.0,water_now
Tomato,vegetative,10.9,47,loam,90.9,7.9,22.4,31.8,89.0,3.2,4.1,168.0,no_watering
Potato,seedling,13.0,131,clay,99.1,2.2,19.2,80.9,12.5,11.0,6.9,168.0,no_watering
Pepper,flowering,13.0,139,sandy,58.4,22.0,26.4,67.2,5.7,18.9,8.1,9.0,water_now
Tomato,fruiting,15.4,42,loam,42.0,13.7,31.7,60.5,74.9,19.2,8.8,8.0,water_now
Pepper,seedling,12.8,85,sandy,68.1,32.4,16.2,40.3,3.3,14.7,10.3,17.0,water_later
Pepper,flowering,15.1,93,clay,69.3,15.8,21.2,94.9,0.7,14.8,9.8,31.0,water_later
Tomato,flowering,9.2,1,loam,82.1,6.9,23.0,91.1,58.1,6.4,10.7,74.0,no_watering
Potato,seedling,28.7,95,clay,82.1,29.2,18.5,43.3,71.7,1.1,9.9,107.0,no_watering
Tomato,fruiting,18.6,57,clay,91.8,3.5,27.1,79.2,36.2,4.6,9.1,37.0,water_later
Potato,vegetative,12.1,44,loam,79.3,16.8,22.5,52.9,62.0,6.6,4.8,168.0,no_watering
Tomato,vegetative,13.7,40,sandy,74.1,35.6,28.2,94.0,80.8,5.4,3.0,168.0,no_watering
Potato,flowering,26.8,27,sandy,81.4,4.5,27.9,27.7,23.9,24.4,7.9,15.0,water_later
Potato,vegetative,25.9,27,sandy,87.5,4.5,17.3,52.6,72.9,2.0,10.0,30.0,water_later
Tomato,vegetative,10.1,101,clay,67.5,35.5,25.2,53.4,80.2,3.5,10.4,27.0,water_later
Potato,flowering,22.3,91,sandy,69.0,18.8,21.9,86.0,84.6,21.4,3.0,168.0,no_watering
Potato,flowering,11.7,39,sandy,79.1,5.3,22.4,35.3,16.1,12.1,8.8,13.0,water_later
Potato,vegetative,21.5,79,clay,95.3,3.0,28.8,79.9,47.9,13.6,7.3,70.0,no_watering
Tomato,vegetative,14.3,137,loam,67.5,24.4,31.9,59.6,46.7,4.1,6.9,16.0,water_later
Pepper,vegetative,10.6,5,loam,75.9,24.1,16.3,72.8,31.2,10.4,6.8,168.0,no_watering
Pepper,fruiting,5.6,75,sandy,49.2,13.6,33.1,32.3,28.9,14.0,9.2,7.0,water_now
Tomato,fruiting,16.8,146,loam,51.3,15.6,19.7,67.5,48.5,4.6,10.2,10.0,water_now
Tomato,fruiting,18.6,61,clay,98.6,0.6,18.1,72.5,2.7,9.2,11.2,36.0,water_later
Tomato,seedling,22.6,117,clay,49.0,168.0,29.8,94.1,18.5,21.9,2.9,168.0,no_watering
Pepper,seedling,10.2,8,sandy,70.2,41.8,19.3,88.6,56.4,21.1,5.3,168.0,no_watering
Tomato,vegetative,8.3,126,sandy,94.6,1.7,19.7,27.9,18.6,23.1,10.0,13.0,water_later
Tomato,fruiting,13.9,34,loam,51.3,11.3,31.8,60.0,80.5,7.7,11.2,10.0,water_now
Tomato,seedling,21.7,12,sandy,98.9,1.2,28.0,53.8,23.8,4.5,8.6,86.0,no_watering
Potato,seedling,14.7,19,sandy,35.6,42.3,22.7,50.9,78.8,2.1,10.2,10.0,water_now
Pepper,vegetative,14.2,143,loam,70.5,14.1,28.4,67.1,42.2,12.4,7.7,17.0,water_later
Pepper,flowering,15.9,61,loam,85.5,24.5,20.2,80.7,81.4,22.5,2.8,168.0,no_watering
Pepper,vegetative,9.8,66,sandy,88.7,10.9,15.8,72.0,9.4,15.8,6.7,34.0,water_later
Tomato,flowering,8.1,2,clay,90.1,6.7,24.6,44.0,66.0,18.4,4.9,168.0,no_watering
Potato,seedling,24.1,68,loam,93.3,9.2,21.4,58.3,70.4,9.5,7.0,168.0,no_watering
Potato,vegetative,30.8,105,clay,50.2,78.0,24.6,41.0,50.2,23.8,5.1,168.0,no_watering
Tomato,seedling,19.5,85,clay,78.7,43.6,26.6,33.5,27.8,15.8,7.3,132.0,no_watering
Pepper,seedling,8.9,82,clay,85.3,34.0,29.8,45.8,4.6,9.2,2.4,168.0,no_watering
Pepper,seedling,13.7,139,clay,99.9,0.3,22.1,81.5,23.6,16.5,9.7,136.0,no_watering
Pepper,fruiting,14.7,106,loam,50.5,22.3,31.0,40.4,28.1,20.4,2.7,14.0,water_later
Tomato,flowering,13.7,33,loam,68.0,9.1,33.4,36.1,13.8,10.2,10.1,12.0,water_now
Pepper,fruiting,7.9,50,clay,36.1,24.4,21.7,78.2,8.0,2.2,9.9,8.0,water_now
Potato,vegetative,31.9,60,loam,41.8,120.4,19.1,31.9,28.2,7.5,5.0,16.0,water_later
Tomato,flowering,9.4,74,sandy,74.8,9.5,26.3,88.3,79.8,20.2,10.1,9.0,water_now
Pepper,vegetative,14.1,24,loam,73.7,15.5,19.1,74.8,60.0,6.6,10.1,60.0,no_watering
Potato,seedling,31.8,7,loam,71.7,56.3,18.4,77.4,38.0,15.4,4.9,168.0,no_watering
Potato,seedling,22.5,21,loam,49.0,76.1,14.0,31.3,23.5,4.1,7.6,61.0,no_watering
Pepper,vegetative,6.0,31,clay,58.8,16.0,32.3,49.9,81.7,3.3,9.8,34.0,water_later
Tomato,flowering,11.7,110,clay,72.5,24.4,21.6,74.0,53.1,9.4,4.3,168.0,no_watering
Tomato,vegetative,23.3,124,clay,61.5,59.4,16.2,71.3,1.4,16.3,3.7,154.0,no_watering
Potato,seedling,30.6,117,loam,95.6,11.3,19.7,86.4,67.7,1.8,3.0,168.0,no_watering
Tomato,flowering,9.3,123,sandy,83.7,6.8,27.9,33.2,75.1,18.4,10.6,9.0,water_now
Pepper,fruiting,5.9,81,clay,79.5,15.6,27.7,57.9,30.5,22.7,2.6,84.0,no_watering
Tomato,fruiting,18.0,126,loam,46.9,18.9,16.5,78.2,9.9,3.6,10.3,9.0,water_now
Pepper,fruiting,8.6,20,sandy,79.6,11.8,15.1,74.2,4.8,1.5,7.5,27.0,water_later
Potato,fruiting,16.2,40,loam,73.0,23.0,21.7,46.9,21.8,11.3,8.7,32.0,water_later
Tomato,seedling,12.3,43,sandy,96.7,3.5,25.6,49.8,58.0,24.5,5.1,168.0,no_watering
Potato,fruiting,26.6,46,clay,92.6,14.4,16.8,64.2,89.8,11.4,6.1,168.0,no_watering
Tomato,flowering,18.3,125,clay,40.2,18.8,31.9,25.2,80.5,12.8,10.1,11.0,water_now
Pepper,fruiting,9.6,146,clay,70.8,16.0,28.4,45.4,29.6,12.1,3.8,107.0,no_watering
Potato,flowering,20.3,124,sandy,92.9,3.8,28.8,88.3,86.2,1.2,7.9,14.0,water_later
Tomato,flowering,15.1,41,clay,92.8,6.4,16.1,73.4,64.3,14.6,5.7,168.0,no_watering
Potato,seedling,14.3,60,loam,97.7,3.3,16.7,75.7,73.7,9.4,10.1,168.0,no_watering
Tomato,seedling,14.4,10,loam,74.6,67.3,28.7,72.6,88.7,6.7,4.3,168.0,no_watering
Pepper,flowering,15.0,135,clay,55.3,22.1,27.7,74.4,43.0,0.3,7.4,15.0,water_later
Tomato,fruiting,21.7,61,clay,98.9,0.5,18.6,41.9,21.3,16.7,10.6,40.0,water_later
Tomato,flowering,16.0,105,loam,37.3,27.2,24.4,84.0,12.5,15.3,8.4,8.0,water_now
Pepper,vegetative,14.7,77,clay,53.9,44.9,31.4,60.5,14.8,5.3,9.0,14.0,water_later
Tomato,fruiting,23.4,42,sandy,39.8,37.7,30.1,85.0,8.0,23.8,2.8,11.0,water_now
Potato,flowering,24.7,69,clay,63.5,41.0,12.9,90.0,62.7,11.0,6.7,157.0,no_watering
Pepper,fruiting,13.8,23,sandy,77.7,6.9,33.3,92.2,56.2,15.3,8.6,12.0,water_now
Potato,flowering,30.4,19,sandy,43.2,40.3,21.3,51.8,9.9,12.1,8.3,9.0,water_now
Pepper,vegetative,14.9,50,loam,67.5,28.2,23.9,43.1,64.7,18.8,6.3,36.0,water_later
Potato,fruiting,21.3,83,sandy,92.3,2.3,23.2,32.2,22.5,20.5,8.4,13.0,water_later
Potato,vegetative,12.2,100,loam,95.0,4.6,25.3,77.2,7.0,12.3,3.7,86.0,no_watering
Tomato,seedling,10.9,133,loam,60.3,54.6,20.1,93.5,83.9,0.6,8.3,42.0,water_later
Pepper,vegetative,12.4,20,sandy,45.1,43.4,23.7,77.5,30.0,18.1,9.3,10.0,water_now
Tomato,flowering,21.2,139,clay,92.7,6.0,31.6,31.0,54.8,14.3,3.6,168.0,no_watering
Potato,flowering,20.0,38,clay,43.6,55.0,21.5,76.3,52.9,24.8,11.3,20.0,water_later
Pepper,fruiting,14.3,59,clay,90.6,3.6,34.5,43.4,64.4,1.1,6.9,36.0,water_later
Pepper,fruiting,6.2,87,loam,35.0,11.0,32.5,69.4,69.9,0.0,11.3,6.0,water_now
Potato,fruiting,15.4,34,sandy,83.1,7.1,14.0,83.3,0.2,23.0,8.6,32.0,water_later
Pepper,flowering,14.1,101,clay,64.2,26.9,24.5,32.3,24.4,17.0,9.0,32.0,water_later
Tomato,fruiting,22.6,25,clay,60.4,16.7,26.0,37.6,73.3,13.9,7.6,89.0,no_watering
Tomato,fruiting,9.1,43,loam,96.7,1.0,30.3,75.5,13.1,17.7,6.2,59.0,no_watering
Tomato,seedling,15.5,141,loam,93.8,6.9,30.0,73.4,48.2,15.2,7.0,156.0,no_watering
Pepper,flowering,7.6,64,loam,35.6,45.9,28.6,33.6,42.3,18.0,4.3,9.0,water_now
Pepper,fruiting,6.4,135,clay,37.0,35.2,24.0,64.8,55.2,22.9,9.4,8.0,water_now
Potato,flowering,16.3,76,clay,70.9,70.7,15.4,69.7,31.6,20.7,5.5,168.0,no_watering
Tomato,seedling,10.4,25,clay,41.0,75.5,22.9,46.2,12.9,4.4,9.7,35.0,water_later
Potato,vegetative,15.2,123,clay,46.5,32.2,16.2,39.8,75.1,8.1,10.7,14.0,water_later
Pepper,seedling,10.4,126,sandy,68.7,26.1,34.6,43.5,53.8,5.4,4.3,36.0,water_later
Pepper,vegetative,9.7,21,clay,86.6,14.7,33.7,93.6,37.7,9.0,7.9,95.0,no_watering
Pepper,seedling,10.4,136,loam,46.7,75.5,33.2,50.1,63.2,5.7,8.0,13.0,water_later
Tomato,fruiting,11.5,20,clay,73.6,17.5,24.7,92.8,41.7,13.6,6.6,164.0,no_watering
Pepper,seedling,15.7,134,loam,55.2,72.6,31.9,32.7,7.2,19.7,2.7,139.0,no_watering
Potato,flowering,14.3,40,sandy,51.7,34.0,19.8,88.5,14.7,6.5,2.1,35.0,water_later
Tomato,flowering,10.5,94,loam,93.4,3.5,26.6,28.9,7.5,8.7,4.2,57.0,no_watering
Potato,vegetative,29.7,20,loam,78.8,12.1,22.8,77.2,33.4,19.0,7.9,168.0,no_watering
Pepper,seedling,7.2,84,loam,43.9,60.8,35.1,54.9,73.1,10.3,9.1,11.0,water_now
Pepper,vegetative,15.4,25,loam,43.5,29.5,21.8,74.3,38.4,10.5,9.3,17.0,water_later
Tomato,flowering,8.4,25,loam,78.2,21.0,30.3,51.4,87.2,8.6,6.0,83.0,no_watering
Tomato,seedling,13.8,23,clay,64.1,56.6,30.0,31.3,24.5,20.2,5.1,168.0,no_watering
Pepper,vegetative,9.0,23,loam,53.6,34.0,29.7,45.1,52.4,22.7,11.1,129.0,no_watering
Pepper,seedling,14.4,131,loam,47.1,98.4,32.7,36.0,57.0,22.0,2.7,168.0,no_watering
Pepper,fruiting,11.9,94,sandy,80.8,7.7,23.5,72.1,54.6,12.7,3.4,32.0,water_later
Tomato,flowering,22.0,37,clay,41.6,65.0,16.3,57.3,64.2,23.2,9.6,168.0,no_watering
Tomato,fruiting,19.0,66,loam,47.5,34.1,29.9,59.4,82.2,9.9,3.1,84.0,no_watering
Potato,flowering,13.1,101,clay,81.6,15.5,12.4,26.1,29.2,15.8,11.4,32.0,water_later
Pepper,flowering,10.2,128,clay,53.2,48.4,22.6,47.7,36.8,3.1,9.3,13.0,water_later
Potato,seedling,15.4,96,sandy,69.0,66.8,14.3,25.9,2.0,10.3,2.1,109.0,no_watering
Potato,vegetative,24.6,136,clay,46.0,32.1,23.2,78.5,39.7,12.2,11.0,11.0,water_now
Potato,fruiting,29.0,22,clay,44.8,94.8,24.6,82.1,8.4,23.8,4.9,56.0,no_watering
Potato,flowering,26.8,43,clay,97.1,1.6,20.0,31.1,16.2,13.9,8.3,83.0,no_watering
Tomato,seedling,15.3,12,clay,45.1,132.0,16.4,75.7,47.4,11.3,10.8,168.0,no_watering
Tomato,flowering,23.3,65,loam,66.0,18.1,28.7,58.6,64.8,8.4,4.4,37.0,water_later
Tomato,seedling,18.7,47,loam,51.0,90.6,31.4,53.0,81.5,15.8,3.0,168.0,no_watering
Tomato,fruiting,8.2,61,clay,58.8,21.8,18.7,69.2,66.2,15.1,11.4,13.0,water_later
Potato,flowering,29.9,119,sandy,55.9,33.7,12.3,87.7,80.7,13.5,3.4,168.0,no_watering
Pepper,fruiting,9.7,148,sandy,41.7,45.9,21.8,45.5,3.6,24.8,4.9,9.0,water_now
Pepper,seedling,8.3,138,loam,53.6,62.8,29.6,77.9,47.9,24.9,5.4,168.0,no_watering
Pepper,flowering,6.0,36,sandy,88.9,3.9,19.0,48.7,17.1,20.9,8.1,34.0,water_later
Potato,vegetative,17.3,29,clay,77.5,31.7,17.9,73.5,11.7,21.9,5.1,157.0,no_watering
Tomato,seedling,12.5,22,clay,86.3,26.1,19.0,47.5,70.3,22.9,9.3,168.0,no_watering
Tomato,vegetative,23.9,11,sandy,85.6,8.7,32.8,84.1,47.0,20.9,3.6,168.0,no_watering
Pepper,fruiting,9.6,25,loam,53.7,22.6,21.3,78.2,73.7,2.9,5.1,35.0,water_later
Pepper,seedling,15.7,11,sandy,41.3,88.8,18.4,48.3,83.5,19.9,8.8,168.0,no_watering
Potato,vegetative,18.6,101,sandy,70.2,17.5,21.3,47.7,61.0,3.9,4.2,34.0,water_later
Potato,seedling,24.9,65,loam,52.1,134.1,19.2,71.7,31.3,22.2,11.6,78.0,no_watering
Potato,fruiting,19.0,113,sandy,93.5,2.8,22.4,88.6,36.8,9.6,7.1,17.0,water_later
Tomato,fruiting,21.3,146,clay,93.0,4.8,30.6,53.1,45.5,7.8,2.6,168.0,no_watering
Tomato,fruiting,20.6,61,loam,44.8,20.7,20.5,86.5,20.1,7.5,8.8,10.0,water_now
Potato,seedling,29.9,107,clay,81.7,54.3,25.9,41.8,5.5,20.9,3.2,168.0,no_watering
Pepper,seedling,7.0,142,loam,42.2,81.2,34.4,48.4,34.1,23.6,9.7,10.0,water_now
Potato,seedling,20.9,126,clay,98.5,4.5,20.8,73.5,39.4,0.5,5.6,168.0,no_watering
Potato,seedling,17.2,88,sandy,47.0,127.4,14.8,74.8,22.0,7.6,2.1,59.0,no_watering
Tomato,seedling,15.8,80,clay,67.7,85.2,22.4,40.0,67.3,4.6,9.6,118.0,no_watering
Tomato,fruiting,11.8,45,sandy,77.5,7.4,26.4,74.0,40.6,1.0,4.6,20.0,water_later
Potato,fruiting,28.0,81,clay,60.2,21.7,25.0,66.1,53.5,19.3,9.3,68.0,no_watering
Potato,seedling,12.5,140,clay,85.2,27.1,14.3,36.9,31.8,21.5,7.6,168.0,no_watering
Pepper,flowering,6.9,53,clay,44.6,16.9,28.5,40.0,47.6,7.0,10.8,9.0,water_now
Potato,seedling,13.3,137,loam,80.6,40.7,12.3,77.5,72.9,16.7,5.5,168.0,no_watering
Tomato,seedling,10.5,38,clay,57.6,83.3,20.5,78.9,65.1,20.4,6.8,168.0,no_watering
Pepper,seedling,10.9,100,sandy,63.3,16.0,35.4,56.9,48.4,23.3,10.9,11.0,water_now
Potato,fruiting,16.6,77,loam,97.8,2.0,19.3,79.9,77.9,6.2,3.6,168.0,no_watering
Tomato,fruiting,11.5,68,loam,98.7,0.7,30.1,84.9,48.7,0.4,6.6,33.0,water_later
Tomato,flowering,16.2,87,clay,57.5,38.2,27.4,86.2,60.1,18.8,11.2,30.0,water_later
Tomato,fruiting,12.3,127,loam,86.1,4.8,31.0,89.4,12.6,3.6,7.5,15.0,water_later
Tomato,flowering,17.5,146,clay,94.4,2.4,25.5,69.9,30.8,22.4,10.8,34.0,water_later
Pepper,fruiting,12.3,22,sandy,89.1,1.7,29.9,83.5,10.0,22.4,10.2,15.0,water_later
Tomato,flowering,18.3,37,loam,71.2,24.8,21.4,61.8,20.1,3.6,8.5,33.0,water_later
Tomato,fruiting,12.2,34,clay,61.5,27.1,27.1,81.8,86.0,16.8,11.8,19.0,water_later
Pepper,seedling,14.5,138,sandy,95.9,4.6,31.0,81.6,86.1,23.9,4.1,168.0,no_watering
Tomato,vegetative,22.9,23,loam,86.0,17.7,27.7,73.5,73.0,16.8,2.9,168.0,no_watering
Pepper,vegetative,10.9,130,clay,48.3,50.3,30.8,61.3,61.2,7.4,9.1,12.0,water_now
Potato,seedling,27.1,103,clay,78.3,33.0,18.3,89.7,10.9,12.8,10.7,105.0,no_watering
Potato,fruiting,21.8,68,clay,45.3,33.4,14.3,29.8,24.5,5.7,10.1,12.0,water_now
Potato,flowering,24.0,5,clay,48.6,59.4,24.6,94.8,54.4,9.4,8.4,105.0,no_watering
Pepper,seedling,6.6,11,sandy,64.3,20.0,29.6,51.6,3.4,1.0,9.6,34.0,water_later
Potato,seedling,23.9,95,clay,89.7,26.7,23.9,54.9,88.0,15.0,6.8,168.0,no_watering
Potato,fruiting,23.5,5,sandy,76.6,14.1,12.4,83.0,70.8,13.0,10.1,168.0,no_watering
Pepper,seedling,13.2,61,sandy,95.6,8.1,19.9,40.0,57.8,1.7,4.6,137.0,no_watering
Potato,vegetative,14.3,75,sandy,68.0,18.0,27.1,36.7,68.7,13.1,2.6,168.0,no_watering
Tomato,vegetative,11.6,74,sandy,58.6,19.8,25.3,60.5,79.7,13.9,10.8,11.0,water_now
Pepper,seedling,7.9,32,sandy,93.1,7.4,35.5,89.7,9.3,22.9,3.0,168.0,no_watering
Potato,fruiting,18.4,121,loam,99.3,0.3,20.8,79.4,46.4,17.4,11.6,19.0,water_later
Pepper,flowering,12.4,19,sandy,73.7,11.1,22.5,31.0,85.8,16.0,6.6,36.0,water_later
Pepper,flowering,12.3,2,loam,65.1,30.8,25.8,89.6,55.1,22.8,5.4,168.0,no_watering
Pepper,fruiting,9.3,141,clay,82.7,6.3,22.4,42.7,24.3,19.1,10.8,31.0,water_later
Potato,flowering,14.0,47,clay,37.0,61.7,26.8,80.9,57.7,15.4,5.8,12.0,water_now
Pepper,fruiting,13.4,107,loam,38.9,24.8,24.7,68.1,68.7,7.5,6.6,12.0,water_now
Potato,flowering,22.1,118,sandy,97.8,1.7,15.3,34.8,4.9,5.8,4.0,38.0,water_later
Potato,fruiting,11.4,9,loam,50.7,18.3,28.0,45.4,80.7,1.9,7.7,32.0,water_later
Potato,seedling,15.1,8,sandy,52.7,81.4,18.6,72.6,54.7,1.9,2.9,168.0,no_watering
Pepper,vegetative,10.4,106,loam,75.1,15.0,22.8,35.1,88.0,2.0,6.4,43.0,water_later
Pepper,vegetative,8.1,52,sandy,75.2,21.7,31.3,36.9,56.4,20.7,5.7,15.0,water_later
Tomato,seedling,19.5,98,clay,84.2,19.5,33.4,38.3,85.8,9.7,9.6,167.0,no_watering
Tomato,seedling,20.0,115,clay,62.1,131.0,16.2,94.1,38.9,6.9,3.8,168.0,no_watering
Pepper,seedling,9.6,77,loam,35.8,122.8,24.6,91.8,22.3,15.4,3.9,168.0,no_watering
Potato,seedling,27.9,55,sandy,67.7,44.8,20.1,65.2,77.3,6.5,4.3,168.0,no_watering
Tomato,seedling,17.2,33,sandy,52.6,66.7,26.2,31.4,48.3,14.3,2.6,168.0,no_watering
Potato,seedling,13.6,144,clay,44.0,114.2,12.7,90.3,47.7,5.8,8.7,56.0,no_watering
Potato,seedling,13.8,29,clay,75.3,88.9,13.0,39.4,75.1,22.5,4.0,168.0,no_watering
Potato,fruiting,16.9,15,sandy,84.8,8.2,15.9,82.5,77.7,7.0,9.6,33.0,water_later
Potato,vegetative,30.0,3,loam,53.4,30.2,16.2,42.3,20.8,5.3,7.5,41.0,water_later
Potato,flowering,23.3,13,sandy,56.5,15.9,25.1,72.0,67.4,11.1,10.0,11.0,water_now
Pepper,seedling,13.9,6,clay,76.8,29.2,34.1,81.4,62.8,8.6,7.5,168.0,no_watering
Potato,flowering,14.7,90,loam,43.3,25.2,24.2,29.3,38.5,20.7,6.4,15.0,water_later
Potato,fruiting,17.3,100,clay,36.9,50.8,22.2,62.9,12.4,10.7,9.4,9.0,water_now
Potato,flowering,27.6,16,sandy,97.3,0.9,22.9,58.2,68.5,19.5,7.1,139.0,no_watering
Tomato,fruiting,14.6,117,clay,78.8,14.0,30.3,44.1,79.5,20.3,2.3,168.0,no_watering
Potato,vegetative,27.9,6,sandy,80.4,12.0,19.9,63.2,83.2,0.4,4.4,86.0,no_watering
Potato,fruiting,15.8,80,clay,69.6,23.8,27.7,81.2,78.1,12.5,8.3,65.0,no_watering
Pepper,vegetative,14.7,30,sandy,83.2,12.5,31.1,71.9,80.6,12.9,6.2,168.0,no_watering
Pepper,fruiting,15.2,131,clay,55.9,39.8,22.3,63.6,12.5,24.9,4.5,84.0,no_watering
Tomato,flowering,19.7,145,loam,66.8,24.5,23.5,34.7,57.9,13.6,6.3,16.0,water_later
Pepper,fruiting,13.8,40,clay,71.5,12.6,22.4,47.2,9.5,13.6,8.3,35.0,water_later
Pepper,seedling,12.8,50,loam,77.0,26.5,23.4,33.0,12.3,4.5,8.3,82.0,no_watering
Pepper,vegetative,8.9,138,clay,48.5,82.2,21.9,69.3,35.9,7.3,2.9,168.0,no_watering
Pepper,vegetative,8.6,86,sandy,78.4,4.9,33.6,77.7,19.9,5.3,9.6,11.0,water_now
Tomato,fruiting,15.3,58,loam,35.1,25.4,19.9,57.3,69.7,10.0,8.3,12.0,water_now
Pepper,flowering,6.3,80,loam,99.5,0.2,34.1,36.5,50.1,3.6,3.6,42.0,water_later
Potato,vegetative,17.8,30,sandy,68.3,28.2,14.2,69.0,50.2,21.4,3.2,168.0,no_watering
Potato,fruiting,11.6,115,clay,61.4,35.6,20.6,73.1,14.7,13.8,4.6,60.0,no_watering
Pepper,seedling,15.5,5,loam,92.1,8.1,33.9,73.6,49.1,24.2,6.5,168.0,no_watering
Tomato,flowering,21.7,112,sandy,74.2,8.1,28.9,53.0,89.6,7.3,5.7,14.0,water_later
Potato,flowering,10.0,29,loam,95.4,4.4,17.2,92.7,56.4,16.5,2.8,168.0,no_watering
Pepper,fruiting,6.4,58,loam,98.2,0.8,23.0,93.2,24.0,17.9,5.7,62.0,no_watering
Tomato,fruiting,12.8,46,clay,56.2,20.7,33.7,32.5,58.6,15.7,3.4,168.0,no_watering
Tomato,flowering,21.1,113,loam,61.0,48.3,23.8,42.5,58.6,8.8,2.1,168.0,no_watering
Potato,vegetative,16.8,128,clay,88.7,18.3,14.6,60.3,41.4,7.6,11.9,60.0,no_watering
Potato,flowering,31.4,33,sandy,42.4,32.3,28.6,62.3,6.6,14.3,9.8,8.0,water_now
Pepper,flowering,14.3,61,sandy,68.9,6.9,33.8,80.3,59.3,8.1,9.0,11.0,water_now
Pepper,seedling,6.1,115,sandy,99.7,0.2,22.9,61.9,34.2,10.7,10.3,39.0,water_later
Tomato,seedling,15.9,143,sandy,86.2,12.7,23.7,59.4,87.5,3.1,11.3,27.0,water_later
Tomato,flowering,13.0,129,sandy,80.2,10.1,20.6,44.1,63.7,10.3,9.6,13.0,water_later
Pepper,seedling,14.6,50,sandy,66.3,30.0,21.2,74.6,0.2,9.6,9.0,33.0,water_later
Potato,vegetative,14.4,132,clay,54.5,57.8,14.6,63.7,47.2,17.4,5.2,168.0,no_watering
Tomato,flowering,10.8,40,sandy,38.2,10.4,30.8,30.3,21.5,20.4,11.8,6.0,water_now
Potato,fruiting,12.2,29,sandy,80.6,7.3,24.9,27.8,0.7,16.3,5.2,35.0,water_later
Tomato,seedling,10.2,46,loam,60.8,56.4,22.1,73.4,13.3,23.2,12.0,33.0,water_later
Pepper,fruiting,15.8,64,loam,79.4,15.7,35.1,54.0,67.2,22.0,3.5,168.0,no_watering
Potato,flowering,25.5,39,clay,74.0,20.8,19.1,85.6,34.8,23.1,6.4,168.0,no_watering
Potato,vegetative,29.3,100,sandy,90.7,8.3,27.3,27.7,69.5,10.1,2.1,154.0,no_watering
Pepper,flowering,11.2,40,sandy,85.3,13.6,24.4,36.4,38.2,5.7,3.7,63.0,no_watering
Tomato,fruiting,10.5,87,loam,35.8,24.9,24.5,61.3,66.1,4.0,6.2,8.0,water_now
Pepper,fruiting,10.5,139,loam,86.6,3.9,30.6,40.2,89.7,22.1,7.4,20.0,water_later
Tomato,flowering,18.1,16,clay,58.9,28.3,23.2,64.9,35.7,5.4,9.4,40.0,water_later
Potato,vegetative,28.9,62,clay,64.0,32.1,27.5,68.7,82.6,12.0,5.5,168.0,no_watering
Pepper,vegetative,12.6,33,clay,44.1,149.8,22.0,39.0,46.4,16.6,3.6,168.0,no_watering
Tomato,seedling,19.6,19,loam,86.1,16.4,21.8,26.6,27.0,20.9,8.1,168.0,no_watering
Tomato,seedling,23.4,53,sandy,83.8,9.6,30.6,57.4,24.4,10.3,9.8,32.0,water_later
Tomato,vegetative,22.4,23,loam,56.5,16.7,28.6,39.6,65.2,24.0,10.0,14.0,water_later
Tomato,flowering,8.2,59,sandy,39.0,12.8,26.1,71.4,32.2,3.6,10.6,6.0,water_now
Tomato,seedling,16.7,139,clay,74.5,49.8,15.8,79.5,64.0,2.2,8.7,160.0,no_watering
Potato,fruiting,29.4,98,sandy,44.9,14.3,27.6,69.1,41.3,22.3,9.5,8.0,water_now
Potato,vegetative,24.5,63,loam,82.9,42.8,22.7,84.0,48.6,17.6,2.3,168.0,no_watering
Tomato,fruiting,20.9,21,loam,70.6,16.3,32.1,39.9,11.2,17.9,4.3,86.0,no_watering
Tomato,fruiting,21.2,118,sandy,60.2,15.3,27.6,93.0,49.4,20.2,11.0,9.0,water_now
Potato,fruiting,18.7,111,sandy,62.5,73.1,20.2,85.5,42.9,16.5,2.4,36.0,water_later
Potato,flowering,16.8,127,loam,58.5,20.8,20.8,74.7,80.1,17.8,7.3,14.0,water_later
Pepper,seedling,15.2,138,clay,81.8,32.4,27.0,86.1,23.0,15.8,8.9,168.0,no_watering
Pepper,flowering,13.5,86,clay,42.5,20.9,29.7,82.3,17.5,14.5,11.9,8.0,water_now
Potato,fruiting,16.3,48,sandy,64.5,17.8,17.5,33.9,23.9,16.5,4.8,30.0,water_later
Tomato,vegetative,10.7,2,clay,96.2,3.5,24.5,29.9,48.2,18.0,7.3,168.0,no_watering
Pepper,vegetative,7.4,4,sandy,52.6,29.2,26.1,48.0,33.2,22.9,2.6,168.0,no_watering
Pepper,flowering,12.9,116,clay,96.8,1.0,31.0,57.4,51.0,13.4,10.8,32.0,water_later
Tomato,vegetative,21.8,34,loam,76.8,26.4,22.7,34.3,51.4,4.1,2.1,168.0,no_watering
Pepper,vegetative,14.8,119,sandy,61.9,34.2,25.9,52.8,40.4,15.1,5.1,36.0,water_later
Tomato,seedling,14.4,40,loam,71.9,77.1,26.4,87.1,53.1,21.6,7.6,168.0,no_watering
Pepper,vegetative,11.2,11,sandy,61.5,13.5,20.7,26.2,74.5,12.7,8.7,15.0,water_later
Pepper,flowering,11.5,39,loam,35.6,34.8,25.0,81.4,67.4,13.3,5.3,168.0,no_watering
Pepper,fruiting,10.8,10,loam,43.1,42.0,20.3,87.5,18.4,22.9,9.4,11.0,water_now
Potato,seedling,30.5,135,loam,59.5,168.0,12.4,27.5,57.3,1.0,5.3,86.0,no_watering
Potato,fruiting,13.3,66,clay,67.0,50.0,16.7,82.2,13.5,1.8,5.2,76.0,no_watering
Potato,fruiting,29.9,106,loam,87.8,5.5,28.7,83.2,87.9,15.0,11.3,18.0,water_later
Pepper,flowering,10.7,75,loam,62.5,24.1,22.4,69.4,55.4,10.9,6.1,15.0,water_later
Tomato,vegetative,20.7,49,clay,91.9,20.8,24.8,82.4,77.6,4.9,2.3,168.0,no_watering
Tomato,fruiting,15.2,64,loam,73.7,7.6,23.6,52.3,49.9,20.8,9.6,13.0,water_later
Tomato,seedling,23.5,131,clay,42.1,75.4,33.8,61.9,39.9,22.8,7.9,168.0,no_watering
Potato,fruiting,20.3,33,sandy,79.0,7.7,14.1,54.0,73.9,6.9,9.5,34.0,water_later
Tomato,fruiting,9.3,63,sandy,58.9,8.0,18.6,37.6,6.7,0.4,10.5,8.0,water_now
Pepper,flowering,5.1,89,sandy,45.2,21.7,30.7,92.8,57.9,11.6,10.0,6.0,water_now
Potato,vegetative,22.4,125,sandy,89.8,4.1,14.6,80.6,72.1,8.3,10.4,34.0,water_later
Pepper,flowering,8.1,113,loam,77.7,16.2,20.2,58.9,76.0,18.5,3.2,168.0,no_watering
Tomato,fruiting,9.2,63,sandy,37.6,29.9,29.2,49.6,48.0,16.2,4.1,12.0,water_now
Tomato,fruiting,9.7,45,clay,84.7,3.1,33.3,27.6,30.5,20.6,11.4,19.0,water_later
Potato,seedling,22.0,39,sandy,93.2,11.1,15.0,25.7,71.7,11.0,3.4,168.0,no_watering
Pepper,flowering,7.7,90,loam,41.2,29.5,31.0,66.1,19.9,16.2,5.4,10.0,water_now
Tomato,seedling,13.2,3,sandy,48.7,57.8,28.9,58.6,33.2,8.1,3.7,168.0,no_watering
Pepper,fruiting,15.7,102,clay,36.3,29.0,20.5,55.2,73.2,2.4,9.5,9.0,water_now
Tomato,fruiting,21.9,141,sandy,95.2,1.0,28.8,87.1,69.5,6.5,8.5,11.0,water_now
Potato,vegetative,23.1,90,sandy,88.4,9.4,28.2,91.9,47.3,8.0,9.5,13.0,water_later
Pepper,fruiting,11.6,76,sandy,77.3,4.8,22.9,67.8,30.5,22.4,9.4,13.0,water_later
Pepper,flowering,9.7,133,clay,36.2,24.3,26.9,92.4,70.6,7.9,11.1,7.0,water_now
Tomato,flowering,11.0,124,clay,66.9,33.7,19.4,69.0,77.5,18.8,6.7,168.0,no_watering
Pepper,fruiting,9.5,80,sandy,47.2,36.3,20.2,85.4,57.1,0.9,6.4,9.0,water_now
Tomato,vegetative,14.9,31,loam,38.5,124.3,16.8,25.3,89.2,12.0,4.7,14.0,water_later
Potato,vegetative,23.8,144,loam,48.3,100.0,19.5,58.5,81.8,11.9,4.9,36.0,water_later
Pepper,seedling,16.0,109,clay,71.1,52.9,31.7,89.8,35.1,2.1,6.4,129.0,no_watering
Potato,seedling,29.0,11,clay,85.0,63.5,22.4,38.3,22.2,2.3,5.1,168.0,no_watering
Pepper,vegetative,10.6,79,clay,36.6,93.3,16.8,34.6,21.8,4.4,2.7,37.0,water_later
Pepper,fruiting,7.2,66,clay,87.9,3.7,21.9,57.5,72.3,18.4,11.7,36.0,water_later
Tomato,seedling,14.8,142,loam,68.6,23.9,30.6,43.4,53.4,8.5,9.9,42.0,water_later
Potato,seedling,11.6,142,sandy,67.2,53.1,12.0,54.9,20.2,11.2,3.7,168.0,no_watering
Tomato,seedling,12.5,26,clay,51.3,154.9,16.6,71.2,21.1,20.1,3.6,168.0,no_watering
Pepper,seedling,9.8,139,loam,87.4,22.1,21.6,56.5,37.6,21.1,7.8,128.0,no_watering
Pepper,fruiting,7.5,68,sandy,79.7,6.6,20.5,72.2,51.5,16.3,6.8,13.0,water_later
Tomato,fruiting,15.8,114,sandy,65.6,27.2,24.1,90.1,22.8,14.0,2.1,38.0,water_later
Pepper,flowering,15.0,99,clay,56.7,38.9,32.3,30.7,75.6,7.8,8.7,13.0,water_later
Potato,vegetative,22.1,36,loam,88.5,7.1,18.1,37.1,47.9,20.4,10.9,58.0,no_watering
Potato,vegetative,20.3,143,loam,60.5,37.8,17.9,69.9,17.4,14.0,6.6,32.0,water_later
Potato,flowering,21.1,102,clay,41.6,31.4,20.2,31.5,17.3,5.0,8.6,11.0,water_now
Tomato,vegetative,18.3,61,clay,49.9,84.1,15.8,64.0,82.1,18.1,5.5,168.0,no_watering
Pepper,flowering,11.6,109,loam,72.1,15.3,23.5,68.9,36.7,18.5,9.6,17.0,water_later
Tomato,fruiting,11.5,16,sandy,91.1,9.0,19.8,42.8,10.3,5.5,3.7,61.0,no_watering
Tomato,seedling,21.2,98,sandy,63.1,42.0,15.6,65.8,39.7,2.3,8.7,33.0,water_later
Pepper,seedling,6.6,31,clay,97.6,4.1,23.5,55.3,19.9,22.4,8.6,168.0,no_watering
Tomato,vegetative,14.6,73,sandy,88.7,10.3,15.1,67.1,60.6,12.7,4.3,168.0,no_watering
Tomato,flowering,23.5,47,loam,45.0,22.9,28.6,43.8,74.0,0.8,6.2,12.0,water_now
Tomato,flowering,22.5,135,clay,43.1,28.6,28.3,45.2,55.1,24.2,7.0,12.0,water_now
Potato,flowering,25.1,135,clay,36.4,30.2,28.7,59.4,87.1,5.8,11.1,7.0,water_now
Tomato,fruiting,9.8,51,sandy,59.0,17.2,23.8,86.2,78.7,20.2,3.3,15.0,water_later
Potato,fruiting,25.7,67,sandy,67.2,9.9,19.3,86.3,16.0,24.3,11.3,10.0,water_now
Pepper,seedling,9.8,28,sandy,99.0,0.9,31.4,83.3,0.1,16.2,6.5,85.0,no_watering
Tomato,vegetative,15.4,43,loam,63.5,39.4,19.3,67.6,36.3,14.2,6.3,61.0,no_watering
Tomato,seedling,8.5,89,sandy,77.0,13.5,33.3,89.2,35.8,1.1,8.2,17.0,water_later
Pepper,vegetative,13.9,1,sandy,98.2,0.8,34.1,92.6,22.9,11.0,11.2,30.0,water_later
Tomato,seedling,14.4,10,clay,62.1,62.9,23.1,60.0,12.8,23.6,8.3,168.0,no_watering
Pepper,fruiting,15.7,69,sandy,82.2,4.3,29.2,86.4,68.6,7.7,6.2,14.0,water_later
Potato,seedling,18.1,116,loam,98.5,3.9,15.1,47.1,24.6,2.2,6.6,154.0,no_watering
Potato,fruiting,14.4,108,sandy,80.1,18.5,17.2,36.9,64.3,12.9,7.4,17.0,water_later
Potato,vegetative,25.8,78,clay,47.7,69.9,20.4,93.8,27.3,18.2,3.7,86.0,no_watering
Pepper,flowering,8.6,122,sandy,56.7,17.9,33.8,84.9,89.9,6.8,3.5,14.0,water_later
Tomato,seedling,19.7,74,clay,49.1,70.7,30.2,59.5,7.8,10.3,7.0,38.0,water_later
Pepper,seedling,8.1,97,sandy,74.2,29.1,21.9,75.0,7.2,1.4,6.5,39.0,water_later
Pepper,vegetative,12.7,39,loam,83.3,7.0,33.7,90.6,53.7,8.3,11.4,17.0,water_later
Potato,fruiting,12.9,74,clay,64.0,43.0,17.9,40.7,2.8,4.6,2.8,108.0,no_watering
Potato,flowering,13.2,72,loam,42.6,36.0,12.7,64.6,82.7,21.3,8.7,168.0,no_watering
Potato,seedling,31.3,68,sandy,59.7,150.5,23.6,58.7,25.2,15.1,2.8,109.0,no_watering
Pepper,fruiting,5.5,89,loam,36.0,25.0,27.5,30.2,48.0,21.1,6.4,12.0,water_now
Pepper,fruiting,14.2,90,sandy,71.7,7.8,32.2,78.7,61.8,17.9,7.2,10.0,water_now
Tomato,fruiting,22.0,140,clay,45.8,62.9,21.9,73.8,57.0,8.2,5.5,15.0,water_later
Tomato,vegetative,17.3,123,loam,44.0,30.4,31.3,34.9,5.5,19.1,10.6,8.0,water_now
Potato,fruiting,12.6,122,loam,38.7,53.6,17.6,29.7,36.3,10.2,3.6,38.0,water_later
Tomato,flowering,11.6,76,clay,69.2,26.9,26.8,39.6,64.7,21.9,11.9,14.0,water_later
Tomato,fruiting,11.2,105,clay,58.0,24.7,25.0,54.8,80.7,3.4,4.7,62.0,no_watering
Potato,seedling,16.1,53,clay,50.4,67.0,23.8,63.0,79.8,20.9,10.9,168.0,no_watering
Potato,seedling,20.8,112,sandy,55.8,38.0,12.3,38.8,13.5,22.2,10.6,13.0,water_later
Potato,vegetative,20.9,25,sandy,96.1,2.9,15.0,94.6,73.4,4.3,10.4,40.0,water_later
Potato,fruiting,29.2,39,loam,89.0,4.8,21.5,78.5,39.1,17.6,10.3,35.0,water_later
Tomato,vegetative,9.6,45,sandy,79.0,9.4,19.5,74.0,81.4,17.3,7.7,64.0,no_watering
Tomato,fruiting,21.2,36,sandy,42.6,13.7,21.4,70.5,88.6,16.9,9.1,8.0,water_now
Tomato,flowering,23.5,122,sandy,86.5,4.8,31.8,68.4,28.7,3.3,4.4,15.0,water_later
Tomato,vegetative,22.4,42,sandy,64.8,35.4,22.9,69.4,62.8,3.4,5.4,36.0,water_later
Tomato,fruiting,16.3,128,loam,52.4,20.4,21.2,91.8,63.4,13.7,7.2,12.0,water_now
Tomato,vegetative,11.3,99,clay,92.2,5.8,15.3,59.9,83.7,13.8,10.1,168.0,no_watering
Tomato,flowering,20.3,91,clay,57.3,26.9,32.6,91.6,63.9,0.5,7.4,16.0,water_later
Pepper,vegetative,10.7,6,clay,36.9,159.4,28.8,47.2,65.3,23.1,2.0,168.0,no_watering
Pepper,vegetative,8.5,128,clay,79.3,27.2,34.0,78.9,80.7,10.8,7.5,168.0,no_watering
Tomato,seedling,14.7,42,clay,88.2,20.0,21.3,75.0,82.2,6.4,8.6,168.0,no_watering
Pepper,fruiting,14.5,12,sandy,52.0,17.5,27.6,52.3,70.4,10.6,2.8,168.0,no_watering
Potato,fruiting,22.4,29,clay,96.7,2.4,15.8,35.7,5.3,4.7,7.6,132.0,no_watering
Potato,fruiting,11.1,140,loam,77.6,8.9,28.7,35.6,67.9,17.3,6.4,38.0,water_later
Pepper,seedling,9.8,6,clay,52.5,120.9,17.0,94.5,46.2,0.2,4.5,168.0,no_watering
Potato,fruiting,14.0,79,clay,85.9,18.8,20.2,67.7,52.9,2.9,2.2,168.0,no_watering
Pepper,vegetative,13.2,35,sandy,56.0,14.4,19.7,60.1,60.4,1.1,10.9,10.0,water_now
Potato,vegetative,11.3,22,loam,86.2,5.6,25.2,71.7,37.1,24.1,11.7,34.0,water_later
Potato,vegetative,12.7,135,sandy,68.6,15.8,24.5,45.7,50.6,8.7,10.4,9.0,water_now
Tomato,flowering,22.3,100,clay,53.6,20.0,30.6,77.7,3.0,16.1,8.6,13.0,water_later
Tomato,fruiting,21.6,30,sandy,56.4,13.8,18.0,83.7,62.8,3.5,9.4,11.0,water_now
Potato,seedling,31.6,15,sandy,92.3,5.9,23.7,42.5,85.4,10.3,8.4,87.0,no_watering
Potato,fruiting,13.5,138,clay,88.8,16.5,13.6,83.5,3.5,21.4,3.0,168.0,no_watering
Pepper,seedling,15.4,145,loam,83.3,32.8,15.2,73.5,10.7,3.2,6.7,129.0,no_watering
Potato,flowering,26.5,78,clay,70.1,17.2,28.0,26.6,42.3,13.5,5.5,82.0,no_watering
Pepper,vegetative,9.0,80,sandy,55.9,26.9,23.0,27.7,26.1,1.7,4.1,13.0,water_later
Pepper,fruiting,14.0,84,clay,62.4,15.8,20.5,90.7,82.1,6.7,11.9,14.0,water_later
Potato,flowering,27.8,8,sandy,66.5,11.4,19.6,65.2,55.0,7.4,8.0,32.0,water_later
Potato,fruiting,21.5,7,loam,54.4,50.8,25.6,94.3,8.1,22.7,2.0,168.0,no_watering
Potato,seedling,16.0,34,sandy,47.0,28.4,27.4,56.2,59.8,22.3,11.1,11.0,water_now
Potato,vegetative,10.4,3,clay,40.1,28.3,23.1,42.4,87.5,13.6,11.6,168.0,no_watering
Tomato,flowering,18.8,27,loam,71.4,59.5,17.5,57.6,13.5,5.5,2.1,158.0,no_watering
Tomato,vegetative,14.3,29,sandy,90.2,3.7,21.8,55.0,40.3,8.6,8.9,36.0,water_later
Tomato,fruiting,14.7,2,sandy,53.8,21.0,22.7,52.4,37.5,11.9,2.6,38.0,water_later
Tomato,flowering,8.3,129,clay,44.6,89.3,33.2,89.8,36.2,3.5,2.9,37.0,water_later
Pepper,flowering,11.9,128,sandy,66.2,11.8,34.6,86.1,73.8,18.4,3.1,62.0,no_watering
Pepper,fruiting,11.9,20,clay,83.8,6.6,25.9,56.8,6.6,9.3,11.3,36.0,water_later
Tomato,vegetative,14.0,118,sandy,70.4,19.6,26.5,61.6,4.2,10.1,3.5,35.0,water_later
Potato,flowering,14.6,39,loam,90.1,6.7,20.1,68.7,25.2,16.3,8.0,39.0,water_later
Potato,vegetative,28.6,143,loam,99.3,0.6,15.4,51.1,47.0,19.0,8.1,135.0,no_watering
Pepper,vegetative,14.1,128,sandy,38.9,17.7,33.9,27.0,13.9,3.2,9.0,7.0,water_now
Tomato,seedling,12.7,126,sandy,87.7,9.7,30.8,80.5,89.8,14.9,8.7,37.0,water_later
Tomato,vegetative,16.9,60,clay,40.6,78.1,32.1,72.6,32.8,19.2,2.8,168.0,no_watering
Potato,seedling,17.1,106,clay,41.1,168.0,12.5,80.4,86.9,10.0,9.3,168.0,no_watering
Pepper,seedling,13.0,61,sandy,64.6,64.5,26.9,62.5,33.0,2.8,2.7,108.0,no_watering
Tomato,flowering,22.7,43,sandy,36.4,42.7,20.5,56.2,89.0,15.3,2.1,168.0,no_watering
Tomato,seedling,11.7,27,sandy,48.3,84.6,23.2,70.8,33.9,24.5,2.9,168.0,no_watering
Tomato,flowering,13.8,77,sandy,98.1,0.4,24.5,30.5,47.9,5.1,11.9,10.0,water_now
Potato,seedling,27.9,132,clay,52.2,107.4,24.1,52.1,39.3,15.1,7.2,58.0,no_watering
Potato,flowering,20.9,28,loam,91.5,15.2,13.4,92.5,52.2,4.4,6.7,108.0,no_watering
Potato,flowering,29.7,30,sandy,77.3,7.2,24.1,44.3,9.4,14.6,11.1,12.0,water_now
Tomato,seedling,22.6,32,clay,77.3,71.8,20.4,39.5,79.0,4.6,10.4,168.0,no_watering
Tomato,vegetative,11.7,131,sandy,63.2,33.7,20.4,82.1,77.1,0.7,2.1,59.0,no_watering
Pepper,vegetative,15.0,97,loam,51.5,60.2,21.0,74.7,79.7,1.4,9.3,12.0,water_now
Tomato,fruiting,23.0,87,loam,53.2,14.2,29.3,42.1,79.3,12.1,6.8,12.0,water_now
Pepper,flowering,6.1,46,sandy,82.6,7.5,21.7,66.0,81.5,15.4,7.7,32.0,water_later
Pepper,vegetative,16.0,63,clay,82.7,33.0,23.2,90.5,63.7,4.2,5.9,133.0,no_watering
Potato,seedling,10.7,56,loam,46.9,111.4,17.4,31.6,85.5,17.8,3.1,168.0,no_watering
Pepper,seedling,8.0,30,clay,58.2,86.7,15.6,44.0,0.4,4.9,4.7,168.0,no_watering
Pepper,vegetative,13.7,49,loam,89.4,6.6,20.7,77.8,86.6,20.0,7.9,168.0,no_watering
Pepper,fruiting,6.4,8,loam,88.2,5.8,21.2,40.8,21.0,0.9,3.9,131.0,no_watering
Potato,flowering,12.1,17,clay,71.0,17.8,12.4,61.1,22.7,2.7,10.9,64.0,no_watering
Potato,fruiting,21.4,28,loam,80.7,21.1,26.1,58.2,60.6,24.9,4.0,168.0,no_watering
Tomato,vegetative,19.9,81,clay,42.9,29.5,23.7,41.7,72.6,24.9,11.9,37.0,water_later
Pepper,seedling,5.4,63,sandy,91.0,5.9,32.2,75.6,71.8,7.0,7.2,168.0,no_watering
Potato,flowering,16.5,122,clay,78.7,21.2,20.7,73.0,10.9,19.5,3.9,134.0,no_watering
Potato,flowering,28.9,63,loam,67.7,75.9,14.2,59.7,7.2,7.3,3.1,84.0,no_watering
Pepper,seedling,5.0,2,sandy,65.1,24.5,31.1,39.7,16.0,20.9,2.8,168.0,no_watering
Potato,vegetative,22.9,95,sandy,70.3,20.6,23.1,83.8,72.1,7.3,11.6,11.0,water_now
Potato,vegetative,31.4,143,loam,66.0,21.6,19.8,39.6,64.5,22.7,10.4,17.0,water_later
Pepper,vegetative,11.7,144,clay,38.2,89.9,18.5,79.3,37.8,4.3,7.7,16.0,water_later
Pepper,fruiting,15.6,86,sandy,73.0,8.0,19.4,35.3,10.4,22.2,9.1,10.0,water_now
Potato,vegetative,26.8,57,clay,82.2,31.1,14.0,28.8,73.8,13.1,7.0,168.0,no_watering
Potato,flowering,22.6,40,sandy,91.8,5.4,13.0,69.4,3.7,21.7,10.7,16.0,water_later
Potato,flowering,25.1,125,loam,77.9,64.9,17.5,92.1,30.1,13.0,2.6,168.0,no_watering
Potato,vegetative,21.7,84,clay,50.2,25.3,25.0,34.8,27.4,22.6,10.3,12.0,water_now
Pepper,flowering,11.7,143,sandy,70.5,9.5,18.3,43.4,36.8,10.1,7.5,12.0,water_now
Tomato,fruiting,14.6,70,sandy,53.3,28.7,18.3,26.7,2.1,15.8,2.1,14.0,water_later
Tomato,vegetative,17.7,30,loam,65.3,23.3,16.3,64.3,10.6,12.9,8.6,38.0,water_later
Potato,vegetative,21.5,81,sandy,82.8,21.1,15.5,62.3,55.6,7.4,5.8,38.0,water_later
Tomato,flowering,13.3,131,sandy,45.2,14.5,24.4,66.5,2.7,10.5,9.4,8.0,water_now
Potato,vegetative,21.9,21,clay,36.1,57.0,22.8,73.8,39.7,8.3,8.7,16.0,water_later
Pepper,seedling,11.7,85,clay,64.7,81.9,33.6,76.8,65.1,7.2,6.1,168.0,no_watering
Tomato,fruiting,16.7,78,loam,36.8,35.5,26.1,30.6,43.8,0.0,7.4,8.0,water_now
Tomato,seedling,11.3,68,sandy,74.1,40.8,20.5,59.7,12.2,11.5,2.9,168.0,no_watering
Pepper,fruiting,7.9,50,clay,56.7,41.2,23.2,59.3,38.7,24.6,2.1,168.0,no_watering
Tomato,seedling,22.1,145,clay,80.1,38.2,22.9,50.0,32.9,18.5,11.8,83.0,no_watering
Potato,seedling,19.9,54,clay,39.3,105.5,13.7,73.3,3.9,12.9,10.0,23.0,water_later
Potato,seedling,10.2,24,clay,39.6,78.4,15.1,34.5,88.8,14.0,10.7,168.0,no_watering
Tomato,seedling,16.2,10,clay,90.7,39.3,17.9,89.0,26.5,4.5,2.8,168.0,no_watering
Pepper,vegetative,6.8,31,clay,95.7,4.0,26.1,81.5,12.5,0.0,4.7,168.0,no_watering
Potato,flowering,12.8,89,clay,55.3,35.7,17.5,42.8,31.2,15.5,6.5,33.0,water_later
Pepper,flowering,13.6,146,loam,63.8,20.7,21.7,31.3,41.0,2.0,10.6,11.0,water_now
Pepper,fruiting,6.2,107,clay,57.8,18.7,31.8,33.0,21.3,11.8,11.3,9.0,water_now
Pepper,vegetative,15.8,125,sandy,79.8,6.1,23.4,39.6,10.1,16.2,11.7,10.0,water_now
Pepper,seedling,9.4,126,loam,43.7,105.3,24.2,89.7,39.5,5.9,7.0,17.0,water_later
Pepper,flowering,14.6,29,loam,68.6,25.4,20.3,62.8,58.6,12.8,5.1,168.0,no_watering
Potato,fruiting,31.9,81,loam,95.2,3.2,16.6,29.3,17.6,13.4,11.2,19.0,water_later
Pepper,seedling,6.0,43,clay,85.4,19.3,22.8,48.5,79.7,15.7,9.4,168.0,no_watering
Tomato,flowering,15.6,114,sandy,97.6,0.8,27.1,54.0,6.1,14.9,5.5,20.0,water_later
Potato,vegetative,19.9,45,loam,38.5,39.1,24.4,34.7,7.7,6.2,6.4,11.0,water_now
Pepper,flowering,6.7,102,sandy,84.3,11.9,24.8,44.3,88.9,6.1,2.2,59.0,no_watering
Pepper,fruiting,7.1,121,loam,61.9,10.2,23.8,77.1,64.6,3.9,11.2,10.0,water_now
Tomato,flowering,10.1,4,clay,92.8,8.5,15.8,41.4,31.6,24.1,2.6,168.0,no_watering
Potato,seedling,29.7,92,loam,83.3,47.1,13.7,63.0,57.2,7.5,6.6,168.0,no_watering
Tomato,vegetative,13.4,98,loam,42.1,113.8,22.3,27.5,77.0,2.9,3.4,14.0,water_later
Pepper,seedling,10.8,135,sandy,70.8,28.9,31.0,53.1,76.9,8.3,4.2,168.0,no_watering
Tomato,seedling,8.5,119,sandy,55.5,53.0,15.7,26.2,76.8,20.6,10.9,12.0,water_now
Potato,fruiting,25.2,82,sandy,71.2,23.5,16.5,45.1,5.1,11.8,2.0,61.0,no_watering
Potato,vegetative,23.4,94,loam,69.6,28.3,13.1,63.7,32.4,22.5,6.5,83.0,no_watering
Potato,seedling,18.0,62,sandy,42.9,93.9,12.2,67.8,75.2,15.0,5.2,18.0,water_later
Pepper,fruiting,13.7,87,sandy,58.5,11.5,34.6,46.5,14.1,9.5,2.9,12.0,water_now
Tomato,seedling,21.0,132,loam,85.5,17.4,30.0,84.2,81.7,23.2,6.6,168.0,no_watering
Pepper,fruiting,9.4,78,sandy,40.4,14.9,18.7,45.6,62.8,14.6,10.4,6.0,water_now
Potato,fruiting,22.8,46,clay,70.6,24.4,26.7,52.0,80.7,21.4,4.2,168.0,no_watering
Pepper,flowering,5.8,88,clay,99.2,0.6,21.0,92.6,80.0,16.4,5.3,168.0,no_watering
Pepper,vegetative,5.2,85,sandy,88.5,8.3,15.3,48.8,9.1,16.6,3.1,59.0,no_watering
Potato,fruiting,24.0,146,loam,78.8,15.7,27.8,51.1,20.8,16.2,10.8,13.0,water_later
Tomato,vegetative,10.8,7,clay,99.2,0.6,28.1,29.7,68.3,19.6,9.2,168.0,no_watering
Tomato,seedling,16.4,64,sandy,43.0,34.5,22.7,28.7,47.3,1.6,11.5,9.0,water_now
Potato,vegetative,28.4,117,sandy,87.8,6.9,14.6,87.5,11.0,14.3,9.5,16.0,water_later
Potato,flowering,19.4,12,sandy,77.9,15.2,12.7,71.7,26.7,0.3,7.4,38.0,water_later
Potato,fruiting,15.4,31,loam,87.5,6.0,27.7,81.3,67.7,10.8,7.3,155.0,no_watering
Pepper,vegetative,16.0,71,clay,86.3,11.3,15.3,44.1,28.4,9.1,10.3,57.0,no_watering
Potato,flowering,26.1,17,loam,77.0,21.4,18.1,93.9,69.6,24.2,10.3,66.0,no_watering
Potato,fruiting,23.0,74,sandy,75.2,8.3,15.1,73.6,20.1,19.8,11.0,14.0,water_later
Pepper,flowering,9.5,32,sandy,58.8,16.3,32.0,74.8,81.8,12.2,7.8,13.0,water_later
Potato,seedling,19.5,75,clay,91.3,44.1,23.3,57.1,17.5,23.3,5.2,168.0,no_watering
Pepper,fruiting,11.0,75,loam,84.1,7.9,19.2,87.8,86.5,6.7,9.5,17.0,water_later
Tomato,seedling,17.1,9,clay,39.4,117.0,20.4,72.5,74.1,19.7,7.7,168.0,no_watering
Potato,fruiting,31.2,126,clay,59.8,99.5,12.5,84.9,63.8,7.8,4.5,168.0,no_watering
Potato,seedling,15.9,108,clay,53.8,62.6,17.6,77.9,68.4,13.5,11.7,168.0,no_watering
Potato,seedling,31.8,25,sandy,62.0,84.0,27.9,32.6,79.8,10.7,3.8,168.0,no_watering
Potato,seedling,18.8,1,loam,73.7,39.7,21.6,46.5,23.1,21.4,6.8,168.0,no_watering
Tomato,vegetative,23.8,5,sandy,56.9,28.6,18.8,44.8,43.6,8.4,4.3,65.0,no_watering
Potato,fruiting,20.2,101,loam,38.8,57.3,14.5,61.3,7.8,23.7,6.1,33.0,water_later
Potato,seedling,24.9,61,clay,56.2,72.5,16.2,64.8,28.0,19.3,9.6,62.0,no_watering
Potato,vegetative,20.0,28,clay,70.7,19.5,25.5,91.9,65.7,21.9,8.6,168.0,no_watering
Pepper,vegetative,6.4,16,clay,90.8,15.2,17.5,93.3,51.7,2.4,5.0,168.0,no_watering
Potato,flowering,27.4,17,sandy,81.8,7.6,23.8,75.3,81.7,6.2,6.7,61.0,no_watering
Pepper,fruiting,6.9,116,loam,95.1,3.7,30.6,71.0,70.9,24.3,5.8,88.0,no_watering
Pepper,fruiting,15.4,101,clay,46.5,13.1,32.5,75.8,21.8,4.4,11.1,8.0,water_now
Pepper,seedling,5.1,132,loam,98.8,1.2,23.4,64.8,61.8,23.9,7.1,168.0,no_watering
Pepper,vegetative,5.2,122,sandy,57.3,21.7,32.7,75.9,70.0,22.4,2.3,168.0,no_watering
Pepper,seedling,9.7,111,clay,82.8,43.3,22.7,84.0,46.6,9.4,4.4,168.0,no_watering
Tomato,vegetative,11.2,31,sandy,55.4,18.3,20.8,52.9,39.9,12.0,7.9,13.0,water_later
Tomato,fruiting,22.1,122,clay,40.4,27.6,29.0,80.3,75.6,23.8,9.1,13.0,water_later
Tomato,vegetative,8.7,90,loam,63.0,27.3,22.3,26.0,16.8,1.9,4.5,37.0,water_later
Potato,flowering,20.7,5,clay,67.4,22.4,21.0,61.9,26.7,19.2,9.1,87.0,no_watering
Tomato,flowering,23.9,8,clay,55.9,45.1,16.7,44.5,37.5,17.3,8.1,82.0,no_watering
Pepper,flowering,6.3,117,clay,37.6,94.1,15.4,88.8,69.7,13.5,5.1,13.0,water_later
Potato,seedling,28.8,70,sandy,63.5,63.5,23.3,93.7,69.8,0.3,4.7,58.0,no_watering
Potato,vegetative,14.7,137,clay,37.4,83.4,17.9,87.0,80.1,21.9,4.5,168.0,no_watering
Potato,flowering,23.5,61,loam,46.4,55.7,21.4,40.3,1.8,23.9,5.1,14.0,water_later
Tomato,fruiting,23.1,139,sandy,78.6,5.7,18.1,55.0,79.2,11.7,8.5,11.0,water_now
Tomato,vegetative,21.5,63,loam,91.0,11.3,19.6,33.3,35.6,11.7,2.1,168.0,no_watering
Tomato,seedling,22.3,130,clay,95.8,5.2,29.7,27.1,40.4,11.2,7.4,168.0,no_watering
Potato,vegetative,20.2,139,clay,81.2,22.4,18.2,35.0,85.0,19.7,4.3,168.0,no_watering
Tomato,seedling,16.3,77,sandy,96.1,6.9,32.7,34.5,88.2,1.8,4.3,79.0,no_watering
Pepper,seedling,14.2,135,clay,84.4,23.5,18.2,79.1,4.5,19.0,11.3,89.0,no_watering
Pepper,fruiting,14.1,27,sandy,66.7,9.6,26.2,76.7,56.0,6.2,5.5,35.0,water_later
Pepper,vegetative,11.2,87,loam,37.3,88.1,16.5,34.0,0.9,15.0,6.2,10.0,water_now
Tomato,flowering,9.8,23,loam,43.9,28.4,28.0,66.5,73.4,5.0,4.7,14.0,water_later
Potato,flowering,23.4,127,sandy,94.7,3.6,16.8,29.5,34.8,1.4,6.7,23.0,water_later
Potato,fruiting,27.8,7,clay,70.7,21.3,27.3,94.7,13.5,9.5,6.1,134.0,no_watering
Pepper,vegetative,13.4,41,loam,73.1,22.1,28.6,52.8,12.8,13.3,5.8,40.0,water_later
Pepper,seedling,14.3,69,clay,36.7,168.0,22.0,88.4,63.7,10.6,3.3,168.0,no_watering
Pepper,fruiting,7.0,64,sandy,87.7,1.9,31.0,53.8,27.5,10.1,8.6,10.0,water_now
Pepper,vegetative,8.2,87,loam,82.3,28.9,20.9,26.5,41.3,6.7,3.2,168.0,no_watering
Pepper,seedling,11.4,24,sandy,70.4,47.1,16.0,82.8,8.9,2.3,10.7,40.0,water_later
Tomato,flowering,18.5,144,sandy,48.1,37.1,30.4,28.0,62.4,4.8,5.9,11.0,water_now
Tomato,fruiting,21.3,57,sandy,95.2,1.5,22.9,34.5,68.8,23.4,9.0,18.0,water_later
Tomato,vegetative,18.7,22,clay,38.2,90.8,20.3,70.4,9.6,2.9,3.2,58.0,no_watering
Potato,flowering,12.3,126,clay,100.0,0.0,16.5,65.3,63.7,23.8,6.5,168.0,no_watering
Tomato,seedling,20.2,25,clay,42.3,125.3,31.0,72.0,84.9,10.3,8.7,168.0,no_watering
Tomato,fruiting,9.7,103,clay,55.4,19.9,25.9,46.7,3.6,13.6,6.4,15.0,water_later
Tomato,vegetative,10.6,97,sandy,67.2,23.0,20.4,26.8,43.5,13.0,5.5,38.0,water_later
Tomato,vegetative,8.9,46,clay,89.3,22.5,21.4,76.8,32.6,17.9,3.7,168.0,no_watering
Pepper,seedling,7.1,57,sandy,71.2,28.7,29.5,28.7,80.0,17.3,10.0,40.0,water_later
Tomato,vegetative,19.3,89,sandy,76.0,8.9,29.8,84.4,52.2,4.8,8.5,12.0,water_now
Potato,vegetative,29.4,80,sandy,76.5,8.2,17.9,46.8,49.8,6.7,10.0,11.0,water_now
Pepper,fruiting,8.0,30,clay,96.9,3.1,27.4,85.7,11.0,20.8,2.5,168.0,no_watering
Pepper,fruiting,7.8,84,clay,83.6,5.1,23.6,37.4,71.4,2.6,11.7,15.0,water_later
Potato,flowering,10.5,41,sandy,98.6,0.7,22.5,29.1,69.2,8.4,3.1,133.0,no_watering
Tomato,vegetative,10.3,11,sandy,57.2,61.8,17.9,51.0,66.2,19.9,2.2,168.0,no_watering
Potato,vegetative,24.8,34,loam,67.0,31.7,14.0,90.9,5.5,14.6,5.6,81.0,no_watering
Potato,vegetative,28.1,125,loam,74.3,26.0,20.4,67.7,35.9,5.7,9.3,34.0,water_later
Tomato,seedling,17.4,76,sandy,83.5,10.3,32.7,76.7,65.3,14.0,8.3,36.0,water_later
Tomato,seedling,12.2,69,clay,67.5,46.2,19.0,72.5,27.4,5.1,12.0,65.0,no_watering
Pepper,flowering,7.5,121,sandy,37.2,31.2,31.8,57.9,0.9,1.6,6.7,8.0,water_now
Tomato,vegetative,21.6,46,sandy,55.4,23.4,29.5,33.3,27.6,12.5,11.0,10.0,water_now
Tomato,vegetative,12.5,21,loam,71.0,37.6,31.7,63.6,34.0,17.9,2.8,168.0,no_watering
Tomato,flowering,20.7,19,sandy,88.1,4.3,19.7,32.5,27.1,23.6,7.1,105.0,no_watering
Potato,vegetative,24.6,146,clay,62.3,45.1,21.0,60.1,42.7,19.8,3.7,168.0,no_watering
Pepper,vegetative,12.9,82,loam,66.6,15.0,23.0,44.3,86.7,7.8,9.8,14.0,water_later
Pepper,fruiting,8.0,140,sandy,37.6,14.4,24.9,48.1,88.8,22.4,10.1,9.0,water_now
Potato,fruiting,30.8,55,clay,38.1,76.6,21.1,66.0,11.4,5.9,2.8,35.0,water_later
Potato,flowering,31.4,133,clay,43.8,93.4,13.7,40.1,43.1,18.5,7.4,14.0,water_later
Tomato,flowering,14.8,44,sandy,37.2,49.8,22.5,30.3,12.4,8.1,5.5,9.0,water_now
Potato,seedling,24.0,56,clay,87.7,42.3,17.4,83.8,8.4,23.5,11.4,139.0,no_watering
Potato,fruiting,22.4,14,clay,72.0,24.3,12.2,46.8,24.2,7.1,9.5,88.0,no_watering
Tomato,flowering,10.1,78,sandy,78.9,22.0,20.4,47.0,56.4,22.3,4.7,22.0,water_later
Tomato,fruiting,22.6,59,sandy,85.0,9.1,21.1,93.7,24.5,6.7,5.8,34.0,water_later
Tomato,seedling,9.6,19,loam,70.2,56.9,22.7,85.9,18.3,5.2,3.9,168.0,no_watering
Potato,fruiting,24.7,131,loam,61.5,20.2,18.4,50.9,53.9,14.0,8.2,33.0,water_later
Potato,seedling,20.4,148,sandy,37.4,97.5,16.2,89.3,36.1,24.5,4.7,12.0,water_now
Potato,flowering,27.2,35,sandy,91.9,3.9,17.0,45.6,15.1,3.8,5.0,40.0,water_later
Tomato,flowering,16.8,56,sandy,85.4,5.6,29.6,79.1,61.1,11.8,5.2,19.0,water_later
Pepper,vegetative,11.8,141,clay,47.7,42.2,27.0,79.3,15.6,7.5,10.4,12.0,water_now
Pepper,vegetative,16.0,95,clay,62.4,70.1,33.8,32.5,77.5,20.0,3.6,168.0,no_watering
